state,year,vote,margin,class,termshouse,termssenate,population,win
1.0,1914.0,36.097572,-7.688561,3.0,3.0,6.0,1233000,0.0
1.0,1916.0,45.468746,-3.9237082,1.0,0.0,4.0,1294000,0.0
1.0,1922.0,45.598213,-6.8686604,1.0,0.0,7.0,1431000,0.0
1.0,1926.0,48.476063,-27.668056,3.0,0.0,3.0,1531000,0.0
1.0,1928.0,51.74687,-8.2569685,1.0,0.0,1.0,1577000,0.0
1.0,1932.0,39.802643,0.7324815,3.0,4.0,1.0,1637000,1.0
1.0,1934.0,53.15107,3.4937382,1.0,1.0,1.0,1650000,1.0
1.0,1938.0,51.987637,-3.0905752,3.0,0.0,1.0,1684000,0.0
1.0,1944.0,51.678295,4.703456,3.0,0.0,1.0,1778000,1.0
1.0,1952.0,57.468903,-8.1198635,1.0,0.0,2.0,2081000,0.0
1.0,1956.0,51.25474,-11.794811,3.0,0.0,4.0,2316000,0.0
1.0,1958.0,64.64426,14.937806,1.0,2.0,1.0,2446000,1.0
1.0,1962.0,54.291164,2.5094838,3.0,2.0,1.0,2647000,1.0
1.0,1964.0,33.792454,29.306395,1.0,2.0,4.0,2798000,1.0
1.0,1968.0,63.674862,8.585564,3.0,2.0,4.0,2964000,1.0
1.0,1970.0,41.217743,-7.9507647,1.0,1.0,1.0,3032217,0.0
1.0,1974.0,56.34152,29.381487,3.0,2.0,7.0,3074047,1.0
1.0,1976.0,46.067585,-16.506035,1.0,1.0,4.0,3083335,0.0
1.0,1980.0,64.7634,13.428482,3.0,3.0,1.0,3107576,1.0
1.0,1982.0,49.76444,-4.3230863,1.0,1.0,7.0,3139013,0.0
1.0,1986.0,58.812016,29.915768,3.0,3.0,4.0,3223740,1.0
1.0,1988.0,67.04327,0.72604716,1.0,0.0,1.0,3271953,1.0
1.0,1992.0,65.14609,20.69308,3.0,3.0,7.0,3274997,1.0
1.0,1994.0,63.21411,36.03056,1.0,,,3268346,1.0
1.0,1998.0,65.3606,32.777927,3.0,,,3272563,1.0
1.0,2000.0,39.72964,29.042652,1.0,,,3405650,1.0
1.0,2004.0,55.158417,33.712173,3.0,,,3496094,1.0
1.0,2006.0,,-10.917887,1.0,,,3517460,0.0
1.0,2010.0,,11.941481,3.0,,,3574097,1.0
2.0,1916.0,42.495945,-6.8523526,1.0,0.0,1.0,775000,0.0
2.0,1918.0,39.57094,-11.135491,2.0,0.0,3.0,760000,0.0
2.0,1922.0,30.358973,-15.008113,1.0,0.0,4.0,778000,0.0
2.0,1928.0,49.709076,-39.282055,1.0,0.0,7.0,797000,0.0
2.0,1930.0,49.253906,-21.88948,2.0,7.0,1.0,800000,0.0
2.0,1934.0,41.27341,-0.43046474,1.0,0.0,10.0,829000,0.0
2.0,1936.0,33.33094,-1.4921904,2.0,7.0,4.0,840000,0.0
2.0,1940.0,36.453655,-17.334133,1.0,3.0,1.0,849000,0.0
2.0,1942.0,28.69979,-33.33812,2.0,7.0,7.0,839000,0.0
2.0,1946.0,37.258305,-27.092691,1.0,3.0,4.0,832000,0.0
2.0,1948.0,41.392105,-42.60042,2.0,5.0,1.0,878000,0.0
2.0,1952.0,60.781956,-25.483395,1.0,0.0,1.0,915000,0.0
2.0,1954.0,38.351185,-17.215788,2.0,5.0,4.0,927000,0.0
2.0,1958.0,66.61683,21.563911,1.0,0.0,1.0,944000,1.0
2.0,1960.0,41.053513,-23.297632,2.0,5.0,7.0,969000,0.0
2.0,1964.0,61.740875,33.233654,1.0,0.0,4.0,993000,1.0
2.0,1966.0,53.231586,-17.892977,2.0,5.0,10.0,999000,0.0
2.0,1970.0,60.203255,23.48175,1.0,0.0,7.0,993722,1.0
2.0,1972.0,33.9383,6.463173,2.0,4.0,1.0,1034292,1.0
2.0,1978.0,25.865877,-22.647476,2.0,3.0,1.0,1113566,0.0
2.0,1984.0,38.64026,-47.47645,2.0,3.0,4.0,1155635,0.0
2.0,1988.0,36.355286,62.595875,1.0,0.0,6.0,1203840,1.0
2.0,1990.0,43.875427,-22.700262,2.0,3.0,7.0,1231296,0.0
2.0,1994.0,31.058702,-23.880028,1.0,,,1237687,0.0
2.0,1996.0,41.56435,-5.306068,2.0,,,1241436,0.0
2.0,2000.0,20.586014,-37.8826,1.0,,,1274779,0.0
2.0,2002.0,38.583435,-16.871298,2.0,,,1295960,0.0
2.0,2006.0,,-53.423553,1.0,,,1323619,0.0
2.0,2008.0,,-22.747543,2.0,,,1330509,0.0
3.0,1916.0,46.747425,-6.371194,1.0,3.0,13.0,3726000,0.0
3.0,1918.0,48.60962,4.5928836,2.0,0.0,1.0,3695000,1.0
3.0,1924.0,54.01156,-1.6500294,2.0,16.0,1.0,4102000,0.0
3.0,1928.0,59.38833,8.163661,1.0,0.0,6.0,4217000,1.0
3.0,1930.0,41.020775,9.337995,2.0,0.0,1.0,4250000,1.0
3.0,1934.0,55.63559,22.012463,1.0,0.0,9.0,4305000,1.0
3.0,1936.0,46.606186,-7.508719,2.0,0.0,1.0,4355000,0.0
3.0,1940.0,39.721718,12.810659,1.0,0.0,12.0,4318000,1.0
3.0,1946.0,51.34601,-19.826927,1.0,0.0,5.0,4494000,0.0
3.0,1948.0,49.024887,-6.5218925,2.0,0.0,3.0,4674000,0.0
3.0,1952.0,73.195274,2.9967933,1.0,3.0,1.0,4650000,1.0
3.0,1954.0,43.457664,-1.516661,2.0,0.0,6.0,4910000,0.0
3.0,1960.0,38.739037,-12.731796,2.0,0.0,9.0,5149000,0.0
3.0,1964.0,62.143604,48.84214,1.0,0.0,3.0,5448000,1.0
3.0,1966.0,34.727562,-21.936161,2.0,0.0,1.0,5535000,0.0
3.0,1970.0,69.30872,25.153763,1.0,0.0,6.0,5689170,1.0
3.0,1972.0,55.05781,-28.795755,2.0,0.0,4.0,5760302,0.0
3.0,1976.0,60.81109,40.301617,1.0,0.0,9.0,5743672,1.0
3.0,1978.0,55.054295,10.207936,2.0,2.0,1.0,5736469,1.0
3.0,1982.0,64.97305,22.551838,1.0,0.0,12.0,5771222,1.0
3.0,1984.0,57.063515,10.124713,2.0,0.0,1.0,5840773,1.0
3.0,1988.0,58.074856,31.044022,1.0,0.0,15.0,5979982,1.0
3.0,1990.0,52.20675,14.195374,2.0,0.0,4.0,6018664,1.0
3.0,1994.0,72.689064,17.064774,1.0,,,6031352,1.0
3.0,1996.0,80.02838,7.4928226,2.0,,,6085393,1.0
3.0,2000.0,69.30247,58.240257,1.0,,,6349364,1.0
3.0,2002.0,65.858765,60.05677,2.0,,,6417206,1.0
3.0,2008.0,,34.931324,2.0,,,6468967,1.0
4.0,1918.0,40.2435,-7.1211934,2.0,0.0,1.0,440000,0.0
4.0,1920.0,37.680603,-16.092232,3.0,0.0,3.0,444000,0.0
4.0,1924.0,41.89725,-19.512999,2.0,0.0,4.0,457000,0.0
4.0,1926.0,50.345604,-24.638796,3.0,0.0,6.0,463000,0.0
4.0,1930.0,47.665386,-15.97952,2.0,0.0,7.0,466000,0.0
4.0,1932.0,45.7659,1.0791302,3.0,0.0,1.0,474000,1.0
4.0,1936.0,45.394653,-4.1939945,2.0,0.0,1.0,481000,0.0
4.0,1938.0,49.069138,-8.468199,3.0,3.0,1.0,485000,0.0
4.0,1942.0,41.166813,-9.210693,2.0,0.0,4.0,481000,0.0
4.0,1944.0,38.028996,-1.8617243,3.0,3.0,4.0,456000,0.0
4.0,1948.0,39.77978,-16.976374,2.0,0.0,7.0,520000,0.0
4.0,1954.0,39.654316,-20.440435,2.0,0.0,10.0,554000,0.0
4.0,1956.0,40.29063,-28.143272,3.0,4.0,3.0,566000,0.0
4.0,1962.0,40.704,-19.41874,3.0,4.0,6.0,632000,0.0
4.0,1966.0,56.880753,8.131963,2.0,0.0,4.0,681000,1.0
4.0,1972.0,48.50462,13.763666,2.0,0.0,7.0,781107,1.0
4.0,1978.0,40.95852,-2.1988094,2.0,0.0,1.0,891520,0.0
4.0,1980.0,32.37135,-4.293713,3.0,0.0,1.0,920610,0.0
4.0,1984.0,31.394941,-17.788744,2.0,0.0,4.0,976864,0.0
4.0,1986.0,45.32692,-30.589857,3.0,0.0,4.0,1025053,0.0
4.0,1990.0,46.222095,-33.868736,2.0,3.0,1.0,1111831,0.0
4.0,1992.0,28.220766,-2.8180063,3.0,4.0,1.0,1112766,0.0
4.0,1996.0,46.401646,-3.0300884,2.0,,,1160768,0.0
4.0,1998.0,33.716896,-39.55918,3.0,,,1185823,0.0
4.0,2002.0,51.589626,-4.4172316,2.0,,,1269089,0.0
4.0,2004.0,36.81102,-32.4612,3.0,,,1290121,0.0
4.0,2008.0,,6.337917,2.0,,,1315906,1.0
4.0,2010.0,,-23.217234,3.0,,,1316470,0.0
5.0,1916.0,52.167862,8.817807,1.0,1.0,1.0,598000,1.0
5.0,1922.0,49.298695,8.785376,1.0,1.0,4.0,644000,1.0
5.0,1924.0,49.168472,-15.835348,2.0,0.0,2.0,669000,0.0
5.0,1928.0,57.12244,-1.2698561,1.0,0.0,1.0,678000,0.0
5.0,1930.0,48.611946,-1.1273801,2.0,0.0,5.0,686000,0.0
5.0,1934.0,55.16168,14.272488,1.0,1.0,7.0,675000,1.0
5.0,1936.0,57.96792,4.231307,2.0,0.0,1.0,686000,1.0
5.0,1940.0,55.112457,10.32336,1.0,1.0,10.0,719000,1.0
5.0,1942.0,59.28737,15.935842,2.0,0.0,4.0,748000,1.0
5.0,1948.0,59.28958,18.574738,2.0,0.0,7.0,787000,1.0
5.0,1952.0,64.48585,9.557202,1.0,0.0,3.0,802000,1.0
5.0,1954.0,68.89668,18.57916,2.0,0.0,10.0,816000,1.0
5.0,1958.0,82.73073,28.971695,1.0,0.0,6.0,858000,1.0
5.0,1960.0,67.65946,37.793358,2.0,0.0,1.0,859000,1.0
5.0,1964.0,67.542244,65.46146,1.0,0.0,9.0,885000,1.0
5.0,1966.0,53.68296,35.318924,2.0,0.0,4.0,899000,1.0
5.0,1970.0,42.031204,36.081493,1.0,0.0,12.0,949723,1.0
5.0,1972.0,75.1124,7.970375,2.0,0.0,7.0,974790,1.0
5.0,1976.0,48.80214,-15.708965,1.0,0.0,1.0,946089,0.0
5.0,1978.0,72.552574,50.224792,2.0,0.0,10.0,951816,1.0
5.0,1982.0,45.407425,-2.3957224,1.0,0.0,4.0,954170,0.0
5.0,1984.0,61.8332,45.105145,2.0,0.0,13.0,961894,1.0
5.0,1988.0,35.476624,-9.185156,1.0,0.0,7.0,996408,0.0
5.0,1990.0,63.482224,23.666397,2.0,0.0,16.0,1004649,1.0
5.0,1996.0,78.39228,28.430447,2.0,,,987858,1.0
5.0,2000.0,53.472424,-15.731323,1.0,,,1048259,0.0
5.0,2002.0,73.40449,56.81821,2.0,,,1065995,1.0
5.0,2006.0,,7.033059,1.0,,,1063096,1.0
5.0,2008.0,,46.80897,2.0,,,1055003,1.0
6.0,1914.0,21.933214,-56.035404,3.0,0.0,9.0,362000,0.0
6.0,1916.0,32.06619,-50.794697,1.0,0.0,6.0,360000,0.0
6.0,1922.0,28.445885,-35.867622,1.0,6.0,1.0,354000,0.0
6.0,1926.0,44.849586,-46.886055,3.0,5.0,3.0,356000,0.0
6.0,1934.0,33.550587,-2.671185,1.0,0.0,3.0,357000,0.0
6.0,1944.0,21.989212,-31.60944,3.0,0.0,3.0,314000,0.0
6.0,1946.0,27.672476,-49.27052,1.0,0.0,2.0,342000,0.0
6.0,1950.0,33.60444,-55.99915,3.0,0.0,6.0,378000,0.0
6.0,1952.0,47.84237,-44.644665,1.0,0.0,5.0,375000,0.0
6.0,1956.0,33.066116,-32.788544,3.0,0.0,9.0,377000,0.0
6.0,1958.0,46.52084,-4.310444,1.0,4.0,1.0,380000,0.0
6.0,1962.0,0.0,-33.867764,3.0,0.0,12.0,393000,0.0
6.0,1964.0,40.201035,-6.9498005,1.0,4.0,4.0,399000,0.0
6.0,1968.0,49.469784,-99.85957,3.0,0.0,15.0,430000,0.0
6.0,1974.0,49.75905,3.0860395,3.0,0.0,1.0,473002,1.0
6.0,1976.0,47.225346,-4.65644,1.0,6.0,4.0,484928,0.0
6.0,1980.0,63.156635,1.1684269,3.0,0.0,4.0,511456,1.0
6.0,1982.0,29.764982,-3.0416102,1.0,6.0,7.0,519109,0.0
6.0,1986.0,54.162014,28.659454,3.0,0.0,7.0,534066,1.0
6.0,1988.0,40.566536,-38.204834,1.0,7.0,1.0,549763,0.0
6.0,1992.0,72.21542,10.816863,3.0,0.0,10.0,570115,1.0
6.0,1994.0,25.425303,-9.7495165,1.0,,,578900,0.0
6.0,1998.0,70.62707,49.765457,3.0,,,590579,1.0
6.0,2004.0,64.326164,46.084087,3.0,,,619920,1.0
6.0,2006.0,,-67.638016,1.0,,,622892,0.0
6.0,2010.0,,33.413837,3.0,,,625741,1.0
11.0,1918.0,40.62894,-3.3434777,2.0,1.0,3.0,220000,0.0
11.0,1922.0,39.050053,0.43396354,1.0,0.0,2.0,214000,1.0
11.0,1928.0,46.15594,-21.8999,1.0,0.0,1.0,233000,0.0
11.0,1930.0,52.976036,-9.13051,2.0,0.0,3.0,239000,0.0
11.0,1934.0,50.633533,-7.117355,1.0,0.0,4.0,250000,0.0
11.0,1936.0,44.92193,11.580616,2.0,0.0,1.0,253000,1.0
11.0,1940.0,44.849487,3.3326178,1.0,0.0,1.0,269000,1.0
11.0,1942.0,50.853836,-9.246498,2.0,0.0,1.0,279000,0.0
11.0,1946.0,45.508335,-10.301021,1.0,0.0,1.0,299000,0.0
11.0,1948.0,56.94341,2.576363,2.0,0.0,1.0,312000,1.0
11.0,1952.0,46.720886,-8.983335,1.0,0.0,4.0,341000,0.0
11.0,1954.0,49.286022,13.886822,2.0,0.0,4.0,368000,1.0
11.0,1958.0,48.255383,-6.5582275,1.0,0.0,7.0,433000,0.0
11.0,1960.0,40.881657,-1.4279574,2.0,3.0,1.0,446000,0.0
11.0,1966.0,50.47514,-18.236685,2.0,3.0,4.0,516000,0.0
11.0,1970.0,43.607327,-18.730911,1.0,2.0,2.0,548104,0.0
11.0,1972.0,57.955723,1.3758123,2.0,0.0,1.0,572913,1.0
11.0,1976.0,44.204544,-12.206313,1.0,2.0,5.0,590166,0.0
11.0,1978.0,60.11052,16.937536,2.0,0.0,4.0,594776,1.0
11.0,1982.0,37.938667,-10.967743,1.0,2.0,8.0,599148,0.0
11.0,1984.0,62.67929,20.221039,2.0,0.0,7.0,611565,1.0
11.0,1988.0,42.483253,-24.122667,1.0,2.0,11.0,647622,0.0
11.0,1990.0,60.04006,26.846214,2.0,0.0,10.0,669063,1.0
11.0,1994.0,55.52188,-13.331726,1.0,,,708416,0.0
11.0,1996.0,58.21991,21.908188,2.0,,,727090,1.0
11.0,2000.0,67.1262,11.826599,1.0,,,783559,1.0
11.0,2002.0,64.686516,17.416084,2.0,,,806169,1.0
11.0,2006.0,,39.68256,1.0,,,859268,1.0
12.0,1916.0,54.871403,-17.089155,1.0,0.0,1.0,2918000,0.0
12.0,1918.0,33.669895,-7.10867,2.0,0.0,1.0,3043000,0.0
12.0,1922.0,41.840485,10.824492,1.0,0.0,1.0,3380000,1.0
12.0,1928.0,57.9023,-16.02672,1.0,0.0,1.0,3968000,0.0
12.0,1936.0,45.809372,10.562929,2.0,0.0,1.0,4084000,1.0
12.0,1942.0,47.29785,-7.2826834,2.0,0.0,1.0,4297000,0.0
12.0,1946.0,43.61889,-18.384892,1.0,0.0,3.0,4492000,0.0
12.0,1948.0,48.46825,-2.69033,2.0,0.0,1.0,4774000,0.0
12.0,1952.0,51.390903,-11.888152,1.0,0.0,6.0,5125000,0.0
12.0,1954.0,43.21114,-0.19033551,2.0,5.0,1.0,5360000,0.0
12.0,1958.0,61.91063,4.4938984,1.0,2.0,1.0,5890000,1.0
12.0,1960.0,36.984344,-12.476641,2.0,5.0,4.0,6067000,0.0
12.0,1964.0,54.015743,24.588171,1.0,2.0,4.0,6660000,1.0
12.0,1966.0,34.513077,-23.035845,2.0,5.0,7.0,6851000,0.0
12.0,1970.0,60.660534,11.859733,1.0,2.0,7.0,7171112,1.0
12.0,1972.0,55.3232,-27.94796,2.0,5.0,10.0,7335042,0.0
12.0,1976.0,50.937878,22.610748,1.0,2.0,10.0,7339745,1.0
12.0,1978.0,64.15864,12.197095,2.0,0.0,1.0,7350804,1.0
12.0,1984.0,50.442772,29.276825,2.0,0.0,4.0,7515473,1.0
12.0,1988.0,50.2941,8.366755,1.0,4.0,3.0,7712333,1.0
12.0,1990.0,52.67934,3.0403585,2.0,0.0,7.0,7757158,1.0
12.0,1994.0,50.112946,3.2723427,1.0,,,7918796,1.0
12.0,1996.0,53.876305,10.107502,2.0,,,8009624,1.0
12.0,2002.0,56.030117,9.928695,2.0,,,8552643,1.0
12.0,2006.0,,9.024965,1.0,,,8661679,1.0
12.0,2008.0,,14.076117,2.0,,,8711090,1.0
13.0,1914.0,32.902725,-4.982242,3.0,0.0,1.0,9585000,0.0
13.0,1916.0,52.59804,-15.103719,1.0,5.0,1.0,9848000,0.0
13.0,1920.0,46.48407,-19.460436,3.0,0.0,4.0,282000,0.0
13.0,1922.0,49.076385,11.587196,1.0,0.0,1.0,589000,1.0
13.0,1926.0,55.773907,4.0880737,3.0,0.0,1.0,1257000,1.0
13.0,1928.0,55.340122,1.1834025,1.0,0.0,4.0,1599000,1.0
13.0,1932.0,54.4839,17.21325,3.0,0.0,4.0,3001000,1.0
13.0,1938.0,53.05859,9.56597,3.0,0.0,7.0,3512000,1.0
13.0,1940.0,47.419064,6.601757,1.0,10.0,3.0,3456000,1.0
13.0,1946.0,36.126682,-5.1618724,1.0,0.0,1.0,3398000,0.0
13.0,1950.0,46.71793,5.0677032,3.0,0.0,2.0,14830000,1.0
13.0,1952.0,48.37487,-19.085226,1.0,0.0,4.0,15192000,0.0
13.0,1956.0,40.14161,-6.5641403,3.0,4.0,1.0,16112000,0.0
13.0,1958.0,53.467186,-2.3740144,1.0,6.0,1.0,16601000,0.0
13.0,1962.0,32.677452,-17.237839,3.0,4.0,4.0,17301000,0.0
13.0,1968.0,38.2249,-17.003149,3.0,4.0,7.0,18051000,0.0
13.0,1970.0,54.157066,-2.1644979,1.0,0.0,1.0,18241391,0.0
13.0,1974.0,43.536133,-7.0959625,3.0,4.0,10.0,18049775,0.0
13.0,1976.0,65.06602,9.271893,1.0,0.0,1.0,17940541,1.0
13.0,1980.0,38.42297,-1.3465047,3.0,0.0,1.0,17558072,0.0
13.0,1982.0,67.01974,30.908585,1.0,0.0,4.0,17589738,1.0
13.0,1986.0,47.782677,-14.604274,3.0,0.0,4.0,17833419,0.0
13.0,1988.0,55.19836,35.968746,1.0,0.0,7.0,17941309,1.0
13.0,1992.0,54.617245,-1.2509078,3.0,0.0,7.0,18082032,0.0
13.0,1994.0,55.27137,13.72863,1.0,,,18156652,1.0
13.0,1998.0,71.160866,10.535163,3.0,,,18159175,1.0
13.0,2000.0,67.00206,12.26548,1.0,,,18977026,1.0
13.0,2004.0,66.30444,46.916508,3.0,,,19171567,1.0
13.0,2010.0,,34.098904,3.0,,,19378102,1.0
14.0,1914.0,27.188438,-22.79015,3.0,0.0,10.0,8276000,0.0
14.0,1922.0,33.99734,-26.445475,1.0,0.0,2.0,8982000,0.0
14.0,1928.0,50.777035,-30.380932,1.0,0.0,5.0,9802000,0.0
14.0,1932.0,44.41561,-6.284791,3.0,0.0,3.0,9764000,0.0
14.0,1934.0,51.78808,4.3206005,1.0,0.0,1.0,9795000,1.0
14.0,1938.0,49.98764,-10.287446,3.0,0.0,6.0,9952000,0.0
14.0,1940.0,39.814377,4.4251947,1.0,0.0,4.0,9896000,1.0
14.0,1944.0,47.738712,0.6377876,3.0,3.0,1.0,9214000,1.0
14.0,1946.0,47.979218,-19.442045,1.0,0.0,1.0,9866000,0.0
14.0,1950.0,50.081764,-3.559786,3.0,0.0,1.0,10498000,0.0
14.0,1952.0,48.38315,-3.59506,1.0,0.0,4.0,10503000,0.0
14.0,1956.0,51.06412,0.39669573,3.0,0.0,1.0,10972000,1.0
14.0,1958.0,49.11124,-2.8271704,1.0,8.0,1.0,11058000,0.0
14.0,1962.0,45.79503,2.3664804,3.0,0.0,4.0,11355000,1.0
14.0,1964.0,45.37968,-1.470387,1.0,8.0,4.0,11519000,0.0
14.0,1968.0,45.8944,-6.1004934,3.0,4.0,1.0,11741000,0.0
14.0,1970.0,46.784245,-6.0459256,1.0,8.0,7.0,11800766,0.0
14.0,1974.0,48.039177,-7.1078005,3.0,4.0,4.0,11870884,0.0
14.0,1976.0,39.204292,-5.607003,1.0,3.0,1.0,11897378,0.0
14.0,1980.0,42.869217,-2.4448128,3.0,0.0,1.0,11863895,0.0
14.0,1982.0,32.445488,-20.073011,1.0,3.0,4.0,11845146,0.0
14.0,1986.0,46.330196,-13.566822,3.0,0.0,4.0,11782752,0.0
14.0,1992.0,34.787468,-2.7727544,3.0,0.0,7.0,11980819,0.0
14.0,1994.0,45.509087,-2.4822383,1.0,,,12042545,0.0
14.0,1998.0,41.987442,-26.55423,3.0,,,12002329,0.0
14.0,2000.0,58.63658,-6.906989,1.0,,,12280548,0.0
14.0,2006.0,,17.353556,1.0,,,12510809,1.0
14.0,2010.0,,-2.0169883,3.0,,,12702379,0.0
21.0,1914.0,26.819542,-1.6989291,3.0,0.0,2.0,6109000,0.0
21.0,1924.0,64.02099,-28.168396,2.0,0.0,2.0,7215000,0.0
21.0,1930.0,56.472076,33.290676,2.0,1.0,4.0,7644000,1.0
21.0,1932.0,51.329823,6.210652,3.0,1.0,1.0,7736000,1.0
21.0,1938.0,52.607624,2.9951334,3.0,2.0,1.0,7866000,1.0
21.0,1942.0,55.066593,-6.8234262,2.0,0.0,3.0,8057000,0.0
21.0,1944.0,45.757095,5.5501847,3.0,2.0,4.0,7719000,1.0
21.0,1948.0,53.572582,10.453799,2.0,0.0,1.0,8552000,1.0
21.0,1950.0,45.720066,-8.125329,3.0,8.0,1.0,8712000,0.0
21.0,1954.0,54.63101,7.1452856,2.0,0.0,4.0,9252000,1.0
21.0,1956.0,47.126053,-8.38179,3.0,8.0,4.0,9530000,0.0
21.0,1960.0,43.899246,9.434843,2.0,0.0,7.0,10081000,1.0
21.0,1962.0,46.592255,-5.747709,3.0,8.0,7.0,10280000,0.0
21.0,1966.0,37.345684,-11.047146,2.0,0.0,1.0,10836000,0.0
21.0,1972.0,45.472347,-24.868763,2.0,0.0,4.0,11251948,0.0
21.0,1974.0,56.010605,24.929514,3.0,0.0,4.0,11262145,1.0
21.0,1978.0,50.07306,-7.866329,2.0,0.0,7.0,11412561,0.0
21.0,1980.0,65.1255,13.5153265,3.0,0.0,1.0,11426518,1.0
21.0,1984.0,65.0684,1.8617034,2.0,5.0,1.0,11412132,1.0
21.0,1986.0,53.26851,31.38347,3.0,0.0,4.0,11387257,1.0
21.0,1990.0,56.085247,30.136803,2.0,5.0,4.0,11446979,1.0
21.0,1992.0,47.46742,10.211357,3.0,0.0,1.0,11635197,1.0
21.0,1996.0,60.334267,15.413943,2.0,,,11953003,1.0
21.0,1998.0,69.96873,-2.9044957,3.0,,,12069774,0.0
21.0,2002.0,67.84095,22.3142,2.0,,,12525556,1.0
21.0,2008.0,,39.310856,2.0,,,12747038,1.0
21.0,2010.0,,-1.5986085,3.0,,,12830632,0.0
22.0,1916.0,50.86462,-1.6298056,1.0,0.0,1.0,2897000,0.0
22.0,1920.0,48.956223,-13.417691,3.0,6.0,4.0,2947000,0.0
22.0,1926.0,55.567814,-1.0800034,3.0,6.0,7.0,3148000,0.0
22.0,1928.0,51.457672,-11.180962,1.0,0.0,3.0,3212000,0.0
22.0,1932.0,49.841385,13.30372,3.0,0.0,1.0,3281000,1.0
22.0,1934.0,49.129696,3.9805741,1.0,0.0,1.0,3319000,1.0
22.0,1940.0,43.363014,-1.3218045,1.0,0.0,1.0,3433000,0.0
22.0,1944.0,46.35103,-1.3154387,3.0,0.0,1.0,3440000,0.0
22.0,1946.0,46.819824,-11.542013,1.0,0.0,2.0,3702000,0.0
22.0,1950.0,44.38835,-6.4600286,3.0,0.0,4.0,3934000,0.0
22.0,1952.0,56.455822,-5.6232986,1.0,0.0,5.0,4148000,0.0
22.0,1956.0,50.303997,-10.818866,3.0,0.0,7.0,4458000,0.0
22.0,1958.0,54.334385,14.0323105,1.0,0.0,1.0,4583000,1.0
22.0,1962.0,51.651,0.60798824,3.0,0.0,1.0,4736000,1.0
22.0,1964.0,50.123238,9.002858,1.0,0.0,4.0,4856000,1.0
22.0,1968.0,50.729042,3.5012603,3.0,0.0,4.0,5093000,1.0
22.0,1970.0,40.46275,0.24647713,1.0,0.0,7.0,5195392,1.0
22.0,1974.0,46.214207,4.2871027,3.0,0.0,7.0,5361890,1.0
22.0,1976.0,45.584435,-18.299252,1.0,0.0,1.0,5389088,0.0
22.0,1980.0,38.50972,-7.57159,3.0,2.0,1.0,5490224,0.0
22.0,1982.0,31.857145,-8.248615,1.0,0.0,4.0,5467922,0.0
22.0,1988.0,30.500698,-36.28571,1.0,0.0,7.0,5491735,0.0
22.0,1992.0,63.71857,-16.632887,3.0,5.0,3.0,5648649,0.0
22.0,1994.0,31.851116,-36.85137,1.0,,,5745626,0.0
22.0,1998.0,61.64878,28.925287,3.0,,,5907617,1.0
22.0,2000.0,0.0,-34.71321,1.0,,,6080827,0.0
22.0,2004.0,39.999,24.423647,3.0,,,6233007,1.0
22.0,2006.0,,-87.3569,1.0,,,6332669,0.0
22.0,2010.0,,-14.579755,3.0,,,6483802,0.0
23.0,1916.0,50.591286,-16.48488,1.0,4.0,4.0,3353000,0.0
23.0,1924.0,20.905853,-49.650913,2.0,0.0,3.0,4214000,0.0
23.0,1928.0,47.024517,-44.14359,1.0,0.0,2.0,4665000,0.0
23.0,1934.0,46.978943,-4.2995424,1.0,0.0,5.0,4798000,0.0
23.0,1936.0,47.194206,11.484509,2.0,2.0,2.0,4889000,1.0
23.0,1940.0,31.995836,-5.6672277,1.0,0.0,8.0,5315000,0.0
23.0,1942.0,48.510277,-2.3577957,2.0,0.0,1.0,5549000,0.0
23.0,1948.0,50.752037,-2.173859,2.0,0.0,4.0,6213000,0.0
23.0,1952.0,53.57204,-1.5928358,1.0,3.0,2.0,6650000,0.0
23.0,1954.0,51.731068,1.824379,2.0,0.0,1.0,7066000,1.0
23.0,1958.0,64.3819,7.4837,1.0,0.0,1.0,7667000,1.0
23.0,1964.0,66.82613,29.03729,1.0,0.0,4.0,8187000,1.0
23.0,1966.0,46.29285,-12.054205,2.0,5.0,2.0,8512000,0.0
23.0,1970.0,52.455093,33.945404,1.0,0.0,7.0,8881826,1.0
23.0,1972.0,52.138596,-5.9844284,2.0,5.0,5.0,9028944,0.0
23.0,1976.0,57.735477,5.613372,1.0,5.0,1.0,9129205,1.0
23.0,1978.0,51.76612,4.2867513,2.0,0.0,1.0,9217761,1.0
23.0,1982.0,60.378613,16.882053,1.0,5.0,4.0,9115198,1.0
23.0,1984.0,57.479263,4.607728,2.0,0.0,4.0,9049452,1.0
23.0,1988.0,42.74714,21.923824,1.0,5.0,7.0,9217998,1.0
23.0,1990.0,58.357323,16.249132,2.0,0.0,7.0,9310462,1.0
23.0,1994.0,49.474754,-9.128321,1.0,,,9584481,0.0
23.0,1996.0,60.6085,18.48819,2.0,,,9739184,1.0
23.0,2000.0,56.909977,1.6138196,1.0,,,9938823,1.0
23.0,2002.0,62.664963,22.723034,2.0,,,10015710,1.0
23.0,2006.0,,15.652349,1.0,,,10036081,1.0
23.0,2008.0,,28.818836,2.0,,,9946889,1.0
24.0,1916.0,47.721317,3.111565,1.0,0.0,4.0,5366000,1.0
24.0,1920.0,46.59854,-18.346724,3.0,2.0,2.0,5799000,0.0
24.0,1922.0,39.07446,-3.1784563,1.0,5.0,1.0,6054000,0.0
24.0,1928.0,59.948338,-21.659872,1.0,5.0,4.0,6608000,0.0
24.0,1932.0,46.36134,6.642765,3.0,2.0,3.0,6717000,1.0
24.0,1934.0,47.627266,20.534061,1.0,0.0,1.0,6751000,1.0
24.0,1938.0,49.702736,-7.277322,3.0,0.0,1.0,6837000,0.0
24.0,1944.0,42.462086,-0.5945295,3.0,0.0,4.0,6918000,0.0
24.0,1946.0,45.415394,-14.668065,1.0,0.0,1.0,7512000,0.0
24.0,1952.0,52.460968,-9.169212,1.0,0.0,4.0,8275000,0.0
24.0,1956.0,61.560883,5.7773113,3.0,0.0,1.0,9207000,1.0
24.0,1958.0,50.21965,4.921937,1.0,4.0,1.0,9599000,1.0
24.0,1962.0,48.466293,23.121761,3.0,0.0,4.0,9929000,1.0
24.0,1964.0,47.449448,0.43930113,1.0,4.0,4.0,10080000,1.0
24.0,1970.0,49.510445,-2.2346497,1.0,3.0,1.0,10657423,0.0
24.0,1974.0,68.80004,33.89125,3.0,0.0,1.0,10765759,1.0
24.0,1976.0,56.656986,2.9928744,1.0,0.0,2.0,10752662,1.0
24.0,1980.0,62.450813,40.550488,3.0,0.0,4.0,10797630,1.0
24.0,1982.0,56.974323,15.520033,1.0,0.0,5.0,10757087,1.0
24.0,1986.0,50.989635,24.904451,3.0,0.0,7.0,10730268,1.0
24.0,1988.0,39.22777,13.952109,1.0,0.0,8.0,10798552,1.0
24.0,1992.0,43.53411,8.680081,3.0,0.0,10.0,11007609,1.0
24.0,1994.0,35.85384,-14.208889,1.0,,,11111451,0.0
24.0,1998.0,36.144085,-12.925607,3.0,,,11237752,0.0
24.0,2000.0,56.164135,-24.061453,1.0,,,11353336,0.0
24.0,2004.0,39.40389,-27.70637,3.0,,,11452251,0.0
24.0,2006.0,,12.348917,1.0,,,11481213,1.0
24.0,2010.0,,-17.442408,3.0,,,11536504,0.0
25.0,1916.0,0.0,-27.399286,1.0,3.0,7.0,2562000,0.0
25.0,1920.0,12.196736,-32.052475,3.0,5.0,3.0,2679000,0.0
25.0,1926.0,56.978363,-42.82304,3.0,0.0,1.0,2892000,0.0
25.0,1928.0,24.236002,-85.56642,1.0,0.0,3.0,2923000,0.0
25.0,1932.0,24.744028,20.7814,3.0,0.0,1.0,3021000,1.0
25.0,1934.0,13.204048,-28.687876,1.0,0.0,6.0,3054000,0.0
25.0,1938.0,42.753513,-22.911285,3.0,0.0,1.0,3098000,0.0
25.0,1940.0,37.409435,-32.214016,1.0,0.0,9.0,3143000,0.0
25.0,1944.0,46.192066,-7.7499986,3.0,0.0,4.0,2980000,0.0
25.0,1946.0,45.565475,-23.86736,1.0,0.0,1.0,3167000,0.0
25.0,1950.0,41.224762,-7.145026,3.0,0.0,7.0,3435000,0.0
25.0,1956.0,52.55982,-17.37025,3.0,0.0,10.0,3742000,0.0
25.0,1958.0,53.29345,14.400697,1.0,0.0,2.0,3843000,1.0
25.0,1962.0,61.692856,5.356112,3.0,0.0,1.0,4049000,1.0
25.0,1964.0,70.83408,6.685302,1.0,0.0,5.0,4165000,1.0
25.0,1968.0,61.750984,23.386923,3.0,0.0,4.0,4345000,1.0
25.0,1970.0,72.18801,42.35713,1.0,0.0,8.0,4417821,1.0
25.0,1974.0,48.338898,25.958672,3.0,0.0,7.0,4545782,1.0
25.0,1976.0,63.645508,45.21888,1.0,0.0,11.0,4595904,1.0
25.0,1980.0,47.395855,-1.8520981,3.0,2.0,1.0,4705767,0.0
25.0,1982.0,52.053787,29.512077,1.0,0.0,14.0,4728870,1.0
25.0,1986.0,52.570133,-3.4797013,3.0,2.0,4.0,4755618,0.0
25.0,1988.0,58.29367,4.52843,1.0,0.0,1.0,4822388,1.0
25.0,1992.0,50.547523,6.560278,3.0,0.0,1.0,5004636,1.0
25.0,1994.0,61.54279,17.607822,1.0,,,5095504,1.0
25.0,1998.0,55.350483,2.145967,3.0,,,5222124,1.0
25.0,2000.0,67.30656,24.506838,1.0,,,5363757,1.0
25.0,2004.0,47.019917,11.238742,3.0,,,5514026,1.0
25.0,2006.0,,37.829872,1.0,,,5577655,1.0
25.0,2010.0,,-4.837632,3.0,,,5686986,0.0
31.0,1914.0,37.423153,-9.033206,3.0,0.0,5.0,2338000,0.0
31.0,1926.0,54.855656,-13.202,3.0,0.0,4.0,2432000,0.0
31.0,1930.0,50.48435,-13.252542,2.0,6.0,1.0,2475000,0.0
31.0,1936.0,41.70532,3.3609123,2.0,0.0,1.0,2509000,1.0
31.0,1938.0,48.373344,0.33720434,3.0,2.0,3.0,2494000,1.0
31.0,1942.0,57.798786,-16.266956,2.0,0.0,1.0,2439000,0.0
31.0,1944.0,44.700726,-2.9102535,3.0,0.0,1.0,2301000,0.0
31.0,1948.0,47.525772,16.238108,2.0,2.0,6.0,2543000,1.0
31.0,1950.0,46.082695,-10.115862,3.0,0.0,4.0,2621000,0.0
31.0,1954.0,48.08724,-4.684815,2.0,8.0,1.0,2626000,0.0
31.0,1956.0,46.61112,-7.8346105,3.0,0.0,7.0,2703000,0.0
31.0,1960.0,37.79773,-3.8255215,2.0,0.0,1.0,2758000,0.0
31.0,1962.0,50.248318,-6.7777634,3.0,0.0,10.0,2750000,0.0
31.0,1966.0,55.0668,-23.116722,2.0,0.0,4.0,2762000,0.0
31.0,1968.0,52.042187,0.56070685,3.0,0.0,1.0,2803000,1.0
31.0,1972.0,47.90688,10.978839,2.0,0.0,1.0,2860287,1.0
31.0,1974.0,45.538723,4.766509,3.0,5.0,1.0,2867530,1.0
31.0,1978.0,55.456257,-3.2173486,2.0,0.0,1.0,2918069,0.0
31.0,1980.0,33.574654,-7.9456806,3.0,3.0,1.0,2913808,0.0
31.0,1984.0,54.472713,11.797172,2.0,5.0,1.0,2858618,1.0
31.0,1986.0,27.200205,-32.460903,3.0,3.0,4.0,2791970,0.0
31.0,1990.0,51.808662,9.056107,2.0,5.0,4.0,2779769,1.0
31.0,1992.0,30.493393,-42.414124,3.0,3.0,7.0,2806923,0.0
31.0,1996.0,54.177647,5.0944624,2.0,,,2848473,1.0
31.0,1998.0,27.87704,-37.91838,3.0,,,2861025,0.0
31.0,2002.0,62.655785,10.398647,2.0,,,2934234,1.0
31.0,2004.0,33.303318,-42.306526,3.0,,,2953635,0.0
31.0,2008.0,,25.394535,2.0,,,3016734,1.0
31.0,2010.0,,-31.04923,3.0,,,3046355,0.0
32.0,1914.0,33.359165,-0.76518655,3.0,7.0,5.0,1662000,0.0
32.0,1918.0,25.223545,-29.962679,2.0,0.0,1.0,1729000,0.0
32.0,1920.0,34.739872,-30.655489,3.0,7.0,8.0,1769000,0.0
32.0,1924.0,38.906906,-44.87314,2.0,0.0,4.0,1807000,0.0
32.0,1930.0,48.413532,-22.186193,2.0,0.0,7.0,1883000,0.0
32.0,1932.0,43.77972,3.6344707,3.0,0.0,3.0,1883000,1.0
32.0,1936.0,40.300266,-2.5858939,2.0,0.0,10.0,1869000,0.0
32.0,1938.0,40.653465,-12.4273,3.0,0.0,1.0,1842000,0.0
32.0,1942.0,42.715214,-16.81321,2.0,0.0,13.0,1760000,0.0
32.0,1948.0,41.83635,-12.204364,2.0,0.0,1.0,1892000,0.0
32.0,1950.0,40.463722,-10.420701,3.0,6.0,2.0,1905000,0.0
32.0,1954.0,43.765305,-14.491886,2.0,0.0,4.0,2042000,0.0
32.0,1956.0,35.939972,-17.434448,3.0,6.0,5.0,2119000,0.0
32.0,1962.0,38.663223,-26.49655,3.0,6.0,8.0,2231000,0.0
32.0,1966.0,22.02031,-6.9791226,2.0,0.0,4.0,2200000,0.0
32.0,1968.0,49.148323,-21.417627,3.0,4.0,1.0,2216000,0.0
32.0,1972.0,42.412586,-50.654366,2.0,0.0,7.0,2256375,0.0
32.0,1974.0,36.23925,-1.7033488,3.0,4.0,4.0,2269499,0.0
32.0,1978.0,21.235863,-11.451324,2.0,0.0,1.0,2335657,0.0
32.0,1980.0,29.950726,-27.521494,3.0,4.0,7.0,2363679,0.0
32.0,1984.0,26.39512,-54.7529,2.0,0.0,4.0,2424086,0.0
32.0,1986.0,31.02898,-40.09855,3.0,4.0,10.0,2432619,0.0
32.0,1990.0,34.436947,-47.209755,2.0,0.0,7.0,2480683,0.0
32.0,1996.0,0.0,-27.586906,2.0,,,2598266,0.0
32.0,1998.0,27.487242,-33.678333,3.0,,,2638667,0.0
32.0,2002.0,36.458466,-82.52237,2.0,,,2713535,0.0
32.0,2004.0,26.378548,-41.675537,3.0,,,2734373,0.0
32.0,2008.0,,-23.599932,2.0,,,2808076,0.0
32.0,2010.0,,-43.715828,3.0,,,2853118,0.0
33.0,1916.0,17.895021,-17.741686,1.0,0.0,1.0,2308000,0.0
33.0,1922.0,0.0,-29.203754,1.0,0.0,1.0,2451000,0.0
33.0,1924.0,36.12702,-40.70835,2.0,5.0,1.0,2521000,0.0
33.0,1928.0,29.199558,-66.29207,1.0,0.0,4.0,2592000,0.0
33.0,1934.0,20.55706,-21.780025,1.0,0.0,7.0,2695000,0.0
33.0,1940.0,39.775543,-32.43976,1.0,0.0,10.0,2790000,0.0
33.0,1942.0,59.929676,-36.56632,2.0,0.0,3.0,2662000,0.0
33.0,1946.0,42.5258,-19.147495,1.0,0.0,1.0,2734000,0.0
33.0,1948.0,56.384552,20.266417,2.0,0.0,1.0,2868000,1.0
33.0,1952.0,52.902596,-14.100862,1.0,0.0,4.0,3030000,0.0
33.0,1954.0,57.531593,14.273998,2.0,0.0,4.0,3113000,1.0
33.0,1958.0,60.337067,6.2750072,1.0,5.0,1.0,3313000,1.0
33.0,1964.0,57.752472,21.082533,1.0,5.0,4.0,3558000,1.0
33.0,1966.0,56.670208,8.728149,2.0,0.0,2.0,3617000,1.0
33.0,1970.0,67.505035,16.135475,1.0,0.0,9.0,3806103,1.0
33.0,1978.0,41.2819,-19.221159,2.0,0.0,1.0,4015341,0.0
33.0,1982.0,40.92087,-6.8640084,1.0,0.0,4.0,4131450,0.0
33.0,1984.0,50.44117,-16.800495,2.0,0.0,4.0,4157706,0.0
33.0,1988.0,44.099907,-18.158257,1.0,0.0,7.0,4296166,0.0
33.0,1990.0,50.31891,0.8823365,2.0,0.0,1.0,4387283,1.0
33.0,1994.0,48.83419,-4.9518614,1.0,,,4566028,0.0
33.0,2000.0,58.056347,5.541554,1.0,,,4919631,1.0
33.0,2002.0,42.36331,-2.193302,2.0,,,5018935,0.0
33.0,2006.0,,20.11992,1.0,,,5163555,1.0
33.0,2008.0,,0.010898709,2.0,,,5247018,1.0
34.0,1916.0,51.361042,3.121409,1.0,0.0,4.0,3527000,1.0
34.0,1922.0,47.88127,3.5589159,1.0,0.0,7.0,3437000,1.0
34.0,1928.0,59.54492,-4.0329695,1.0,1.0,1.0,3601000,0.0
34.0,1932.0,60.690617,27.324898,3.0,0.0,2.0,3746000,1.0
34.0,1934.0,51.16915,19.832119,1.0,0.0,1.0,3784000,1.0
34.0,1938.0,49.89296,21.541695,3.0,0.0,5.0,3781000,1.0
34.0,1944.0,53.58826,-0.115546584,3.0,0.0,1.0,3560000,0.0
34.0,1946.0,53.986538,-5.616799,1.0,0.0,1.0,3746000,0.0
34.0,1950.0,56.41005,7.2359114,3.0,3.0,1.0,3955000,1.0
34.0,1952.0,66.450554,8.048442,1.0,0.0,1.0,3972000,1.0
34.0,1958.0,66.55286,32.901108,1.0,0.0,4.0,4186000,1.0
34.0,1962.0,51.019745,9.130552,3.0,0.0,3.0,4357000,1.0
34.0,1964.0,51.049526,33.105705,1.0,0.0,7.0,4442000,1.0
34.0,1968.0,60.069527,2.0394921,3.0,0.0,1.0,4568000,1.0
34.0,1970.0,42.49611,2.9229403,1.0,0.0,10.0,4677623,1.0
34.0,1974.0,52.00175,20.790035,3.0,0.0,4.0,4795930,1.0
34.0,1976.0,49.14925,-14.442503,1.0,0.0,1.0,4839029,0.0
34.0,1980.0,47.35742,4.327986,3.0,0.0,7.0,4916686,1.0
34.0,1982.0,31.750166,-1.7004609,1.0,0.0,4.0,4929451,0.0
34.0,1986.0,44.92589,-5.2789927,3.0,0.0,1.0,5023068,0.0
34.0,1988.0,35.698906,-35.95081,1.0,0.0,7.0,5081736,0.0
34.0,1992.0,43.771122,-6.9613514,3.0,0.0,4.0,5193686,0.0
34.0,1994.0,50.46659,-24.023893,1.0,,,5281206,0.0
34.0,1998.0,42.79708,-8.904865,3.0,,,5437562,0.0
34.0,2004.0,39.15668,-13.295439,3.0,,,5747741,0.0
34.0,2006.0,,2.2699058,1.0,,,5842704,1.0
34.0,2010.0,,-16.421312,3.0,,,5988927,0.0
35.0,1916.0,38.243084,4.0947256,1.0,3.0,4.0,1275000,1.0
35.0,1918.0,37.583237,-9.029028,2.0,5.0,4.0,1266000,0.0
35.0,1922.0,38.720875,-18.593418,1.0,0.0,1.0,1312000,0.0
35.0,1924.0,39.741535,-24.833525,2.0,5.0,7.0,1333000,0.0
35.0,1930.0,18.359936,-17.093723,2.0,5.0,10.0,1380000,0.0
35.0,1934.0,41.491497,12.425452,1.0,1.0,1.0,1382000,1.0
35.0,1936.0,22.033096,-25.460264,2.0,5.0,13.0,1358000,0.0
35.0,1940.0,29.180931,-15.51221,1.0,0.0,1.0,1316000,0.0
35.0,1942.0,43.297768,-26.946964,2.0,0.0,1.0,1239000,0.0
35.0,1946.0,27.827444,-41.638138,1.0,0.0,4.0,1256000,0.0
35.0,1954.0,41.06969,-22.141945,2.0,8.0,1.0,1340000,0.0
35.0,1958.0,38.623466,-11.278716,1.0,1.0,4.0,1383000,0.0
35.0,1960.0,38.82735,-17.860624,2.0,8.0,4.0,1411000,0.0
35.0,1964.0,47.428566,-22.748808,1.0,1.0,7.0,1482000,0.0
35.0,1966.0,46.769497,-22.3453,2.0,8.0,7.0,1456000,0.0
35.0,1970.0,52.890564,-5.0576744,1.0,1.0,10.0,1485333,0.0
35.0,1972.0,67.61684,-6.3173146,2.0,8.0,10.0,1519013,0.0
35.0,1976.0,66.590675,5.818376,1.0,0.0,1.0,1550911,1.0
35.0,1978.0,51.935844,35.291527,2.0,0.0,1.0,1563884,1.0
35.0,1984.0,58.902405,3.919217,2.0,0.0,4.0,1588639,1.0
35.0,1988.0,54.781467,15.043124,1.0,0.0,1.0,1571477,1.0
35.0,1990.0,41.65316,17.979277,2.0,0.0,7.0,1580664,1.0
35.0,1994.0,51.000225,9.777021,1.0,,,1621551,1.0
35.0,1996.0,14.637134,-14.4844265,2.0,,,1647657,0.0
35.0,2000.0,63.882793,2.18533,1.0,,,1711230,1.0
35.0,2002.0,40.056984,-68.12503,2.0,,,1728292,0.0
35.0,2006.0,,27.765583,1.0,,,1772693,1.0
35.0,2008.0,,-17.463228,2.0,,,1796378,0.0
36.0,1914.0,0.0,-21.866909,3.0,3.0,4.0,620000,0.0
36.0,1916.0,47.71695,-15.606395,1.0,0.0,10.0,652000,0.0
36.0,1922.0,19.346455,-4.5660973,1.0,0.0,1.0,647000,0.0
36.0,1926.0,27.447113,-64.07167,3.0,0.0,2.0,651000,0.0
36.0,1928.0,40.244293,-60.28788,1.0,0.0,4.0,665000,0.0
36.0,1932.0,7.3127174,-44.87849,3.0,0.0,5.0,676000,0.0
36.0,1934.0,26.447079,-17.999512,1.0,0.0,7.0,672000,0.0
36.0,1938.0,45.195847,-42.81192,3.0,0.0,8.0,647000,0.0
36.0,1940.0,23.199623,-11.662206,1.0,0.0,1.0,640000,0.0
36.0,1946.0,23.25553,-30.137497,1.0,0.0,4.0,570000,0.0
36.0,1950.0,36.008617,-35.188198,3.0,0.0,4.0,620000,0.0
36.0,1952.0,41.484596,-43.093346,1.0,0.0,7.0,608000,0.0
36.0,1956.0,39.3462,-27.599005,3.0,0.0,7.0,613000,0.0
36.0,1962.0,33.704372,-21.307608,3.0,0.0,10.0,637000,0.0
36.0,1964.0,61.267536,15.286255,1.0,1.0,4.0,649000,1.0
36.0,1968.0,48.34529,-30.925951,3.0,0.0,13.0,621000,0.0
36.0,1970.0,62.09664,23.46648,1.0,1.0,7.0,617792,1.0
36.0,1974.0,28.956266,-0.07892847,3.0,0.0,16.0,634559,0.0
36.0,1976.0,62.81714,25.544226,1.0,1.0,10.0,645797,1.0
36.0,1980.0,49.803806,-41.32996,3.0,9.0,1.0,652717,0.0
36.0,1982.0,59.445656,28.79203,1.0,1.0,13.0,668972,1.0
36.0,1992.0,63.155354,20.12949,3.0,6.0,2.0,635427,1.0
36.0,1994.0,61.372543,15.965962,1.0,,,639762,1.0
36.0,1998.0,68.27993,27.997074,3.0,,,637808,1.0
36.0,2000.0,68.826324,22.745089,1.0,,,642237,1.0
36.0,2004.0,22.174347,36.559853,3.0,,,644705,1.0
36.0,2006.0,,39.297832,1.0,,,649422,1.0
36.0,2010.0,,-53.906,3.0,,,672591,0.0
37.0,1914.0,19.99848,3.4552364,3.0,0.0,1.0,581000,1.0
37.0,1918.0,31.156021,-16.121677,2.0,0.0,4.0,570000,0.0
37.0,1920.0,33.277615,-30.097897,3.0,0.0,1.0,640000,0.0
37.0,1924.0,51.632248,-12.971705,2.0,0.0,1.0,673000,0.0
37.0,1926.0,44.57092,-26.242533,3.0,0.0,4.0,683000,0.0
37.0,1930.0,48.83224,3.2644987,2.0,0.0,1.0,693000,1.0
37.0,1936.0,41.25814,2.0870566,2.0,0.0,4.0,666000,1.0
37.0,1938.0,36.13985,-4.9125166,3.0,0.0,1.0,649000,0.0
37.0,1944.0,36.080235,-27.720304,3.0,0.0,4.0,565000,0.0
37.0,1948.0,42.704617,-18.669209,2.0,5.0,2.0,612000,0.0
37.0,1950.0,49.205154,-27.839529,3.0,7.0,1.0,653000,0.0
37.0,1954.0,47.557636,-14.590764,2.0,5.0,5.0,655000,0.0
37.0,1960.0,33.716312,-4.8847227,2.0,5.0,8.0,681000,0.0
37.0,1962.0,56.789635,0.23474693,3.0,2.0,1.0,705000,1.0
37.0,1966.0,57.043404,-32.56738,2.0,5.0,11.0,683000,0.0
37.0,1968.0,53.043198,13.57927,3.0,2.0,4.0,669000,1.0
37.0,1972.0,33.16406,14.086807,2.0,1.0,1.0,677234,1.0
37.0,1974.0,39.397453,6.0864,3.0,2.0,7.0,679585,1.0
37.0,1978.0,25.50956,-33.671883,2.0,2.0,1.0,688580,0.0
37.0,1980.0,51.602947,-18.803097,3.0,4.0,1.0,690768,0.0
37.0,1984.0,45.072517,-48.98088,2.0,2.0,4.0,697249,0.0
37.0,1986.0,64.90232,3.2058954,3.0,4.0,1.0,696034,1.0
37.0,1990.0,51.321938,-7.319209,2.0,2.0,7.0,696667,0.0
37.0,1992.0,62.143135,32.395702,3.0,4.0,4.0,708698,1.0
37.0,1996.0,49.622826,2.6438684,2.0,,,730699,1.0
37.0,1998.0,49.42381,25.734514,3.0,,,730789,1.0
37.0,2002.0,62.49169,0.1552552,2.0,,,760020,1.0
37.0,2004.0,0.0,-1.1523843,3.0,,,770396,0.0
37.0,2008.0,,24.983383,2.0,,,799124,1.0
37.0,2010.0,,-100.0,3.0,,,814180,0.0
40.0,1916.0,71.8817,99.83183,1.0,7.0,5.0,2316000,1.0
40.0,1922.0,99.774315,45.385773,1.0,7.0,8.0,2412000,1.0
40.0,1924.0,76.66329,48.94418,2.0,9.0,4.0,2426000,1.0
40.0,1930.0,91.69448,53.326584,2.0,9.0,7.0,2427000,1.0
40.0,1934.0,93.32349,55.04249,1.0,0.0,2.0,2485000,1.0
40.0,1936.0,91.12929,87.0171,2.0,9.0,10.0,2552000,1.0
40.0,1940.0,64.84682,86.64697,1.0,0.0,5.0,2720000,1.0
40.0,1946.0,73.35147,34.39104,1.0,0.0,8.0,3212000,1.0
40.0,1948.0,79.88125,34.75274,2.0,7.0,3.0,3207000,1.0
40.0,1952.0,69.31671,46.70295,1.0,0.0,11.0,3504000,1.0
40.0,1954.0,81.27051,59.76249,2.0,7.0,6.0,3555000,1.0
40.0,1958.0,63.796234,38.633423,1.0,0.0,14.0,3914000,1.0
40.0,1966.0,46.1203,25.095963,2.0,0.0,2.0,4456000,1.0
40.0,1970.0,38.267033,-22.349936,1.0,0.0,4.0,4651448,0.0
40.0,1972.0,49.78589,-5.326626,2.0,3.0,1.0,4824472,0.0
40.0,1976.0,48.80109,-23.46594,1.0,0.0,7.0,5121863,0.0
40.0,1978.0,29.945002,-0.38625002,2.0,0.0,1.0,5270240,0.0
40.0,1982.0,71.24985,-2.3828416,1.0,3.0,1.0,5492783,0.0
40.0,1984.0,0.0,-40.102478,2.0,0.0,4.0,5643870,0.0
40.0,1988.0,45.608402,42.55572,1.0,0.0,1.0,6036909,1.0
40.0,1990.0,47.393505,-80.90709,2.0,0.0,7.0,6213526,0.0
40.0,1994.0,47.680264,2.7297199,1.0,,,6536771,1.0
40.0,1996.0,0.0,-5.0860524,2.0,,,6665491,0.0
40.0,2000.0,49.594315,-4.575172,1.0,,,7079057,0.0
40.0,2002.0,65.03255,-82.57526,2.0,,,7286873,0.0
40.0,2006.0,,0.39355457,1.0,,,7673725,1.0
40.0,2008.0,,31.304005,2.0,,,7833496,1.0
41.0,1914.0,67.98089,62.94356,3.0,10.0,1.0,2336000,1.0
41.0,1920.0,80.87263,36.828224,3.0,10.0,4.0,2359000,1.0
41.0,1924.0,59.713978,50.35956,2.0,9.0,4.0,2501000,1.0
41.0,1926.0,86.24671,61.74525,3.0,0.0,1.0,2567000,1.0
41.0,1930.0,87.0272,19.427956,2.0,0.0,1.0,2647000,1.0
41.0,1936.0,99.99422,74.789085,2.0,0.0,4.0,2743000,1.0
41.0,1938.0,81.77793,72.75662,3.0,8.0,2.0,2787000,1.0
41.0,1944.0,76.539986,64.83215,3.0,8.0,5.0,2802000,1.0
41.0,1948.0,82.47434,67.99909,2.0,5.0,3.0,2969000,1.0
41.0,1950.0,100.0,53.079975,3.0,8.0,8.0,3062000,1.0
41.0,1954.0,70.241714,64.949005,2.0,5.0,6.0,3014000,1.0
41.0,1956.0,50.855625,100.0,3.0,8.0,11.0,3071000,1.0
41.0,1960.0,60.071415,40.486496,2.0,5.0,9.0,3267000,1.0
41.0,1962.0,69.98729,1.713264,3.0,8.0,14.0,3323000,1.0
41.0,1966.0,62.267303,21.071306,2.0,5.0,12.0,3464000,1.0
41.0,1968.0,95.843796,47.93985,3.0,0.0,1.0,3446000,1.0
41.0,1972.0,93.99473,29.204481,2.0,5.0,15.0,3539400,1.0
41.0,1974.0,47.05392,91.6876,3.0,0.0,4.0,3626499,1.0
41.0,1978.0,62.756245,87.98945,2.0,0.0,1.0,3831836,1.0
41.0,1980.0,50.2815,-3.0990362,3.0,0.0,1.0,3893888,0.0
41.0,1984.0,60.567154,26.401546,2.0,0.0,4.0,3951820,1.0
41.0,1986.0,64.87044,0.56300163,3.0,4.0,1.0,3991569,1.0
41.0,1990.0,45.4618,21.14696,2.0,0.0,7.0,4048508,1.0
41.0,1996.0,39.827705,-6.988496,2.0,,,4290403,0.0
41.0,1998.0,32.35436,-26.550467,3.0,,,4351037,0.0
41.0,2002.0,36.520447,-18.74935,2.0,,,4480089,0.0
41.0,2004.0,34.710155,-35.1908,3.0,,,4530729,0.0
41.0,2008.0,,-26.841787,2.0,,,4718206,0.0
41.0,2010.0,,-30.46532,3.0,,,4779736,0.0
42.0,1918.0,73.53527,100.0,2.0,5.0,4.0,1749000,1.0
42.0,1920.0,82.75537,31.87989,3.0,4.0,1.0,1756000,1.0
42.0,1924.0,100.0,47.070538,2.0,5.0,7.0,1800000,1.0
42.0,1930.0,81.83507,100.0,2.0,5.0,10.0,1859000,1.0
42.0,1932.0,89.61426,78.96997,3.0,0.0,2.0,1836000,1.0
42.0,1938.0,85.10661,79.22851,3.0,0.0,5.0,1928000,1.0
42.0,1942.0,93.30766,100.0,2.0,2.0,1.0,1977000,1.0
42.0,1944.0,100.0,70.21323,3.0,1.0,1.0,1768000,1.0
42.0,1948.0,100.0,86.615326,2.0,2.0,4.0,1825000,1.0
42.0,1950.0,82.983025,100.0,3.0,1.0,4.0,1910000,1.0
42.0,1954.0,99.88105,100.0,2.0,2.0,7.0,1734000,1.0
42.0,1956.0,68.673935,65.96605,3.0,1.0,7.0,1704000,1.0
42.0,1960.0,100.0,99.76211,2.0,2.0,10.0,1786000,1.0
42.0,1962.0,59.145283,37.347866,3.0,1.0,10.0,1853000,1.0
42.0,1966.0,60.884983,100.0,2.0,2.0,13.0,1899000,1.0
42.0,1968.0,84.8962,18.290564,3.0,1.0,13.0,1902000,1.0
42.0,1974.0,59.087276,69.792404,3.0,0.0,1.0,2101403,1.0
42.0,1978.0,57.347744,60.35436,2.0,4.0,1.0,2243127,1.0
42.0,1980.0,62.27607,18.21548,3.0,0.0,4.0,2286435,1.0
42.0,1984.0,99.83321,14.69549,2.0,4.0,4.0,2319768,1.0
42.0,1986.0,60.177197,24.559624,3.0,0.0,7.0,2331984,1.0
42.0,1990.0,47.29958,99.66643,2.0,4.0,7.0,2354343,1.0
42.0,1992.0,55.074757,20.35439,3.0,0.0,10.0,2394098,1.0
42.0,1996.0,53.89653,-5.4008393,2.0,,,2504858,0.0
42.0,1998.0,55.897778,12.846464,3.0,,,2538202,1.0
42.0,2002.0,79.53297,7.793057,2.0,,,2705927,1.0
42.0,2004.0,36.945114,11.828271,3.0,,,2749686,1.0
42.0,2008.0,,59.065937,2.0,,,2874554,1.0
42.0,2010.0,,-20.957825,3.0,,,2915918,0.0
43.0,1914.0,74.26535,99.038086,3.0,0.0,4.0,871000,1.0
43.0,1916.0,87.98268,70.40968,1.0,0.0,1.0,924000,1.0
43.0,1920.0,77.8642,53.31833,3.0,0.0,7.0,962000,1.0
43.0,1922.0,68.52988,75.965355,1.0,0.0,4.0,1044000,1.0
43.0,1926.0,99.77622,65.08205,3.0,0.0,10.0,1368000,1.0
43.0,1928.0,100.0,37.06065,1.0,0.0,7.0,1433000,1.0
43.0,1938.0,71.27933,64.890945,3.0,0.0,3.0,1771000,1.0
43.0,1944.0,76.23506,42.558655,3.0,0.0,6.0,2420000,1.0
43.0,1950.0,100.0,52.556885,3.0,2.0,1.0,2771000,1.0
43.0,1952.0,71.22949,99.632576,1.0,0.0,5.0,3157000,1.0
43.0,1956.0,70.02003,100.0,3.0,2.0,4.0,4047000,1.0
43.0,1958.0,63.933945,42.45899,1.0,0.0,8.0,4630000,1.0
43.0,1962.0,44.099655,40.060604,3.0,2.0,7.0,5458000,1.0
43.0,1964.0,53.864742,27.902498,1.0,0.0,11.0,5781000,1.0
43.0,1968.0,43.377625,-11.800692,3.0,3.0,1.0,6433000,0.0
43.0,1970.0,62.974506,7.736823,1.0,0.0,1.0,6791418,1.0
43.0,1974.0,48.338875,2.4635406,3.0,0.0,1.0,8298762,1.0
43.0,1976.0,61.728943,25.953564,1.0,0.0,4.0,8667379,1.0
43.0,1980.0,54.738926,-3.3177466,3.0,0.0,1.0,9746324,0.0
43.0,1982.0,49.56857,23.457886,1.0,0.0,7.0,10471407,1.0
43.0,1986.0,65.40458,9.480098,3.0,0.0,1.0,11667505,1.0
43.0,1988.0,29.47784,-0.84848404,1.0,3.0,1.0,12306395,0.0
43.0,1992.0,62.46938,30.813595,3.0,0.0,4.0,13504775,1.0
43.0,1994.0,51.043613,-41.01904,1.0,,,13961798,0.0
43.0,1998.0,48.321026,24.938759,3.0,,,14908230,1.0
43.0,2000.0,60.300983,4.851496,1.0,,,15982571,1.0
43.0,2006.0,,22.205353,1.0,,,18166990,1.0
43.0,2010.0,,-40.825127,3.0,,,18801310,0.0
44.0,1914.0,94.898346,36.757706,3.0,0.0,3.0,2776000,1.0
44.0,1918.0,100.0,76.72055,2.0,0.0,1.0,2941000,1.0
44.0,1924.0,99.9982,100.0,2.0,0.0,4.0,2920000,1.0
44.0,1926.0,92.81834,100.0,3.0,0.0,4.0,2869000,1.0
44.0,1932.0,95.10655,85.63667,3.0,0.0,7.0,2935000,1.0
44.0,1936.0,96.93662,100.0,2.0,0.0,4.0,2978000,1.0
44.0,1938.0,99.998535,90.213104,3.0,0.0,10.0,3091000,1.0
44.0,1942.0,99.889656,93.87325,2.0,0.0,7.0,3209000,1.0
44.0,1944.0,99.99885,99.99707,3.0,0.0,13.0,3176000,1.0
44.0,1948.0,99.99431,99.779305,2.0,0.0,10.0,3259000,1.0
44.0,1950.0,99.96804,99.997696,3.0,0.0,16.0,3445000,1.0
44.0,1954.0,99.93842,99.98862,2.0,0.0,13.0,3602000,1.0
44.0,1956.0,100.0,99.93608,3.0,0.0,1.0,3701000,1.0
44.0,1960.0,99.95327,99.87685,2.0,0.0,16.0,3943000,1.0
44.0,1962.0,77.5115,100.0,3.0,0.0,4.0,4086000,1.0
44.0,1968.0,71.736595,55.02299,3.0,0.0,7.0,4482000,1.0
44.0,1972.0,83.13389,7.9469533,2.0,0.0,2.0,4809490,1.0
44.0,1974.0,49.128292,43.508987,3.0,0.0,10.0,4999419,1.0
44.0,1978.0,79.94433,66.26778,2.0,0.0,5.0,5295751,1.0
44.0,1980.0,50.91702,-1.743415,3.0,0.0,1.0,5463105,0.0
44.0,1984.0,100.0,59.88866,2.0,0.0,8.0,5834954,1.0
44.0,1986.0,49.352585,1.8340349,3.0,5.0,1.0,6084666,1.0
44.0,1990.0,48.865856,100.0,2.0,0.0,11.0,6506531,1.0
44.0,1992.0,45.15075,-1.2948275,3.0,0.0,1.0,6759474,0.0
44.0,1996.0,45.90449,1.3289481,2.0,,,7332225,1.0
44.0,2002.0,42.560417,-6.8618984,2.0,,,8508256,0.0
44.0,2004.0,38.998646,-17.898643,3.0,,,8769252,0.0
44.0,2008.0,,-14.879168,2.0,,,9504843,0.0
44.0,2010.0,,-19.308735,3.0,,,9687653,0.0
45.0,1920.0,99.976006,100.0,3.0,0.0,1.0,1813000,1.0
45.0,1924.0,99.98162,100.0,2.0,7.0,7.0,1939000,1.0
45.0,1926.0,99.998795,99.95202,3.0,1.0,4.0,2005000,1.0
45.0,1932.0,99.83535,99.99759,3.0,1.0,1.0,2155000,1.0
45.0,1936.0,100.0,99.99523,2.0,0.0,1.0,2246000,1.0
45.0,1938.0,99.99092,99.6707,3.0,1.0,4.0,2285000,1.0
45.0,1942.0,99.99728,100.0,2.0,0.0,4.0,2546000,1.0
45.0,1948.0,100.0,99.99455,2.0,0.0,7.0,2596000,1.0
45.0,1950.0,100.0,75.43579,3.0,0.0,3.0,2684000,1.0
45.0,1954.0,79.75775,100.0,2.0,0.0,10.0,2883000,1.0
45.0,1956.0,75.57122,100.0,3.0,0.0,6.0,3032000,1.0
45.0,1960.0,100.0,59.5155,2.0,0.0,13.0,3257000,1.0
45.0,1962.0,100.0,51.14244,3.0,0.0,9.0,3345000,1.0
45.0,1968.0,100.0,100.0,3.0,0.0,12.0,3603000,1.0
45.0,1972.0,100.0,29.487955,2.0,0.0,1.0,3761646,1.0
45.0,1974.0,57.6412,100.0,3.0,0.0,15.0,3820109,1.0
45.0,1978.0,85.758965,100.0,2.0,0.0,4.0,4068579,1.0
45.0,1980.0,52.82047,16.916027,3.0,0.0,17.0,4205900,1.0
45.0,1984.0,53.92844,76.910614,2.0,0.0,7.0,4400477,1.0
45.0,1986.0,73.07165,5.640936,3.0,8.0,1.0,4406919,1.0
45.0,1990.0,50.170223,10.422579,2.0,0.0,10.0,4219179,1.0
45.0,1992.0,64.02439,54.444946,3.0,8.0,4.0,4270849,1.0
45.0,1996.0,51.700485,0.3404498,2.0,,,4338763,1.0
45.0,1998.0,29.336231,32.387264,3.0,,,4362758,1.0
45.0,2002.0,52.109646,3.4009666,2.0,,,4497267,1.0
45.0,2004.0,37.673855,-21.69112,3.0,,,4552238,0.0
45.0,2008.0,,6.386307,2.0,,,4435586,1.0
45.0,2010.0,,-18.880957,3.0,,,4533372,0.0
46.0,1916.0,93.210884,100.0,1.0,8.0,4.0,1823000,1.0
46.0,1918.0,100.0,90.07716,2.0,4.0,1.0,1813000,1.0
46.0,1922.0,100.0,88.286385,1.0,5.0,1.0,1836000,1.0
46.0,1924.0,100.0,100.0,2.0,4.0,4.0,1886000,1.0
46.0,1928.0,100.0,100.0,1.0,5.0,4.0,1981000,1.0
46.0,1930.0,100.0,100.0,2.0,4.0,7.0,2006000,1.0
46.0,1934.0,100.0,100.0,1.0,0.0,1.0,2050000,1.0
46.0,1940.0,100.0,100.0,1.0,0.0,4.0,2176000,1.0
46.0,1942.0,100.0,100.0,2.0,0.0,2.0,2210000,1.0
46.0,1948.0,95.56697,100.0,2.0,0.0,5.0,2076000,1.0
46.0,1952.0,100.0,100.0,1.0,0.0,4.0,2152000,1.0
46.0,1954.0,91.806435,91.13394,2.0,0.0,8.0,2064000,1.0
46.0,1958.0,100.0,100.0,1.0,0.0,7.0,2086000,1.0
46.0,1960.0,65.4553,83.61287,2.0,0.0,11.0,2178000,1.0
46.0,1964.0,88.404915,100.0,1.0,0.0,10.0,2241000,1.0
46.0,1966.0,58.088165,38.67684,2.0,0.0,14.0,2245000,1.0
46.0,1970.0,100.0,76.80984,1.0,0.0,13.0,2216994,1.0
46.0,1972.0,31.759304,19.407478,2.0,0.0,17.0,2307117,1.0
46.0,1976.0,64.19881,100.0,1.0,0.0,16.0,2429756,1.0
46.0,1978.0,39.05801,-13.29512,2.0,3.0,1.0,2487816,0.0
46.0,1982.0,46.0896,28.397617,1.0,0.0,19.0,2556777,1.0
46.0,1984.0,0.0,-21.883976,2.0,3.0,4.0,2578051,0.0
46.0,1988.0,31.20485,-7.8208,1.0,8.0,1.0,2580352,0.0
46.0,1990.0,27.387894,-100.0,2.0,3.0,7.0,2577426,0.0
46.0,1994.0,31.594013,-37.5903,1.0,,,2663450,0.0
46.0,1996.0,0.0,-43.646706,2.0,,,2709925,0.0
46.0,2000.0,34.86539,-34.28588,1.0,,,2844754,0.0
46.0,2002.0,38.564953,-84.57942,2.0,,,2858681,0.0
46.0,2008.0,,-22.87009,2.0,,,2947806,0.0
47.0,1914.0,57.51704,16.39361,3.0,0.0,7.0,2421000,1.0
47.0,1918.0,61.550903,20.9977,2.0,1.0,10.0,2522000,1.0
47.0,1920.0,60.50826,15.034077,3.0,0.0,10.0,2588000,1.0
47.0,1924.0,60.609394,23.101803,2.0,1.0,13.0,2830000,1.0
47.0,1930.0,70.76859,21.218792,2.0,0.0,1.0,3167000,1.0
47.0,1932.0,63.828995,36.51296,3.0,0.0,2.0,3227000,1.0
47.0,1936.0,65.913124,41.537193,2.0,0.0,4.0,3346000,1.0
47.0,1938.0,70.25242,27.657986,3.0,0.0,5.0,3440000,1.0
47.0,1944.0,68.66474,40.504837,3.0,1.0,1.0,3560000,1.0
47.0,1956.0,60.44604,33.1151,3.0,1.0,3.0,4309000,1.0
47.0,1960.0,55.593372,22.885048,2.0,0.0,3.0,4556000,1.0
47.0,1962.0,60.55672,20.892084,3.0,1.0,6.0,4707000,1.0
47.0,1966.0,45.994846,11.190737,2.0,0.0,6.0,4896000,1.0
47.0,1968.0,62.112457,21.113443,3.0,1.0,9.0,5004000,1.0
47.0,1972.0,45.488346,-8.0103035,2.0,0.0,1.0,5301150,0.0
47.0,1974.0,49.37811,25.1044,3.0,0.0,1.0,5470911,1.0
47.0,1978.0,47.8099,-9.023309,2.0,0.0,4.0,5759492,0.0
47.0,1984.0,47.428493,-3.8534164,2.0,0.0,7.0,6164006,0.0
47.0,1986.0,46.317513,3.5186915,3.0,0.0,2.0,6321578,1.0
47.0,1990.0,45.91806,-5.110109,2.0,0.0,10.0,6656987,0.0
47.0,1992.0,51.151287,-4.0295362,3.0,0.0,1.0,6831850,0.0
47.0,1996.0,44.955025,-6.72642,2.0,,,7307658,0.0
47.0,1998.0,47.018677,4.1395693,3.0,,,7545828,1.0
47.0,2002.0,52.652782,-8.608559,2.0,,,8326201,0.0
47.0,2004.0,43.046616,-4.5771656,3.0,,,8553152,0.0
47.0,2008.0,,8.469185,2.0,,,9309449,1.0
47.0,2010.0,,-11.765516,3.0,,,9535483,0.0
48.0,1914.0,99.99844,99.52164,3.0,0.0,4.0,1622000,1.0
48.0,1918.0,100.0,100.0,2.0,0.0,1.0,1746000,1.0
48.0,1920.0,100.0,99.99689,3.0,0.0,7.0,1685000,1.0
48.0,1924.0,100.0,100.0,2.0,0.0,1.0,1710000,1.0
48.0,1926.0,98.1437,100.0,3.0,0.0,10.0,1726000,1.0
48.0,1930.0,98.55756,100.0,2.0,7.0,1.0,1745000,1.0
48.0,1932.0,98.89756,96.28739,3.0,0.0,13.0,1748000,1.0
48.0,1942.0,96.44838,99.98287,2.0,0.0,2.0,2007000,1.0
48.0,1944.0,99.92641,89.0442,3.0,0.0,1.0,1943000,1.0
48.0,1950.0,82.20553,99.85281,3.0,0.0,4.0,2117000,1.0
48.0,1956.0,57.16095,64.455345,3.0,0.0,7.0,2229000,1.0
48.0,1966.0,36.68851,-24.376276,2.0,0.0,8.0,2520000,0.0
48.0,1968.0,69.50197,23.784763,3.0,0.0,3.0,2559000,1.0
48.0,1972.0,44.42097,-26.596796,2.0,0.0,11.0,2719197,0.0
48.0,1974.0,70.368065,40.882553,3.0,0.0,6.0,2844749,1.0
48.0,1978.0,31.807322,-11.158061,2.0,0.0,14.0,3044364,0.0
48.0,1980.0,63.072075,40.736126,3.0,0.0,9.0,3121820,1.0
48.0,1984.0,32.517223,-35.003883,2.0,0.0,17.0,3271868,0.0
48.0,1986.0,50.068707,27.441463,3.0,0.0,12.0,3342758,1.0
48.0,1990.0,43.995464,-31.69241,2.0,0.0,20.0,3499064,0.0
48.0,1992.0,52.677685,3.122148,3.0,0.0,15.0,3600576,1.0
48.0,1996.0,44.186943,-9.377527,2.0,,,3738974,0.0
48.0,1998.0,44.100597,6.988141,3.0,,,3839578,1.0
48.0,2002.0,42.24687,-10.213625,2.0,,,4107795,0.0
48.0,2004.0,27.646318,-9.565553,3.0,,,4210921,0.0
48.0,2008.0,,-15.277776,2.0,,,4528996,0.0
48.0,2010.0,,-33.831898,3.0,,,4625364,0.0
49.0,1916.0,66.63272,68.206436,1.0,0.0,10.0,4444000,1.0
49.0,1918.0,85.39583,74.26082,2.0,6.0,5.0,4666000,1.0
49.0,1922.0,81.21171,33.265438,1.0,0.0,1.0,4955000,1.0
49.0,1924.0,86.90869,70.791664,2.0,6.0,8.0,5210000,1.0
49.0,1928.0,96.682205,62.53875,1.0,6.0,1.0,5675000,1.0
49.0,1930.0,92.55536,74.176025,2.0,6.0,11.0,5844000,1.0
49.0,1934.0,94.26639,93.83892,1.0,6.0,4.0,6053000,1.0
49.0,1940.0,88.53791,88.57127,1.0,6.0,7.0,6425000,1.0
49.0,1942.0,66.21533,90.50346,2.0,0.0,2.0,6711000,1.0
49.0,1946.0,99.968925,77.07581,1.0,6.0,10.0,7197000,1.0
49.0,1948.0,84.7353,33.270428,2.0,6.0,1.0,7626000,1.0
49.0,1954.0,57.97422,69.94587,2.0,6.0,4.0,8382000,1.0
49.0,1958.0,56.222694,50.957912,1.0,0.0,2.0,9252000,1.0
49.0,1964.0,53.49427,12.658957,1.0,0.0,5.0,10270000,1.0
49.0,1966.0,44.289043,-13.30356,2.0,0.0,4.0,10492000,0.0
49.0,1970.0,56.780148,7.069555,1.0,4.0,1.0,11198655,1.0
49.0,1972.0,49.259644,-9.106645,2.0,0.0,7.0,11759148,0.0
49.0,1976.0,58.594154,14.545968,1.0,4.0,4.0,12904089,1.0
49.0,1978.0,41.446804,-0.528726,2.0,0.0,10.0,13500429,0.0
49.0,1982.0,59.16678,18.093767,1.0,4.0,7.0,15331415,1.0
49.0,1984.0,37.413063,-17.101252,2.0,3.0,1.0,16007086,0.0
49.0,1990.0,43.940334,-22.824045,2.0,3.0,4.0,17044714,0.0
49.0,1994.0,32.3471,-22.537767,1.0,,,18338319,0.0
49.0,1996.0,43.32638,-10.835102,2.0,,,19006240,0.0
49.0,2000.0,36.04458,-32.689022,1.0,,,20851028,0.0
49.0,2002.0,42.837875,-11.973497,2.0,,,21690325,0.0
49.0,2006.0,,-25.647125,1.0,,,23359580,0.0
49.0,2008.0,,-11.983002,2.0,,,24309039,0.0
51.0,1914.0,49.724285,9.195158,3.0,0.0,1.0,2395000,1.0
51.0,1918.0,48.443752,1.5386224,2.0,6.0,1.0,2425000,1.0
51.0,1920.0,51.83689,-0.5514294,3.0,0.0,1.0,2421000,0.0
51.0,1926.0,59.14592,3.673777,3.0,7.0,1.0,2545000,1.0
51.0,1930.0,58.7991,4.2679667,2.0,0.0,1.0,2623000,1.0
51.0,1932.0,62.027615,18.630373,3.0,7.0,4.0,2676000,1.0
51.0,1938.0,54.812042,24.055233,3.0,7.0,7.0,2800000,1.0
51.0,1950.0,49.653316,9.055227,3.0,2.0,2.0,2945000,1.0
51.0,1956.0,47.24371,-0.6933689,3.0,3.0,1.0,2898000,0.0
51.0,1960.0,35.482685,-18.357336,2.0,0.0,8.0,3038000,0.0
51.0,1966.0,50.926857,-29.034626,2.0,0.0,11.0,3147000,0.0
51.0,1968.0,53.54011,-3.743908,3.0,0.0,2.0,3195000,0.0
51.0,1972.0,60.977425,3.2964916,2.0,0.0,1.0,3335728,1.0
51.0,1974.0,65.1249,9.44029,3.0,0.0,1.0,3416315,1.0
51.0,1978.0,49.491383,24.112432,2.0,0.0,4.0,3609976,1.0
51.0,1980.0,74.38209,30.249798,3.0,0.0,4.0,3660777,1.0
51.0,1984.0,47.81345,-0.42167604,2.0,0.0,1.0,3695453,0.0
51.0,1986.0,62.883343,48.790012,3.0,0.0,7.0,3687809,1.0
51.0,1990.0,42.845623,-4.3730974,2.0,0.0,4.0,3692584,0.0
51.0,1992.0,49.156986,27.071556,3.0,0.0,10.0,3756358,1.0
51.0,1996.0,35.319736,-12.607208,2.0,,,3881051,0.0
51.0,1998.0,49.343178,-0.5907059,3.0,,,3934310,0.0
51.0,2002.0,47.034378,-29.346207,2.0,,,4089875,0.0
51.0,2004.0,44.220947,-1.3136476,3.0,,,4146101,0.0
51.0,2008.0,,-5.931237,2.0,,,4289878,0.0
51.0,2010.0,,-11.468607,3.0,,,4339367,0.0
52.0,1914.0,43.250317,7.09748,3.0,1.0,5.0,1389000,1.0
52.0,1916.0,52.61167,-1.7018139,1.0,0.0,1.0,1415000,0.0
52.0,1920.0,57.63219,-4.038486,3.0,0.0,1.0,1464000,0.0
52.0,1922.0,45.235588,6.9842935,1.0,0.0,1.0,1509000,1.0
52.0,1926.0,66.2176,16.343525,3.0,2.0,1.0,1576000,1.0
52.0,1928.0,56.09685,-8.812467,1.0,0.0,1.0,1610000,0.0
52.0,1932.0,68.27582,35.011105,3.0,2.0,4.0,1678000,1.0
52.0,1934.0,65.909615,14.144409,1.0,0.0,1.0,1710000,1.0
52.0,1938.0,61.731106,38.98647,3.0,2.0,7.0,1766000,1.0
52.0,1940.0,50.176228,31.819225,1.0,0.0,4.0,1839000,1.0
52.0,1944.0,45.999603,23.46221,3.0,2.0,10.0,2118000,1.0
52.0,1946.0,47.46243,0.3524512,1.0,0.0,1.0,2214000,1.0
52.0,1950.0,46.97641,-7.002926,3.0,0.0,1.0,2343000,0.0
52.0,1952.0,49.015667,-5.075142,1.0,5.0,1.0,2500000,0.0
52.0,1956.0,62.032856,-6.0471864,3.0,0.0,4.0,2811000,0.0
52.0,1958.0,62.776894,-1.968661,1.0,5.0,4.0,2982000,0.0
52.0,1962.0,39.107033,24.065853,3.0,2.0,1.0,3263000,1.0
52.0,1964.0,48.142666,25.554436,1.0,0.0,1.0,3492000,1.0
52.0,1968.0,42.671333,-8.690453,3.0,4.0,1.0,3815000,0.0
52.0,1970.0,56.55216,-2.5657415,1.0,1.0,1.0,3923897,0.0
52.0,1974.0,33.83268,-14.6573305,3.0,4.0,4.0,4118815,0.0
52.0,1976.0,63.457645,17.700413,1.0,3.0,1.0,4150539,1.0
52.0,1980.0,60.68691,-32.33465,3.0,4.0,7.0,4216975,0.0
52.0,1982.0,61.788857,26.915287,1.0,3.0,4.0,4282923,1.0
52.0,1986.0,70.99881,21.373909,3.0,5.0,1.0,4486957,1.0
52.0,1988.0,59.09887,23.600101,1.0,3.0,7.0,4657904,1.0
52.0,1992.0,70.503975,42.02135,3.0,5.0,4.0,4902545,1.0
52.0,1994.0,63.178093,18.202925,1.0,,,4985411,1.0
52.0,1998.0,64.76851,41.007946,3.0,,,5130072,1.0
52.0,2000.0,54.205597,26.443863,1.0,,,5296647,1.0
52.0,2004.0,62.19298,31.062386,3.0,,,5546935,1.0
52.0,2006.0,,10.010168,1.0,,,5627367,1.0
52.0,2010.0,,26.439613,3.0,,,5773552,1.0
53.0,1914.0,44.587803,18.53491,3.0,0.0,5.0,1824000,1.0
53.0,1918.0,35.410015,14.703136,2.0,0.0,7.0,1969000,1.0
53.0,1920.0,54.775047,-5.992794,3.0,1.0,1.0,2055000,0.0
53.0,1924.0,52.29091,-26.160713,2.0,0.0,1.0,2179000,0.0
53.0,1926.0,65.60853,10.102031,3.0,2.0,1.0,2256000,1.0
53.0,1930.0,67.969604,4.751876,2.0,0.0,8.0,2401000,1.0
53.0,1932.0,65.37003,31.912968,3.0,2.0,4.0,2394000,1.0
53.0,1936.0,44.75528,36.42301,2.0,1.0,1.0,2365000,1.0
53.0,1938.0,55.64555,31.460985,3.0,2.0,7.0,2324000,1.0
53.0,1942.0,62.29859,-10.073447,2.0,0.0,1.0,2215000,0.0
53.0,1944.0,54.810776,11.621541,3.0,2.0,10.0,2043000,1.0
53.0,1948.0,55.84333,24.894527,2.0,0.0,1.0,2089000,1.0
53.0,1950.0,55.34505,9.621549,3.0,6.0,1.0,2233000,1.0
53.0,1954.0,54.844387,12.1832285,2.0,0.0,4.0,2209000,1.0
53.0,1956.0,53.239597,10.690108,3.0,6.0,4.0,2273000,1.0
53.0,1962.0,46.160954,6.908855,3.0,6.0,7.0,2427000,1.0
53.0,1966.0,47.57628,7.4477673,2.0,0.0,3.0,2454000,1.0
53.0,1968.0,48.89588,-5.550647,3.0,0.0,1.0,2503000,0.0
53.0,1972.0,65.488075,-3.8523674,2.0,0.0,1.0,2658646,0.0
53.0,1974.0,43.547813,-0.48433244,3.0,0.0,4.0,2734768,0.0
53.0,1978.0,75.64096,32.6273,2.0,0.0,1.0,2917336,1.0
53.0,1980.0,44.78519,-9.921661,3.0,0.0,1.0,3025290,0.0
53.0,1984.0,83.175316,52.21418,2.0,0.0,4.0,3285533,1.0
53.0,1986.0,38.19076,-10.429621,3.0,0.0,4.0,3252735,0.0
53.0,1990.0,40.076237,66.350624,2.0,0.0,7.0,3147105,1.0
53.0,1992.0,31.277647,-20.358572,3.0,0.0,7.0,3204174,0.0
53.0,1996.0,36.309925,-16.60381,2.0,,,3289634,0.0
53.0,1998.0,41.24489,-35.10288,3.0,,,3339478,0.0
53.0,2002.0,39.183884,-20.99224,2.0,,,3489080,0.0
53.0,2004.0,26.133188,-11.520439,3.0,,,3525233,0.0
53.0,2008.0,,-17.495966,2.0,,,3668976,0.0
53.0,2010.0,,-44.503517,3.0,,,3751351,0.0
54.0,1916.0,68.03235,9.673012,1.0,3.0,1.0,2304000,1.0
54.0,1918.0,57.310287,24.348965,2.0,0.0,4.0,2288000,1.0
54.0,1922.0,59.323345,36.064693,1.0,3.0,4.0,2424000,1.0
54.0,1928.0,63.394905,18.646694,1.0,3.0,7.0,2624000,1.0
54.0,1934.0,70.80409,27.582281,1.0,3.0,10.0,2784000,1.0
54.0,1940.0,66.59686,41.616337,1.0,3.0,13.0,2935000,1.0
54.0,1942.0,65.32502,47.364628,2.0,0.0,3.0,2939000,1.0
54.0,1946.0,74.18633,40.426594,1.0,3.0,16.0,3074000,1.0
54.0,1948.0,69.95973,31.877958,2.0,5.0,1.0,3216000,1.0
54.0,1952.0,79.00196,53.311054,1.0,7.0,1.0,3352000,1.0
54.0,1954.0,71.74971,39.91946,2.0,5.0,4.0,3359000,1.0
54.0,1958.0,53.62146,59.988396,1.0,7.0,4.0,3471000,1.0
54.0,1964.0,47.38729,7.2430134,1.0,7.0,7.0,3771000,1.0
54.0,1966.0,37.84581,-11.4445715,2.0,0.0,1.0,3822000,0.0
54.0,1970.0,52.45502,-3.900218,1.0,4.0,1.0,3926018,0.0
54.0,1972.0,40.29306,-23.702217,2.0,0.0,4.0,4094611,0.0
54.0,1976.0,61.924297,5.4431915,1.0,0.0,1.0,4346928,1.0
54.0,1978.0,60.714085,-15.246373,2.0,0.0,7.0,4486314,0.0
54.0,1982.0,65.08891,23.850975,1.0,0.0,4.0,4646041,1.0
54.0,1984.0,67.72332,26.91588,2.0,4.0,1.0,4686737,1.0
54.0,1988.0,42.094555,30.566221,1.0,0.0,7.0,4822437,1.0
54.0,1994.0,32.207188,-14.257177,1.0,,,5163016,0.0
54.0,1996.0,44.34277,-24.547466,2.0,,,5313576,0.0
54.0,2000.0,47.989227,-32.888504,1.0,,,5689427,0.0
54.0,2002.0,31.644014,-9.931985,2.0,,,5795918,0.0
54.0,2006.0,,-2.7231872,1.0,,,6088766,0.0
54.0,2008.0,,-33.50021,2.0,,,6247411,0.0
56.0,1916.0,51.146107,-1.9666016,1.0,2.0,1.0,1414000,0.0
56.0,1918.0,47.72229,-8.131716,2.0,0.0,2.0,1438000,0.0
56.0,1922.0,49.182026,3.5512388,1.0,4.0,1.0,1498000,1.0
56.0,1924.0,61.908,-3.1945527,2.0,0.0,1.0,1577000,0.0
56.0,1928.0,55.136776,-1.4936388,1.0,0.0,1.0,1696000,0.0
56.0,1930.0,59.08465,24.049736,2.0,4.0,4.0,1733000,1.0
56.0,1934.0,56.326042,10.735756,1.0,0.0,1.0,1771000,1.0
56.0,1940.0,50.325554,12.65209,1.0,0.0,1.0,1907000,1.0
56.0,1942.0,56.991863,-10.729721,2.0,0.0,1.0,1831000,0.0
56.0,1946.0,53.620064,0.6511092,1.0,0.0,4.0,1826000,1.0
56.0,1948.0,54.820007,13.9837265,2.0,5.0,10.0,1899000,1.0
56.0,1958.0,67.66835,18.385777,1.0,3.0,1.0,1845000,1.0
56.0,1960.0,59.510483,10.67498,2.0,7.0,3.0,1860000,1.0
56.0,1964.0,77.63625,35.336697,1.0,3.0,4.0,1797000,1.0
56.0,1966.0,66.450226,19.020962,2.0,7.0,6.0,1775000,1.0
56.0,1970.0,100.0,55.272507,1.0,3.0,7.0,1744237,1.0
56.0,1972.0,50.478058,32.90045,2.0,7.0,9.0,1797648,1.0
56.0,1976.0,68.4876,100.0,1.0,3.0,10.0,1879503,1.0
56.0,1978.0,51.817608,0.9561151,2.0,7.0,12.0,1923395,1.0
56.0,1982.0,64.76794,37.724167,1.0,3.0,13.0,1949604,1.0
56.0,1984.0,68.32317,4.0920076,2.0,0.0,1.0,1927697,1.0
56.0,1988.0,69.01167,29.535875,1.0,3.0,16.0,1830215,1.0
56.0,1990.0,76.647964,36.646343,2.0,0.0,4.0,1792481,1.0
56.0,1994.0,77.75193,38.023357,1.0,,,1818490,1.0
56.0,1996.0,63.11135,53.29592,2.0,,,1818983,1.0
56.0,2000.0,64.42407,57.59623,1.0,,,1808193,1.0
56.0,2002.0,63.727028,26.22271,2.0,,,1805414,1.0
56.0,2008.0,,27.470997,2.0,,,1840310,1.0
61.0,1914.0,44.83262,25.419394,3.0,0.0,3.0,253000,1.0
61.0,1916.0,65.032745,15.97369,1.0,0.0,4.0,282000,1.0
61.0,1920.0,58.337696,-10.334757,3.0,0.0,1.0,340000,0.0
61.0,1922.0,54.24744,30.065489,1.0,0.0,7.0,360000,1.0
61.0,1926.0,66.66786,16.675388,3.0,8.0,1.0,403000,1.0
61.0,1928.0,72.02726,8.494878,1.0,0.0,10.0,422000,1.0
61.0,1932.0,76.52185,34.6061,3.0,8.0,4.0,426000,1.0
61.0,1934.0,71.61101,46.39374,1.0,0.0,13.0,428000,1.0
61.0,1938.0,69.36787,53.0437,3.0,8.0,7.0,466000,1.0
61.0,1940.0,69.18074,43.63054,1.0,0.0,1.0,499000,1.0
61.0,1944.0,62.804443,38.735737,3.0,8.0,10.0,610000,1.0
61.0,1946.0,48.693672,39.051437,1.0,0.0,4.0,616000,1.0
61.0,1950.0,61.38653,25.608885,3.0,8.0,13.0,750000,1.0
61.0,1952.0,43.944107,-2.6126533,1.0,0.0,1.0,842000,0.0
61.0,1956.0,54.9405,22.77306,3.0,8.0,16.0,1053000,1.0
61.0,1958.0,48.572914,-12.111792,1.0,0.0,4.0,1193000,0.0
61.0,1962.0,42.783653,9.880999,3.0,8.0,19.0,1471000,1.0
61.0,1964.0,44.020046,-2.8541684,1.0,0.0,1.0,1556000,0.0
61.0,1968.0,41.737602,-14.432693,3.0,0.0,7.0,1682000,0.0
61.0,1970.0,54.010876,-11.959902,1.0,0.0,4.0,1775399,0.0
61.0,1974.0,48.38179,-16.524796,3.0,0.0,10.0,2223196,0.0
61.0,1976.0,56.910973,10.67147,1.0,0.0,1.0,2346157,1.0
61.0,1980.0,39.512886,-1.0751069,3.0,0.0,13.0,2718215,0.0
61.0,1982.0,56.709393,16.60775,1.0,0.0,4.0,2889861,1.0
61.0,1986.0,31.570541,-20.961943,3.0,2.0,1.0,3308262,0.0
61.0,1988.0,39.543007,15.657952,1.0,0.0,7.0,3535183,1.0
61.0,1992.0,27.161694,-24.24469,3.0,2.0,4.0,3867333,0.0
61.0,1994.0,0.0,-14.162689,1.0,,,4147561,0.0
61.0,1998.0,20.62047,-41.583073,3.0,,,4667277,0.0
61.0,2000.0,43.499397,-79.322525,1.0,,,5130247,0.0
61.0,2004.0,34.651245,-56.118565,3.0,,,5652404,0.0
61.0,2006.0,,-9.841418,1.0,,,6029141,0.0
61.0,2010.0,,-24.208828,3.0,,,6392017,0.0
62.0,1914.0,39.307102,1.306805,3.0,0.0,3.0,846000,1.0
62.0,1918.0,43.894913,-1.5522867,2.0,0.0,1.0,906000,0.0
62.0,1924.0,55.848957,-6.29791,2.0,0.0,4.0,1014000,0.0
62.0,1930.0,63.45037,13.197226,2.0,0.0,1.0,1040000,1.0
62.0,1932.0,58.242268,6.4163446,3.0,0.0,2.0,1066000,1.0
62.0,1936.0,50.23418,28.202707,2.0,0.0,1.0,1090000,1.0
62.0,1942.0,66.7918,1.0477692,2.0,0.0,4.0,1113000,1.0
62.0,1944.0,46.746605,-12.826768,3.0,0.0,3.0,1137000,0.0
62.0,1948.0,48.676548,34.43301,2.0,0.0,7.0,1263000,1.0
62.0,1950.0,50.21743,-6.5067887,3.0,0.0,6.0,1325000,0.0
62.0,1954.0,46.01963,-2.6469083,2.0,0.0,1.0,1493000,0.0
62.0,1956.0,45.57645,0.43486655,3.0,2.0,1.0,1625000,1.0
62.0,1960.0,41.93171,-7.5002103,2.0,0.0,4.0,1754000,0.0
62.0,1962.0,41.44737,-7.9989343,3.0,1.0,1.0,1899000,0.0
62.0,1966.0,49.405945,-16.084286,2.0,0.0,7.0,2007000,0.0
62.0,1968.0,57.23252,-17.10526,3.0,1.0,4.0,2120000,0.0
62.0,1972.0,40.315815,1.0353178,2.0,0.0,1.0,2404619,1.0
62.0,1974.0,50.334995,17.737082,3.0,0.0,1.0,2541406,1.0
62.0,1978.0,34.621967,-18.354269,2.0,3.0,1.0,2766748,0.0
62.0,1980.0,49.915855,1.6371399,3.0,0.0,4.0,2889964,1.0
62.0,1984.0,41.655716,-29.626392,2.0,3.0,4.0,3169992,0.0
62.0,1986.0,51.77676,1.5515447,3.0,6.0,1.0,3237450,1.0
62.0,1990.0,46.107437,-14.020911,2.0,5.0,1.0,3303862,0.0
62.0,1996.0,45.76924,-4.9485893,2.0,,,3812716,0.0
62.0,1998.0,51.30061,-27.47185,3.0,,,3968967,0.0
62.0,2002.0,52.79593,-4.438868,2.0,,,4490406,0.0
62.0,2008.0,,10.304231,2.0,,,4889730,1.0
62.0,2010.0,,1.6283482,3.0,,,5029196,1.0
63.0,1918.0,20.063057,-34.4263,2.0,0.0,7.0,405000,0.0
63.0,1920.0,24.99221,-8.16524,3.0,0.0,2.0,433000,0.0
63.0,1924.0,27.583525,-59.432793,2.0,0.0,10.0,434000,0.0
63.0,1930.0,36.641777,-44.832954,2.0,0.0,13.0,447000,0.0
63.0,1932.0,54.660023,13.399371,3.0,0.0,1.0,459000,1.0
63.0,1938.0,51.127373,9.782842,3.0,2.0,1.0,513000,1.0
63.0,1944.0,38.318512,2.2547483,3.0,0.0,1.0,529000,1.0
63.0,1950.0,56.200714,-23.362974,3.0,0.0,1.0,589000,0.0
63.0,1954.0,47.740467,-25.674889,2.0,4.0,6.0,600000,0.0
63.0,1956.0,54.73905,17.45812,3.0,0.0,1.0,628000,1.0
63.0,1962.0,60.262753,9.478104,3.0,0.0,4.0,692000,1.0
63.0,1966.0,45.51424,-10.767022,2.0,0.0,4.0,689000,0.0
63.0,1968.0,56.071735,20.525503,3.0,0.0,7.0,695000,1.0
63.0,1972.0,31.612045,-6.747696,2.0,3.0,1.0,763237,0.0
63.0,1974.0,48.77527,13.934099,3.0,0.0,10.0,807990,1.0
63.0,1978.0,25.99688,-36.77591,2.0,3.0,4.0,910690,0.0
63.0,1980.0,48.443554,-0.9694129,3.0,4.0,1.0,943935,0.0
63.0,1984.0,38.70879,-46.188274,2.0,3.0,7.0,990839,0.0
63.0,1986.0,43.476334,-3.1128912,3.0,4.0,4.0,990224,0.0
63.0,1990.0,39.905235,-22.582424,2.0,5.0,1.0,1011882,0.0
63.0,1992.0,28.393015,-13.047329,3.0,0.0,1.0,1066490,0.0
63.0,1996.0,32.548515,-17.116722,2.0,,,1187706,0.0
63.0,1998.0,0.0,-41.1427,3.0,,,1230923,0.0
63.0,2002.0,34.10512,-32.613377,2.0,,,1340372,0.0
63.0,2004.0,24.927591,-99.17925,3.0,,,1391802,0.0
63.0,2008.0,,-23.54927,2.0,,,1534320,0.0
63.0,2010.0,,-46.24741,3.0,,,1567582,0.0
64.0,1916.0,55.400276,7.654953,1.0,0.0,4.0,487000,1.0
64.0,1918.0,52.795143,5.2765965,2.0,0.0,4.0,501000,1.0
64.0,1922.0,53.20006,11.770946,1.0,0.0,1.0,543000,1.0
64.0,1924.0,60.327766,10.405848,2.0,0.0,7.0,538000,1.0
64.0,1928.0,70.13987,6.4001203,1.0,0.0,4.0,541000,1.0
64.0,1934.0,73.43474,41.401394,1.0,0.0,7.0,545000,1.0
64.0,1936.0,49.071045,27.87431,2.0,0.0,3.0,554000,1.0
64.0,1940.0,45.3785,46.86947,1.0,0.0,10.0,558000,1.0
64.0,1942.0,56.647648,0.71079135,2.0,0.0,6.0,518000,1.0
64.0,1946.0,50.747437,-8.094308,1.0,0.0,1.0,514000,0.0
64.0,1948.0,50.379856,13.907051,2.0,0.0,9.0,542000,1.0
64.0,1952.0,76.219154,2.191791,1.0,5.0,1.0,602000,1.0
64.0,1954.0,50.73207,0.75971186,2.0,0.0,12.0,624000,1.0
64.0,1958.0,64.513054,52.43831,1.0,5.0,4.0,666000,1.0
64.0,1960.0,53.168785,1.4641434,2.0,4.0,1.0,675000,1.0
64.0,1964.0,60.540043,29.026106,1.0,5.0,7.0,706000,1.0
64.0,1966.0,51.951736,6.337571,2.0,4.0,4.0,707000,1.0
64.0,1970.0,64.15779,21.08009,1.0,5.0,10.0,694409,1.0
64.0,1976.0,54.463314,28.315577,1.0,4.0,1.0,757317,1.0
64.0,1978.0,56.89072,11.378681,2.0,2.0,1.0,782317,1.0
64.0,1982.0,48.133354,12.792548,1.0,4.0,4.0,803986,1.0
64.0,1984.0,68.12981,16.192854,2.0,2.0,4.0,820905,1.0
64.0,1988.0,37.62603,-3.733292,1.0,0.0,1.0,800202,0.0
64.0,1990.0,49.555817,38.745083,2.0,2.0,7.0,799824,1.0
64.0,1994.0,47.237495,-24.74166,1.0,,,854923,0.0
64.0,1996.0,62.735004,4.8649044,2.0,,,876656,1.0
64.0,2000.0,49.161755,-3.316805,1.0,,,902200,0.0
64.0,2002.0,72.91598,31.004757,2.0,,,911667,1.0
64.0,2006.0,,0.8762479,1.0,,,952692,1.0
64.0,2008.0,,45.831955,2.0,,,976415,1.0
65.0,1916.0,62.824894,6.52782,1.0,0.0,4.0,82000,1.0
65.0,1920.0,42.47904,-4.1856556,3.0,0.0,1.0,78000,0.0
65.0,1922.0,59.263874,25.649786,1.0,0.0,7.0,81000,1.0
65.0,1926.0,52.058197,-13.304102,3.0,0.0,4.0,87000,0.0
65.0,1928.0,64.509415,18.527742,1.0,0.0,10.0,89000,1.0
65.0,1932.0,58.957924,4.1163893,3.0,0.0,1.0,96000,1.0
65.0,1938.0,58.37515,17.915844,3.0,0.0,4.0,105000,1.0
65.0,1944.0,58.011402,16.7503,3.0,0.0,7.0,153000,1.0
65.0,1946.0,48.321617,-10.422209,1.0,0.0,1.0,143000,0.0
65.0,1952.0,57.676464,-3.3567667,1.0,0.0,4.0,181000,0.0
65.0,1956.0,65.27595,5.1510005,3.0,0.0,3.0,250000,1.0
65.0,1958.0,50.017826,15.352932,1.0,0.0,1.0,269000,1.0
65.0,1962.0,54.76587,30.551899,3.0,0.0,6.0,352000,1.0
65.0,1964.0,57.649155,0.0356555,1.0,0.0,4.0,426000,1.0
65.0,1970.0,63.023567,16.47786,1.0,0.0,7.0,488738,1.0
65.0,1974.0,37.298737,-0.36819875,3.0,0.0,2.0,596822,0.0
65.0,1976.0,47.721657,31.59917,1.0,0.0,10.0,646975,1.0
65.0,1980.0,49.9958,-21.320387,3.0,0.0,5.0,800493,0.0
65.0,1982.0,50.206924,-2.353218,1.0,0.0,1.0,881537,0.0
65.0,1986.0,51.049934,5.478141,3.0,2.0,1.0,980613,1.0
65.0,1988.0,50.930016,4.0646496,1.0,0.0,1.0,1075022,1.0
65.0,1992.0,47.878567,10.836542,3.0,2.0,4.0,1330694,1.0
65.0,1994.0,39.69346,9.929308,1.0,,,1456388,1.0
65.0,1998.0,61.08191,0.09821355,3.0,,,1743772,1.0
65.0,2000.0,40.989956,-15.398088,1.0,,,1998250,0.0
65.0,2004.0,50.288742,25.94412,3.0,,,2346222,1.0
65.0,2010.0,,5.7421355,3.0,,,2700551,1.0
66.0,1916.0,55.171574,5.2697,1.0,0.0,1.0,354000,1.0
66.0,1924.0,58.62276,2.4313064,2.0,0.0,1.0,390000,1.0
66.0,1928.0,49.350067,-15.388984,1.0,0.0,2.0,416000,0.0
66.0,1936.0,59.15705,23.449186,2.0,0.0,3.0,489000,1.0
66.0,1940.0,51.50733,11.893129,1.0,2.0,4.0,531000,1.0
66.0,1942.0,57.224632,18.314098,2.0,0.0,6.0,502000,1.0
66.0,1946.0,51.12114,3.01466,1.0,2.0,7.0,561000,1.0
66.0,1948.0,57.27284,14.821884,2.0,3.0,1.0,604000,1.0
66.0,1952.0,62.70614,2.242282,1.0,2.0,10.0,735000,1.0
66.0,1954.0,63.434826,14.545679,2.0,3.0,4.0,763000,1.0
66.0,1960.0,53.14048,26.869652,2.0,3.0,7.0,951000,1.0
66.0,1964.0,52.259617,9.407529,1.0,4.0,2.0,1006000,1.0
66.0,1966.0,45.974533,6.2809587,2.0,3.0,10.0,1007000,1.0
66.0,1970.0,42.701714,4.519236,1.0,4.0,5.0,1017055,1.0
66.0,1972.0,46.59555,-8.05093,2.0,0.0,1.0,1078697,0.0
66.0,1976.0,53.77387,-14.11407,1.0,0.0,1.0,1189295,0.0
66.0,1978.0,43.87502,-6.808901,2.0,0.0,4.0,1238034,0.0
66.0,1982.0,63.30796,7.547736,1.0,0.0,1.0,1363823,1.0
66.0,1984.0,27.039253,-12.248248,2.0,0.0,7.0,1416717,0.0
66.0,1988.0,53.970455,26.622993,1.0,0.0,4.0,1490337,1.0
66.0,1990.0,29.784294,-45.874065,2.0,0.0,10.0,1519933,0.0
66.0,1994.0,61.701096,7.9802065,1.0,,,1653329,1.0
66.0,1996.0,34.973103,-34.941586,2.0,,,1706151,0.0
66.0,2000.0,70.60514,23.447142,1.0,,,1819017,1.0
66.0,2002.0,61.327995,-30.053795,2.0,,,1855309,0.0
66.0,2006.0,,41.274555,1.0,,,1962137,1.0
66.0,2008.0,,22.655985,2.0,,,2010662,1.0
67.0,1914.0,38.585472,-2.7514696,3.0,0.0,7.0,422000,0.0
67.0,1916.0,48.62402,16.98896,1.0,2.0,1.0,436000,1.0
67.0,1920.0,37.569557,-18.021637,3.0,0.0,10.0,453000,0.0
67.0,1922.0,55.516876,0.4643172,1.0,2.0,4.0,467000,1.0
67.0,1926.0,56.66337,-23.942745,3.0,0.0,13.0,494000,0.0
67.0,1928.0,53.061527,11.602386,1.0,2.0,7.0,504000,1.0
67.0,1932.0,55.801315,14.948961,3.0,0.0,1.0,517000,1.0
67.0,1934.0,62.845654,7.6203585,1.0,2.0,10.0,522000,1.0
67.0,1938.0,59.91139,11.602629,3.0,0.0,4.0,535000,1.0
67.0,1940.0,48.762657,25.691307,1.0,4.0,1.0,552000,1.0
67.0,1944.0,45.831947,19.822779,3.0,0.0,7.0,605000,1.0
67.0,1946.0,45.744007,-2.4746804,1.0,0.0,1.0,638000,0.0
67.0,1950.0,46.04381,-8.027908,3.0,0.0,1.0,689000,0.0
67.0,1952.0,38.730774,-8.511984,1.0,0.0,4.0,724000,0.0
67.0,1956.0,47.62901,-7.9123826,3.0,0.0,4.0,809000,0.0
67.0,1958.0,57.33044,3.8982391,1.0,0.0,1.0,845000,1.0
67.0,1962.0,45.834824,-4.7419815,3.0,0.0,7.0,958000,0.0
67.0,1964.0,56.15958,14.660883,1.0,0.0,4.0,978000,1.0
67.0,1968.0,44.07002,-7.84879,3.0,0.0,10.0,1029000,0.0
67.0,1970.0,42.89304,13.679558,1.0,0.0,7.0,1059273,1.0
67.0,1974.0,25.48452,-5.924752,3.0,0.0,1.0,1200471,0.0
67.0,1976.0,41.34913,-12.693352,1.0,0.0,1.0,1274928,0.0
67.0,1980.0,26.550236,-48.16119,3.0,0.0,4.0,1461037,0.0
67.0,1982.0,31.740808,-16.927216,1.0,0.0,4.0,1558314,0.0
67.0,1986.0,39.714745,-45.75499,3.0,0.0,7.0,1662834,0.0
67.0,1988.0,29.140776,-35.386967,1.0,0.0,7.0,1689372,0.0
67.0,1992.0,32.9701,-15.668329,3.0,0.0,1.0,1821498,0.0
67.0,1994.0,31.514582,-41.71845,1.0,,,1930436,0.0
67.0,1998.0,28.402721,-31.01176,3.0,,,2100562,0.0
67.0,2000.0,31.064924,-34.06946,1.0,,,2233183,0.0
67.0,2004.0,32.766724,-40.328453,3.0,,,2401580,0.0
67.0,2006.0,,-31.295994,1.0,,,2525507,0.0
67.0,2010.0,,-28.792309,3.0,,,2763885,0.0
68.0,1916.0,57.301838,5.9944897,1.0,0.0,1.0,174000,1.0
68.0,1918.0,44.81685,-15.533817,2.0,0.0,15.0,181000,0.0
68.0,1922.0,53.49511,14.603678,1.0,0.0,4.0,208000,1.0
68.0,1930.0,53.82642,-18.09163,2.0,0.0,2.0,226000,0.0
68.0,1934.0,58.73501,13.666784,1.0,0.0,2.0,233000,1.0
68.0,1936.0,45.40526,8.421519,2.0,0.0,1.0,240000,1.0
68.0,1940.0,56.209766,17.47001,1.0,0.0,5.0,250000,1.0
68.0,1942.0,57.107807,-9.1894865,2.0,0.0,1.0,251000,0.0
68.0,1946.0,48.36468,12.419534,1.0,0.0,8.0,254000,1.0
68.0,1952.0,50.83788,-3.270638,1.0,4.0,1.0,293000,0.0
68.0,1954.0,43.628292,3.062749,2.0,0.0,12.0,293000,1.0
68.0,1958.0,53.98814,1.6757607,1.0,0.0,1.0,315000,1.0
68.0,1964.0,55.779922,7.9762816,1.0,0.0,4.0,339000,1.0
68.0,1966.0,28.68576,-3.5920115,2.0,0.0,1.0,323000,0.0
68.0,1970.0,45.41347,11.559847,1.0,0.0,7.0,332416,1.0
68.0,1972.0,37.833298,-42.62848,2.0,0.0,4.0,347345,0.0
68.0,1976.0,43.343243,-9.173059,1.0,0.0,1.0,396952,0.0
68.0,1978.0,21.68295,-24.333405,2.0,0.0,1.0,432880,0.0
68.0,1982.0,49.634735,-13.313517,1.0,0.0,4.0,506400,0.0
68.0,1984.0,36.063744,-56.634106,2.0,0.0,4.0,504896,0.0
68.0,1988.0,39.307423,-0.7305294,1.0,0.0,7.0,465101,0.0
68.0,1990.0,42.213505,-27.872515,2.0,0.0,7.0,453401,0.0
68.0,1994.0,22.038387,-19.566208,1.0,,,474982,0.0
68.0,1996.0,27.04605,-11.850178,2.0,,,480085,0.0
68.0,2000.0,29.860306,-51.734306,1.0,,,493786,0.0
68.0,2002.0,24.257639,-45.9079,2.0,,,500017,0.0
68.0,2008.0,,-51.377094,2.0,,,546043,0.0
71.0,1914.0,40.664543,-8.137748,3.0,0.0,1.0,2934000,0.0
71.0,1916.0,23.758307,-31.543985,1.0,0.0,1.0,3071000,0.0
71.0,1920.0,36.878796,-8.345106,3.0,0.0,1.0,3554000,0.0
71.0,1922.0,18.222464,-38.396202,1.0,0.0,4.0,3991000,0.0
71.0,1926.0,43.38712,-26.230446,3.0,0.0,4.0,4929000,0.0
71.0,1928.0,0.0,-55.87742,1.0,0.0,7.0,5344000,0.0
71.0,1934.0,0.0,-94.542435,1.0,0.0,10.0,6060000,0.0
71.0,1938.0,52.285404,-55.345894,3.0,0.0,1.0,6656000,0.0
71.0,1946.0,0.0,-9.884808,1.0,0.0,2.0,9559000,0.0
71.0,1952.0,57.012016,-87.669914,1.0,0.0,5.0,11635000,0.0
71.0,1956.0,43.42882,-8.339172,3.0,0.0,4.0,13713000,0.0
71.0,1962.0,51.817955,-12.883324,3.0,0.0,7.0,17072000,0.0
71.0,1968.0,60.5336,4.9448195,3.0,0.0,1.0,19394000,1.0
71.0,1970.0,46.878162,9.53367,1.0,3.0,2.0,19971069,1.0
71.0,1974.0,56.505646,24.305702,3.0,0.0,4.0,21173865,1.0
71.0,1976.0,44.775997,-3.2936602,1.0,0.0,1.0,21935909,0.0
71.0,1980.0,49.289597,19.357672,3.0,0.0,7.0,23667902,1.0
71.0,1982.0,44.000717,-6.7593427,1.0,0.0,1.0,24820009,0.0
71.0,1986.0,47.90379,1.4174312,3.0,0.0,10.0,27102237,1.0
71.0,1992.0,53.057487,4.9009204,3.0,5.0,1.0,30875920,1.0
71.0,1994.0,55.84279,1.9042194,1.0,,,31317179,1.0
71.0,1998.0,55.226368,10.046408,3.0,,,32682794,1.0
71.0,2000.0,59.431053,19.255867,1.0,,,33871653,1.0
71.0,2004.0,52.182102,19.05373,3.0,,,35574576,1.0
71.0,2006.0,,24.41577,1.0,,,36021202,1.0
71.0,2010.0,,10.007652,3.0,,,37253956,1.0
72.0,1914.0,43.53085,9.549231,3.0,0.0,4.0,736000,1.0
72.0,1918.0,24.674948,-11.876795,2.0,0.0,2.0,763000,0.0
72.0,1920.0,36.343925,-7.2050004,3.0,0.0,1.0,788000,0.0
72.0,1924.0,27.93346,-41.288055,2.0,0.0,5.0,856000,0.0
72.0,1926.0,38.862034,-3.4448087,3.0,0.0,1.0,905000,0.0
72.0,1930.0,48.31888,-30.122774,2.0,0.0,8.0,956000,0.0
72.0,1936.0,22.944056,-1.3736159,2.0,0.0,11.0,1025000,0.0
72.0,1938.0,39.288414,-9.718821,3.0,0.0,1.0,1067000,0.0
72.0,1944.0,23.195719,-21.423172,3.0,0.0,1.0,1233000,0.0
72.0,1948.0,50.216312,-20.061375,2.0,0.0,4.0,1405000,0.0
72.0,1956.0,54.153545,8.391079,3.0,0.0,7.0,1698000,1.0
72.0,1960.0,48.225063,9.227451,2.0,0.0,2.0,1769000,1.0
72.0,1962.0,49.777622,8.346361,3.0,0.0,10.0,1818000,1.0
72.0,1966.0,46.157772,-3.5057902,2.0,0.0,1.0,1969000,0.0
72.0,1968.0,44.840385,-0.42301714,3.0,0.0,1.0,2004000,0.0
72.0,1972.0,38.27553,-7.5621786,2.0,0.0,4.0,2197297,0.0
72.0,1974.0,44.01277,-10.088674,3.0,0.0,4.0,2285013,0.0
72.0,1978.0,33.432972,-23.366365,2.0,0.0,7.0,2518298,0.0
72.0,1980.0,36.039825,-8.095351,3.0,0.0,7.0,2633105,0.0
72.0,1984.0,46.189735,-33.096104,2.0,0.0,10.0,2666588,0.0
72.0,1986.0,46.499683,-26.912918,3.0,0.0,10.0,2683528,0.0
72.0,1990.0,45.901794,-7.491618,2.0,0.0,13.0,2858547,0.0
72.0,1996.0,39.606194,-3.8939,2.0,,,3195087,0.0
72.0,1998.0,63.392097,27.258945,3.0,,,3282055,1.0
72.0,2002.0,48.90467,-16.602394,2.0,,,3513424,0.0
72.0,2004.0,57.22403,31.646065,3.0,,,3569463,1.0
72.0,2008.0,,3.3512235,2.0,,,3768748,1.0
72.0,2010.0,,17.975193,3.0,,,3831074,1.0
73.0,1914.0,17.795284,-11.22165,3.0,5.0,4.0,1231000,0.0
73.0,1916.0,44.243355,-18.332424,1.0,1.0,4.0,1255000,0.0
73.0,1920.0,46.516106,-38.605904,3.0,5.0,7.0,1373000,0.0
73.0,1922.0,53.415306,1.2959927,1.0,2.0,1.0,1415000,1.0
73.0,1928.0,60.924767,6.9666357,1.0,2.0,4.0,1551000,1.0
73.0,1932.0,62.62262,27.90619,3.0,0.0,1.0,1584000,1.0
73.0,1944.0,53.400654,10.691458,3.0,4.0,2.0,2092000,1.0
73.0,1946.0,56.22634,-9.111034,1.0,0.0,2.0,2288000,0.0
73.0,1950.0,61.090237,7.4189396,3.0,4.0,5.0,2379000,1.0
73.0,1952.0,67.32354,12.69477,1.0,6.0,1.0,2448000,1.0
73.0,1956.0,52.09392,22.180471,3.0,4.0,8.0,2668000,1.0
73.0,1958.0,72.20828,35.94509,1.0,6.0,4.0,2773000,1.0
73.0,1962.0,64.41281,4.787913,3.0,4.0,11.0,2942000,1.0
73.0,1964.0,82.4315,44.41656,1.0,6.0,7.0,2961000,1.0
73.0,1968.0,60.70475,29.148108,3.0,4.0,14.0,3270000,1.0
73.0,1970.0,71.840324,66.42204,1.0,6.0,10.0,3413244,1.0
73.0,1974.0,45.826557,24.625265,3.0,4.0,17.0,3549946,1.0
73.0,1976.0,68.956635,47.593575,1.0,6.0,13.0,3693610,1.0
73.0,1980.0,50.657074,-8.346889,3.0,0.0,1.0,4132156,0.0
73.0,1986.0,53.991882,1.9844979,3.0,7.0,1.0,4452720,1.0
73.0,1988.0,44.251495,-2.173388,1.0,0.0,4.0,4639893,0.0
73.0,1992.0,58.414,7.983768,3.0,0.0,1.0,5139011,1.0
73.0,1994.0,48.730286,-11.497009,1.0,,,5334896,0.0
73.0,1998.0,54.980488,16.828001,3.0,,,5687832,1.0
73.0,2000.0,56.8527,0.09055734,1.0,,,5894281,1.0
73.0,2004.0,52.364826,12.244299,3.0,,,6178645,1.0
73.0,2006.0,,16.91929,1.0,,,6370753,1.0
73.0,2010.0,,4.7296524,3.0,,,6724540,1.0
81.0,1960.0,75.5387,26.849842,2.0,0.0,2.0,226000,1.0
81.0,1962.0,45.13351,16.28195,3.0,0.0,3.0,246000,1.0
81.0,1968.0,58.280354,7.7115088,3.0,0.0,1.0,285000,1.0
81.0,1972.0,24.094639,-54.60539,2.0,0.0,4.0,324464,0.0
81.0,1974.0,45.933964,16.560709,3.0,0.0,4.0,341063,1.0
81.0,1978.0,28.485065,-51.497864,2.0,0.0,7.0,404766,0.0
81.0,1980.0,44.096546,-7.751879,3.0,0.0,1.0,401851,0.0
81.0,1984.0,32.19255,-42.683517,2.0,0.0,10.0,513702,0.0
81.0,1986.0,38.406185,-9.926385,3.0,0.0,4.0,544268,0.0
81.0,1990.0,10.338657,-34.03612,2.0,0.0,13.0,553120,0.0
81.0,1992.0,19.721199,-14.641616,3.0,0.0,7.0,587073,0.0
81.0,1996.0,10.513269,-66.367134,2.0,,,604918,0.0
81.0,2002.0,47.76708,-67.656876,2.0,,,642337,0.0
81.0,2004.0,23.829744,-1.2910962,3.0,,,659286,0.0
81.0,2008.0,,1.2441635,2.0,,,687455,1.0
81.0,2010.0,,-52.340508,3.0,,,710231,0.0
82.0,1962.0,83.39598,38.819824,3.0,2.0,1.0,684000,1.0
82.0,1964.0,48.428726,-6.684417,1.0,0.0,4.0,700000,0.0
82.0,1968.0,82.90831,68.40966,3.0,2.0,4.0,734000,1.0
82.0,1970.0,53.727013,-3.1425476,1.0,0.0,7.0,769913,0.0
82.0,1974.0,77.94456,65.81662,3.0,2.0,7.0,867978,1.0
82.0,1976.0,80.0842,13.102302,1.0,7.0,1.0,904191,1.0
82.0,1980.0,73.56918,59.51855,3.0,2.0,10.0,964691,1.0
82.0,1982.0,76.5543,63.0903,1.0,7.0,4.0,993780,1.0
82.0,1986.0,57.269115,47.13837,3.0,2.0,13.0,1051762,1.0
82.0,1992.0,79.18438,30.34081,3.0,2.0,16.0,1149926,1.0
82.0,1994.0,72.684685,47.59542,1.0,,,1173903,1.0
82.0,1998.0,75.51012,61.35978,3.0,,,1190472,1.0
82.0,2000.0,61.348957,48.17793,1.0,,,1211497,1.0
82.0,2004.0,74.8077,54.522358,3.0,,,1273569,1.0
82.0,2006.0,,24.56904,1.0,,,1309731,1.0
82.0,2010.0,,53.236115,3.0,,,1360301,1.0
