date,rm,rf,rko,rtgt,rwmt,rm_rf,rko_rf,rtgt_rf,rwmt_rf,rm_rf_sq,smb,hml
1983-05-01,0.0132,0.0069,-0.0678,0.022599,0.16438,0.0063,-0.0747,0.015699001,0.15748,3.969e-05,6.15,-1.4
1983-06-01,0.0378,0.0067000003,-0.01818,0.077348,0.09412,0.0311,-0.02488,0.070648,0.08742,0.00096721,0.9,-3.87
1983-07-01,-0.031600002,0.0074,-0.07407,-0.020513,0.04301,-0.039,-0.08147,-0.027913,0.03561,0.001521,1.48,5.57
1983-08-01,0.0035,0.0076,0.1,-0.08377,-0.03093,-0.0041,0.0924,-0.09137,-0.03853,1.681e-05,-4.28,5.55
1983-09-01,0.0161,0.0076,0.0,0.005714,0.03191,0.0085,-0.0076,-0.0018859999,0.024309998,7.2250004e-05,0.59,1.09
1983-10-01,-0.027999999,0.0076,0.03636,0.073864,-0.04124,-0.0356,0.02876,0.066263996,-0.04884,0.0012673599,-3.6,4.99
1983-11-01,0.0296,0.0069999998,0.07018,-0.058201,0.07527,0.0226,0.06318,-0.065201,0.06827,0.00051076006,2.06,-0.65
1983-12-01,-0.010499999,0.0073,-0.03279,-0.078652,-0.07,-0.0178,-0.040090002,-0.085952,-0.0773,0.00031683999,-0.28,1.69
1984-01-01,-0.012999998,0.0076,-0.05085,-0.030488,-0.08602,-0.020599999,-0.05845,-0.038088,-0.09362,0.00042435993,-0.41,7.61
1984-02-01,-0.0391,0.0070999996,0.01786,-0.006289,-0.09412,-0.0462,0.01076,-0.013389,-0.101220004,0.00213444,-1.69,3.31
1984-03-01,0.0134000005,0.0073,0.07018,-0.044304,0.02597,0.0061000003,0.06288,-0.051604,0.01867,3.7210004e-05,0.07,0.5
1984-04-01,0.0025000004,0.0081,0.0,0.02649,0.07595,-0.0056,-0.0081,0.01839,0.06784999,3.136e-05,-1.18,1.24
1984-05-01,-0.052300006,0.0078,0.0,-0.090323,0.04706,-0.060100004,-0.0078,-0.098123,0.03926,0.0036120105,0.05,0.23
1984-06-01,0.023400001,0.0075,0.06557,0.184397,0.11236,0.0159,0.058069997,0.176897,0.10486,0.00025281002,-0.25,-2.63
1984-07-01,-0.020600002,0.0082,0.03077,0.053892,-0.0202,-0.028800001,0.02257,0.045692,-0.0284,0.0008294401,-2.22,0.41
1984-08-01,0.11269999,0.0083,0.04478,0.051136,0.09278,0.104399994,0.036480002,0.042836,0.08448,0.010899358,-0.25,-1.88
1984-09-01,0.00040000025,0.0086,0.02857,-0.021622,-0.0283,-0.0082,0.01997,-0.030222,-0.0369,6.724e-05,0.22,5.32
1984-10-01,-9.999983e-05,0.01,0.02778,-0.016575,-0.01942,-0.0101,0.01778,-0.026575,-0.02942,0.000102009995,-1.14,0.58
1984-11-01,-0.010699999,0.0073,-0.02703,0.0,-0.05941,-0.018,-0.03433,-0.0073,-0.066709995,0.00032399996,-0.63,4.03
1984-12-01,0.0237,0.0064,0.0,-0.044944,-0.04211,0.0173,-0.0064,-0.051344,-0.04851,0.00029929003,-0.57,-0.11
1985-01-01,0.0857,0.0064999997,-0.04167,0.141176,0.1978,0.0792,-0.048169997,0.134676,0.19129999,0.00627264,3.26,-5.39
1985-02-01,0.0169,0.0058,0.05797,0.030928,0.0,0.0111,0.052169997,0.025128001,-0.0058,0.00012320999,0.79,-0.17
1985-03-01,-0.0017000004,0.0062,0.12329,0.05,-0.01835,-0.007900001,0.11709,0.0438,-0.02455,6.241001e-05,-1.11,4.05
1985-04-01,-0.0021999995,0.0072000003,-0.02439,-0.02381,0.04673,-0.0094,-0.03159,-0.03101,0.03953,8.836e-05,0.19,3.74
1985-05-01,0.055800002,0.0066000004,-0.0125,0.165854,0.125,0.049200002,-0.019100001,0.159254,0.1184,0.0024206403,-2.27,-0.86
1985-06-01,0.017099999,0.0055,0.03797,-0.037657,0.03968,0.0116,0.03247,-0.043157,0.03418,0.00013456,0.52,0.49
1985-07-01,-0.0002999995,0.0062,0.03659,-0.082609,-0.0916,-0.0064999997,0.030389998,-0.088809,-0.0978,4.2249994e-05,2.85,-1.66
1985-08-01,-0.0047999993,0.0055,0.0,0.028436,0.04202,-0.010299999,-0.0055,0.022936,0.03652,0.00010608998,-0.35,2.24
1985-09-01,-0.0398,0.006,-0.02353,-0.041475,-0.07258,-0.0458,-0.02953,-0.047475003,-0.07858,0.00209764,-1.6,1.25
1985-10-01,0.0444,0.0064999997,0.03614,0.033654,0.10435,0.0379,0.029639998,0.027154,0.09785,0.00143641,-1.58,0.73
1985-11-01,0.0692,0.0061000003,0.16279,0.144186,0.11811,0.0631,0.15669,0.138086,0.11201,0.0039816103,0.22,-2.92
1985-12-01,0.0431,0.0064999997,0.02,0.02439,0.07746,0.0366,0.013499999,0.01789,0.07096,0.0013395601,-0.46,-1.53
1986-01-01,0.0098,0.0056,-0.0098,-0.007937,0.01307,0.0042,-0.0154,-0.013537,0.0074700005,1.7639999e-05,1.19,0.52
1986-02-01,0.0725,0.0053,0.14851,-0.012,0.05806,0.0672,0.14321,-0.0173,0.05276,0.0045158397,-0.58,-0.76
1986-03-01,0.0539,0.006,0.10345,0.153846,0.15854,0.0479,0.09745,0.147846,0.15254,0.0022944098,-0.5,-0.5
1986-04-01,-0.0079,0.0052,0.0625,-0.014035,0.02632,-0.013099999,0.0573,-0.019235,0.021119999,0.00017160998,2.83,-2.91
1986-05-01,0.050800003,0.0049,0.03676,0.124555,0.18462,0.045900002,0.031859998,0.119655,0.17972,0.0021068102,-1.3,-0.11
1986-06-01,0.0142,0.0052,0.0922,-0.022152,0.08225,0.009,0.087000005,-0.027352,0.07705,8.099999e-05,-0.92,1.4
1986-07-01,-0.059699997,0.0052,-0.06494,-0.184466,-0.104,-0.064899996,-0.07014,-0.189666,-0.1092,0.0042120093,-3.4,4.73
1986-08-01,0.0662,0.0046,-0.03472,0.02381,0.01339,0.0616,-0.03932,0.01921,0.008789999,0.00379456,-4.19,3.48
1986-09-01,-0.079,0.0045,-0.10072,-0.073643,-0.10573,-0.083500005,-0.105220005,-0.078143,-0.11023,0.006972251,2.28,3.18
1986-10-01,0.049299996,0.0046,0.08,0.108787,0.06897,0.044699997,0.075399995,0.104187,0.06437,0.0019980897,-2.57,-1.44
1986-11-01,0.0150999995,0.0039,0.00741,-0.060377,0.05991,0.0112,0.0035100002,-0.064277,0.05601,0.00012544,-1.97,-0.08
1986-12-01,-0.0264,0.0049,0.03676,-0.044177,-0.02174,-0.0313,0.031859998,-0.049077,-0.026640002,0.00097969,0.08,0.3
1987-01-01,0.1285,0.0042,0.12766,-0.029412,0.04,0.1243,0.12346001,-0.033611998,0.0358,0.015450491,-1.78,-3.22
1987-02-01,0.0479,0.0043,0.05031,0.030303,0.13248,0.0436,0.046010002,0.026003,0.12818,0.00190096,3.48,-5.91
1987-03-01,0.023699999,0.0047,0.02994,0.07563,0.04906,0.019,0.02524,0.070930004,0.044359997,0.00036099998,0.36,1.55
1987-04-01,-0.017,0.0044,-0.06977,-0.058594,-0.01439,-0.0214,-0.07417,-0.062994,-0.01879,0.00045796004,-1.67,-0.26
1987-05-01,0.0051,0.0038,0.00625,0.099585,0.03285,0.0013,0.00245,0.095785,0.02905,1.69e-06,-0.56,0.12
1987-06-01,0.043700002,0.0047999998,0.04348,0.079245,0.15548,0.038900003,0.038680002,0.074445,0.15067999,0.0015132102,-2.18,1.04
1987-07-01,0.0442,0.0046,0.07143,0.01049,0.10398,0.0396,0.066829994,0.00589,0.099379994,0.00156816,-0.64,0.71
1987-08-01,0.037100002,0.0047,0.06111,0.062284,0.08587,0.0324,0.05641,0.057584,0.08117,0.00104976,-0.75,-0.92
1987-09-01,-0.0208,0.0045,-0.03665,0.110749,-0.06378,-0.0253,-0.041149996,0.106249,-0.068280004,0.00064009,0.62,0.29
1987-10-01,-0.2254,0.006,-0.14674,-0.478006,-0.26975,-0.2314,-0.15274,-0.48400602,-0.27575,0.05354596,-8.37,4.22
1987-11-01,-0.0723,0.0034999999,-0.10191,-0.129213,-0.1306,-0.0758,-0.10541,-0.132713,-0.1341,0.00574564,2.61,3.23
1987-12-01,0.0703,0.0039,0.03546,0.019355,0.08155,0.0664,0.03156,0.015455001,0.07765,0.0044089598,0.17,-4.43
1988-01-01,0.0449,0.0029,-0.0137,0.265823,0.05556,0.042,-0.0166,0.262923,0.05266,0.0017639999,-0.65,5.16
1988-02-01,0.0517,0.0046,-0.00694,0.115,0.07143,0.0471,-0.01154,0.1104,0.066829994,0.00221841,3.34,-1.65
1988-03-01,-0.0166,0.0044,0.02797,-0.022422,-0.04211,-0.021,0.02357,-0.026822,-0.04651,0.00044099998,6.14,0.76
1988-04-01,0.011,0.0046,0.0,-0.059633,-0.01099,0.0064,-0.0046,-0.064233005,-0.015590001,4.0959996e-05,0.96,1.69
1988-05-01,0.0003999998,0.0050999997,-0.0068,-0.019512,0.01852,-0.0047,-0.0119,-0.024611998,0.01342,2.209e-05,-2.65,2.28
1988-06-01,0.0515,0.0049,0.03425,0.024876,0.08364,0.0466,0.029349998,0.019976001,0.07874,0.00217156,2.11,-1.11
1988-07-01,-0.0073000006,0.0050999997,-0.01325,0.004854,0.07383,-0.0124,-0.01835,-0.00024599954,0.068730004,0.00015376,-0.19,2.27
1988-08-01,-0.028,0.0058999998,0.04027,0.05314,-0.0875,-0.0339,0.03437,0.04724,-0.0934,0.00114921,0.07,2.07
1988-09-01,0.0372,0.0062,0.10323,0.100917,0.07534,0.031,0.09703,0.094716996,0.06914,0.000961,-1.26,-0.7
1988-10-01,0.0176,0.0061000003,-0.0117,0.058333,-0.02548,0.0115,-0.0178,0.052233,-0.03158,0.00013225,-2.9,1.68
1988-11-01,-0.0164,0.0057,0.01183,-0.023622,-0.03595,-0.0221,0.00613,-0.029322,-0.04165,0.00048841,-1.73,1.28
1988-12-01,0.0211,0.0063,0.02924,-0.060484,0.03729,0.0148,0.022939999,-0.066784,0.030989999,0.00021904,1.93,-1.54
1989-01-01,0.0661,0.0055,0.04545,0.111588,0.07516,0.060599998,0.03995,0.106088,0.06965999,0.0036723597,-2.13,0.53
1989-02-01,-0.0164,0.0061000003,0.02174,0.027027,-0.05471,-0.0225,0.01564,0.020926999,-0.06081,0.00050625,2.74,0.88
1989-03-01,0.0215,0.0067000003,0.07979,0.011278,0.02251,0.0148,0.07309,0.0045779995,0.01581,0.00021904,0.72,0.47
1989-04-01,0.048200004,0.0067000003,0.05911,0.048327,0.10692,0.041500002,0.05241,0.041626997,0.100219995,0.0017222501,-0.57,-1.47
1989-05-01,0.039300002,0.007900001,0.06512,0.138298,0.05114,0.031400003,0.057219997,0.130398,0.04324,0.0009859601,-0.04,-0.87
1989-06-01,-0.0049000005,0.0070999996,-0.01747,-0.077882,0.00811,-0.012,-0.02457,-0.084982,0.0010100002,0.000144,-1.02,2.16
1989-07-01,0.0771,0.0069999998,0.20444,0.175676,0.13405,0.0701,0.19744,0.168676,0.12705,0.0049140104,-4.01,-2.86
1989-08-01,0.0221,0.0074,-0.02214,0.057471,-0.02128,0.0147,-0.02954,0.050071,-0.02868,0.00021609,0.53,0.7
1989-09-01,-0.0015000007,0.0064999997,0.01509,0.021739,-0.02899,-0.008,0.00859,0.015239,-0.03549,6.400001e-05,0.33,-1.37
1989-10-01,-0.0293,0.0068,0.07807,0.007979,0.01244,-0.0361,0.07127,0.0011789999,0.0056399996,0.00130321,-3.24,-1.09
1989-11-01,0.0178,0.0069,0.07241,-0.010554,0.04914,0.0109,0.065510005,-0.017454,0.042239998,0.00011881,-1.23,-1.14
1989-12-01,0.0183,0.0061000003,0.0,0.018667,0.03044,0.012200001,-0.0061000003,0.012566999,0.02434,0.00014884002,-2.37,0.21
1990-01-01,-0.0701,0.0057,-0.10932,-0.062827,-0.05,-0.0758,-0.11502,-0.068527,-0.0557,0.00574564,-1.26,0.85
1990-02-01,0.014900001,0.0057,0.02527,0.036313,0.03349,0.0092,0.01957,0.030613001,0.027789999,8.464001e-05,1.04,0.63
1990-03-01,0.0241,0.0064,0.0669,0.121294,0.07407,0.0177,0.0605,0.114894,0.06767,0.00031329,1.46,-2.86
1990-04-01,-0.0283,0.0069,0.0198,-0.019231,0.05172,-0.0352,0.0129,-0.026131,0.04482,0.0012390399,-0.49,-2.55
1990-05-01,0.08890001,0.0068,0.18123,0.125,0.13525,0.082100004,0.17443,0.1182,0.12845,0.006740411,-2.58,-3.76
1990-06-01,-0.0042,0.0063,-0.01096,-0.039216,0.1083,-0.0105,-0.01726,-0.045516,0.102,0.000110249995,1.44,-2.0
1990-07-01,-0.009400001,0.0068,0.02216,-0.036281,0.00489,-0.0162,0.01536,-0.043081,-0.0019100001,0.00026244,-3.18,-0.02
1990-08-01,-0.091900006,0.0066000004,-0.06775,-0.185882,-0.09076,-0.098500006,-0.07435,-0.19248201,-0.09736,0.009702251,-3.59,1.6
1990-09-01,-0.053799998,0.006,-0.06105,-0.069364,-0.04278,-0.0598,-0.06705,-0.07536399,-0.04878,0.0035760398,-3.65,0.73
1990-10-01,-0.012499999,0.0068,0.13622,-0.096273,-0.01862,-0.019299999,0.12942,-0.103073,-0.025419999,0.00037248994,-5.54,0.23
1990-11-01,0.0657,0.0057,0.03542,0.147766,0.12524,0.06,0.02972,0.14206599,0.11954,0.0036,0.33,-3.06
1990-12-01,0.0295,0.006,0.00526,0.050898,0.00675,0.0235,-0.00074000005,0.044898,0.0007500001,0.00055224996,0.81,-1.57
1991-01-01,0.049099997,0.0052,0.04712,0.145299,0.09045,0.043899998,0.041920003,0.140099,0.08525,0.0019272098,3.81,-1.81
1991-02-01,0.0758,0.0047999998,0.075,0.047264,0.0722,0.071,0.0702,0.042464,0.0674,0.0050410004,3.91,-0.58
1991-03-01,0.028900001,0.0044,0.03953,0.026128,0.09599,0.024500001,0.03513,0.021728,0.09159,0.0006002501,3.91,-1.23
1991-04-01,0.0032999997,0.0053,-0.02685,0.069444,0.04575,-0.002,-0.03215,0.064144,0.04045,4.0000004e-06,0.52,1.45
1991-05-01,0.0407,0.0047,0.08506,0.073593,0.05875,0.036,0.08036,0.068893,0.05405,0.0012959999,-0.35,-0.55
1991-06-01,-0.044,0.0042,-0.04449,-0.106855,-0.00236,-0.0482,-0.04869,-0.111054994,-0.0065599997,0.00232324,0.08,1.18
1991-07-01,0.046800002,0.0049,0.10421,-0.036117,0.11361,0.0419,0.099309996,-0.041017,0.10871,0.0017556101,-0.97,-1.28
1991-08-01,0.0268,0.0046,0.09438,0.140515,0.06376,0.0222,0.089779995,0.135915,0.059159998,0.00049283996,1.61,-0.8
1991-09-01,-0.011,0.0046,-0.01651,-0.065708,-0.05694,-0.0156,-0.02111,-0.070308,-0.06154,0.00024335999,1.64,-1.0
1991-10-01,0.0178,0.0042,0.03358,-0.125275,-0.03072,0.0136,0.029380001,-0.129475,-0.03492,0.00018496001,0.9,-0.47
1991-11-01,-0.037299998,0.0039,0.04513,-0.095477,0.05683,-0.041199997,0.04123,-0.099377,0.05293,0.0016974397,-0.49,-1.93
1991-12-01,0.1068,0.0038,0.15717,0.077778,0.20579,0.103,0.15337,0.073978,0.20199,0.010609,-2.24,-4.05
1992-01-01,-0.0012,0.0034,-0.03433,0.051546,-0.08491,-0.0046,-0.03773,0.048146,-0.088309996,2.1160002e-05,8.47,4.53
1992-02-01,0.0134,0.0028,0.0541,0.051471,0.00187,0.0106,0.0513,0.048671,-0.00092999986,0.000112359994,0.88,6.38
1992-03-01,-0.0237,0.0034,0.0044,-0.086247,-0.0131,-0.0271,0.0009999999,-0.089646995,-0.0165,0.00073441,-1.04,3.68
1992-04-01,0.0134,0.0032,0.0146,-0.015306,-0.01896,0.010199999,0.0114,-0.018506,-0.02216,0.00010403999,-6.1,4.33
1992-05-01,0.0064000003,0.0028,0.06043,0.11399,0.01449,0.0036000002,0.057630002,0.11119,0.01169,1.2960001e-05,0.39,1.25
1992-06-01,-0.0193,0.0032,-0.0882,-0.011628,0.01524,-0.0225,-0.091400005,-0.014828,0.0120399995,0.00050625,-3.12,3.39
1992-07-01,0.0399,0.0031,0.04762,-0.021176,0.0394,0.0368,0.044519998,-0.024276,0.0363,0.0013542401,-0.44,-0.54
1992-08-01,-0.0208,0.0026,0.02557,0.016827,0.02256,-0.0234,0.02297,0.014227,0.019960001,0.00054756,-0.12,-1.05
1992-09-01,0.0124,0.0026,-0.05402,0.052009,0.03619,0.0098,-0.056619998,0.049409002,0.03359,9.604e-05,0.53,-0.24
1992-10-01,0.011,0.0023,0.00293,0.098876,0.02981,0.0087,0.0006299999,0.096576,0.02751,7.5690004e-05,2.07,-2.08
1992-11-01,0.040200002,0.0023,-0.01898,0.03272,0.05707,0.0379,-0.02128,0.03042,0.054769997,0.00143641,3.69,-1.47
1992-12-01,0.0178,0.0028,0.05357,-0.037624,-0.00469,0.015,0.05077,-0.040424,-0.0074899998,0.000225,1.64,2.52
1993-01-01,0.012599999,0.0023,0.01271,0.024691,0.0173,0.010299999,0.010410001,0.022391,0.015000001,0.00010608998,2.06,5.88
1993-02-01,0.0054,0.0022,0.0,-0.002008,-0.00232,0.0032,-0.0022,-0.004208,-0.00452,1.0239999e-05,-3.42,6.45
1993-03-01,0.0251,0.0025,0.00976,0.06841,-0.02169,0.0226,0.00726,0.065910004,-0.02419,0.00051076006,0.23,1.25
1993-04-01,-0.0254,0.0023999999,-0.07597,-0.135593,-0.15756,-0.0278,-0.078370005,-0.137993,-0.15996,0.00077283994,-0.68,2.64
1993-05-01,0.0296,0.0022,0.05381,0.023965,0.04229,0.0274,0.05161,0.021765,0.04009,0.00075076,1.97,-3.42
1993-06-01,0.0054,0.0025,0.03972,-0.082979,-0.05771,0.0029,0.037219997,-0.085479,-0.06021,8.41e-06,-0.29,2.62
1993-07-01,-0.00080000004,0.0023999999,0.00546,0.032483,-0.03349,-0.0032,0.0030600003,0.030083,-0.035889998,1.0239999e-05,0.94,3.26
1993-08-01,0.0395,0.0025,0.00407,-0.026966,0.01683,0.037,0.0015699998,-0.029466,0.01433,0.0013690001,0.3,-0.47
1993-09-01,0.0005999999,0.0026,-0.02297,0.036952,-0.04382,-0.002,-0.02557,0.034352,-0.04642,4.0000004e-06,3.12,-0.48
1993-10-01,0.0181,0.0022,0.02766,0.008909,0.07026,0.0159,0.02546,0.006709,0.06806,0.00025281002,1.44,-1.57
1993-11-01,-0.0176,0.0025,-0.02826,0.033113,0.08658,-0.0201,-0.03076,0.030613,0.08408,0.00040400997,-1.41,-0.25
1993-12-01,0.0195,0.0023,0.06233,-0.068376,-0.12609,0.0172,0.06003,-0.070676,-0.12839,0.00029584003,1.23,0.58
1994-01-01,0.0315,0.0025,-0.08344,-0.011468,0.06012,0.029000001,-0.085939996,-0.013968,0.05762,0.00084100006,0.13,2.11
1994-02-01,-0.024200002,0.0021,0.04267,0.092807,0.06994,-0.026300002,0.040570002,0.090707004,0.06784,0.0006916901,2.72,-1.41
1994-03-01,-0.045799997,0.0027,-0.04229,0.021231,-0.08657,-0.048499998,-0.04499,0.018530998,-0.08927,0.0023522498,-0.96,1.34
1994-04-01,0.009500001,0.0027,0.02707,0.08316,-0.02418,0.0068,0.02437,0.08046,-0.02688,4.6240002e-05,-0.9,1.69
1994-05-01,0.0094,0.0032,-0.03606,0.0,-0.06938,0.0062,-0.03926,-0.0032,-0.07258,3.844e-05,-2.01,0.18
1994-06-01,-0.0279,0.0031,0.01439,0.03071,0.03408,-0.031,0.01129,0.02761,0.030979998,0.000961,-0.49,1.66
1994-07-01,0.0306,0.0028,0.0922,0.018622,0.0309,0.0278,0.0894,0.015822,0.028099999,0.00077283994,-1.77,0.98
1994-08-01,0.042600002,0.0037,0.03636,0.032907,-0.01299,0.038900003,0.03266,0.029207002,-0.016689999,0.0015132102,1.44,-3.47
1994-09-01,-0.0184,0.0037,0.0614,-0.097345,-0.05061,-0.0221,0.0577,-0.101045005,-0.054309998,0.00048841,2.68,-1.8
1994-10-01,0.0145000005,0.0038,0.0366,0.011765,0.00533,0.0107,0.0328,0.007965,0.00153,0.00011449001,-2.21,-2.36
1994-11-01,-0.037200004,0.0037,0.01822,0.05814,-0.00954,-0.040900003,0.01452,0.05444,-0.01324,0.0016728103,-0.16,-0.05
1994-12-01,0.0126,0.0044,0.00783,-0.131868,-0.08565,0.0082,0.0034299996,-0.136268,-0.09005,6.724e-05,0.04,0.28
1995-01-01,0.0204,0.0042,0.01887,-0.031646,0.07611,0.0162,0.0146699995,-0.035846,0.07191,0.00026244,-2.95,1.66
1995-02-01,0.0396,0.004,0.04793,0.034858,0.03808,0.0356,0.043929998,0.030857999,0.03408,0.0012673599,-0.33,0.38
1995-03-01,0.026999999,0.0046,0.02911,0.012632,0.08176,0.0224,0.02451,0.008032,0.07715999,0.00050176,-0.37,-2.07
1995-04-01,0.024999999,0.0044,0.03131,-0.060291,-0.07364,0.020599999,0.02691,-0.064691,-0.07804,0.00042435993,-0.41,1.71
1995-05-01,0.034,0.0054,0.05975,0.061947,0.04707,0.0286,0.054349996,0.056547,0.041670002,0.00081796,-2.21,1.87
1995-06-01,0.031200001,0.0047,0.03789,0.0125,0.07792,0.026500002,0.033189997,0.0078000003,0.07322,0.0007022501,3.08,-2.98
1995-07-01,0.040799998,0.0045,0.02939,0.053498,-0.00463,0.0363,0.02489,0.048998,-0.009129999,0.00131769,2.22,-2.22
1995-08-01,0.0093,0.0047,-0.02076,-0.027344,-0.07821,0.0046,-0.02546,-0.032044,-0.08291,2.1160002e-05,1.84,1.93
1995-09-01,0.036399998,0.0043,0.07774,0.038153,0.01111,0.0321,0.07344,0.033853002,0.00681,0.0010304099,-2.07,-0.93
1995-10-01,-0.011300001,0.0047,0.0418,-0.092843,-0.12687,-0.016,0.0371,-0.097543,-0.13157001,0.00025600003,-3.94,-0.1
1995-11-01,0.0427,0.0042,0.05665,0.061834,0.11213,0.0385,0.05245,0.057634,0.107930005,0.0014822499,-0.81,0.33
1995-12-01,0.015199999,0.0049,-0.01936,0.032129,-0.07305,0.010299999,-0.02426,0.027229,-0.07795,0.00010608998,0.38,1.39
1996-01-01,0.0281,0.0043,0.01519,-0.009728,-0.08435,0.0238,0.01089,-0.014028,-0.088649996,0.00056644005,-2.49,0.41
1996-02-01,0.0163,0.0039,0.07105,0.007859,0.04364,0.0124,0.067150004,0.003959,0.03974,0.00015376,2.04,-2.32
1996-03-01,0.0109,0.0039,0.02793,0.140351,0.08479,0.0069999998,0.02403,0.13645099,0.08089,4.8999995e-05,1.3,1.28
1996-04-01,0.0255,0.0046,-0.01495,0.126496,0.03747,0.0209,-0.01955,0.121896,0.032870002,0.00043681,4.89,-4.05
1996-05-01,0.026800001,0.0042,0.12897,0.072838,0.08359,0.0226,0.12477,0.068638004,0.079390004,0.00051076006,3.17,-1.4
1996-06-01,-0.008300001,0.004,0.06781,0.009901,-0.01714,-0.0123000005,0.06381,0.005901,-0.02114,0.00015129002,-3.67,1.96
1996-07-01,-0.0538,0.0045,-0.04348,-0.119048,-0.05426,-0.0583,-0.047980003,-0.123548,-0.058760002,0.00339889,-3.57,4.38
1996-08-01,0.0325,0.0041,0.06699,0.144674,0.10143,0.028399998,0.06289,0.14057401,0.09733,0.0008065599,2.3,-0.57
1996-09-01,0.053000003,0.0044,0.01962,-0.043056,0.0,0.048600003,0.0152199995,-0.047456,-0.0044,0.0023619602,-0.81,-3.78
1996-10-01,0.013699999,0.0042,-0.00715,0.049347,0.00465,0.0095,-0.01135,0.045146998,0.00045000017,9.0249996e-05,-4.11,4.82
1996-11-01,0.0656,0.0041,0.01495,0.127248,-0.03796,0.0615,0.010849999,0.123148,-0.04206,0.0037822502,-3.59,0.18
1996-12-01,-0.011400001,0.0046,0.02946,0.009816,-0.10587,-0.016,0.02486,0.005216,-0.110470004,0.00025600003,3.07,0.98
1997-01-01,0.053500004,0.0045,0.09963,-0.041312,0.04413,0.049000002,0.09513,-0.045812003,0.039630003,0.0024010004,-1.53,-2.34
1997-02-01,-0.0011,0.0039,0.05398,0.120406,0.11031,-0.005,0.05008,0.116506,0.106410004,2.5e-05,-2.58,4.73
1997-03-01,-0.0449,0.0043,-0.08413,-0.005656,0.05942,-0.049200002,-0.088429995,-0.009956,0.05512,0.0024206403,-0.32,3.87
1997-04-01,0.042400002,0.0043,0.14129,0.078498,0.00876,0.0381,0.13699,0.074198,0.0044599995,0.00145161,-5.17,-0.99
1997-05-01,0.071600005,0.0049,0.07655,0.072785,0.06255,0.066700004,0.07165,0.067885,0.05765,0.0044488907,4.81,-4.4
1997-06-01,0.044099998,0.0037,-0.00528,0.105211,0.1341,0.0404,-0.00898,0.101510994,0.1304,0.0016321599,1.47,0.69
1997-07-01,0.0765,0.0043,0.01634,0.214413,0.10959,0.0722,0.01204,0.210113,0.10529,0.00521284,-2.44,-0.34
1997-08-01,-0.0363,0.0041,-0.17082,-0.115018,-0.05393,-0.0404,-0.17492,-0.119118005,-0.058029998,0.0016321599,7.47,1.07
1997-09-01,0.0585,0.0044,0.06689,0.056291,0.03434,0.0541,0.06249,0.051891,0.029940002,0.00292681,2.65,-0.18
1997-10-01,-0.034399997,0.0042,-0.07133,0.046238,-0.04449,-0.038599998,-0.07553,0.042038,-0.04869,0.0014899598,-0.8,2.2
1997-11-01,0.0304,0.0039,0.10616,0.056929,0.14385,0.026500002,0.10226,0.053029,0.13994999,0.0007022501,-5.07,1.02
1997-12-01,0.0178,0.0047999998,0.06678,0.0163,-0.01337,0.012999999,0.06198,0.011500001,-0.01817,0.00016899998,-2.35,3.77
1998-01-01,0.0045000003,0.0043,-0.02902,0.065551,0.00924,0.0002,-0.033320002,0.061251,0.0049399994,3.9999996e-08,-1.06,-1.78
1998-02-01,0.0733,0.0039,0.05978,0.077225,0.16351,0.0694,0.055880003,0.073325,0.15960999,0.00481636,0.26,-0.72
1998-03-01,0.051299997,0.0039,0.13094,0.138518,0.09858,0.047399998,0.12704,0.134618,0.094680004,0.0022467598,-1.17,1.69
1998-04-01,0.0109,0.0043,-0.02031,-0.008004,-0.00477,0.0066000004,-0.02461,-0.012304001,-0.00907,4.3560005e-05,0.44,0.34
1998-05-01,-0.0257,0.004,0.03273,0.064551,0.09017,-0.0297,0.028729998,0.060551003,0.08617,0.00088209,-3.55,4.2
1998-06-01,0.0319,0.0041,0.09331,0.045983,0.10339,0.0278,0.089209996,0.041883003,0.09929,0.00077283994,-3.29,-1.86
1998-07-01,-0.0234,0.004,-0.05862,-0.014493,0.03907,-0.0274,-0.06262,-0.018493,0.03507,0.00075076,-4.92,-1.16
1998-08-01,-0.15779999,0.0043,-0.1909,-0.229902,-0.06523,-0.16209999,-0.1952,-0.234202,-0.069529995,0.026276406,-5.72,5.29
1998-09-01,0.0638,0.0046,-0.1129,-0.026735,-0.07307,0.0592,-0.1175,-0.031335,-0.07767,0.00350464,-0.13,-3.85
1998-10-01,0.0744,0.0032,0.17207,0.185088,0.26439,0.0712,0.16887,0.181888,0.26119,0.0050694398,-3.18,-2.73
1998-11-01,0.062,0.0031,0.03904,0.064018,0.09037,0.0589,0.03594,0.060918003,0.08727,0.00346921,1.17,-3.36
1998-12-01,0.063099995,0.0038,-0.04344,0.205913,0.08256,0.059299998,-0.04724,0.202113,0.078760006,0.0035164899,-0.31,-4.72
1999-01-01,0.0385,0.0034999999,-0.02537,0.175054,0.05608,0.035,-0.02887,0.171554,0.05258,0.001225,0.88,-5.54
1999-02-01,-0.0381,0.0034999999,-0.02183,-0.017204,0.0014,-0.0416,-0.02533,-0.020704,-0.0021,0.00173056,-5.52,1.61
1999-03-01,0.0379,0.0043,-0.03648,0.064804,0.07155,0.0336,-0.04078,0.060504004,0.06725,0.0011289599,-3.83,-2.93
1999-04-01,0.0491,0.0037,0.10869,0.010493,-0.00209,0.0454,0.10499,0.006793,-0.00579,0.00206116,3.16,2.44
1999-05-01,-0.0207,0.0034,0.00643,-0.062651,-0.07321,-0.0241,0.00303,-0.066051,-0.07661,0.00058081,3.66,2.71
1999-06-01,0.0508,0.004,-0.09261,0.031758,0.13307,0.0468,-0.09661,0.027757999,0.12907001,0.00219024,3.45,-4.19
1999-07-01,-0.030699998,0.0038,-0.02332,-0.004653,-0.12419,-0.0345,-0.027120002,-0.008453,-0.12799,0.0011902499,2.25,0.5
1999-08-01,-0.01,0.0039,-0.01261,-0.104998,0.0485,-0.0139,-0.016509999,-0.108898,0.044600002,0.00019320998,-1.32,-0.92
1999-09-01,-0.022800002,0.0039,-0.19069,0.038971,0.07456,-0.026700001,-0.19459,0.035071,0.07066,0.00071289006,3.17,-2.99
1999-10-01,0.0621,0.0039,0.22266,0.075793,0.1841,0.0582,0.21876,0.071893,0.1802,0.0033872402,-6.75,-3.2
1999-11-01,0.0368,0.0036000002,0.14338,0.093817,0.02331,0.0332,0.13978,0.090217,0.01971,0.0011022399,7.73,-7.95
1999-12-01,0.0838,0.0044,-0.13427,0.040749,0.20042,0.0794,-0.13867,0.036349,0.19602,0.0063043605,7.0,-9.17
2000-01-01,-0.0396,0.0041,-0.01397,-0.102937,-0.20787,-0.0437,-0.01807,-0.107037,-0.21197,0.0019096899,4.36,0.22
2000-02-01,0.0318,0.0043,-0.15352,-0.103133,-0.10967,0.0275,-0.15782,-0.107433,-0.11397,0.00075625,-22.0,12.6
2000-03-01,0.053500004,0.0047,-0.03125,0.267268,0.16045,0.048800003,-0.03595,0.262568,0.15574999,0.0023814403,-16.39,7.63
2000-04-01,-0.059499998,0.0046,0.00691,-0.109631,-0.01978,-0.0641,0.00231,-0.114231005,-0.02438,0.00410881,-7.69,9.12
2000-05-01,-0.039,0.005,0.12986,-0.057043,0.04058,-0.044,0.124859996,-0.062043,0.03558,0.001936,-4.83,3.7
2000-06-01,0.0516,0.004,0.07949,-0.074511,0.00104,0.0476,0.07549,-0.078511,-0.0029600002,0.0022657602,-13.7,10.04
2000-07-01,-0.0171,0.0047999998,0.06707,0.0,-0.04125,-0.0219,0.06227,-0.0047999998,-0.04605,0.00047961,-2.79,8.5
2000-08-01,0.0759,0.005,-0.14154,-0.198884,-0.13798,0.0709,-0.14654,-0.20388399,-0.14298,0.00502681,-0.87,-1.24
2000-09-01,-0.051099997,0.0050999997,0.05069,0.104975,0.0116,-0.056199998,0.04559,0.099875,0.0065,0.0031584396,-1.82,6.87
2000-10-01,-0.0246,0.0056,0.09552,0.077893,-0.05706,-0.030199999,0.08992,0.072293,-0.06266,0.00091203995,-3.65,4.77
2000-11-01,-0.10250001,0.0050999997,0.04004,0.090643,0.15011,-0.1076,0.03494,0.08554301,0.14501001,0.011577761,-3.09,12.39
2000-12-01,0.020399999,0.005,-0.02695,0.072769,0.0193,0.0154,-0.03195,0.067769,0.014300001,0.00023716,1.6,6.15
2001-01-01,0.039499998,0.0054,-0.04835,0.177437,0.06898,0.0341,-0.05375,0.172037,0.06358,0.00116281,7.01,-5.71
2001-02-01,-0.0993,0.0039,-0.08545,0.028502,-0.11809,-0.103199996,-0.08935,0.024602,-0.121989995,0.010650239,-1.14,13.84
2001-03-01,-0.0703,0.0044,-0.14545,-0.074882,0.00956,-0.0747,-0.14985,-0.079282,0.00516,0.0055800895,0.55,6.36
2001-04-01,0.083799995,0.0039,0.02305,0.065647,0.02463,0.0799,0.01915,0.061747,0.02073,0.0063840095,0.25,-4.32
2001-05-01,0.0106,0.0032,0.026,-0.01555,0.00023,0.0074,0.0228,-0.018749999,-0.0029699998,5.476e-05,2.99,2.76
2001-06-01,-0.017499998,0.0028,-0.04673,-0.084447,-0.0557,-0.020299999,-0.04953,-0.087247,-0.0585,0.00041208995,6.38,-2.2
2001-07-01,-0.0183,0.003,-0.00886,0.118447,0.14562,-0.021300001,-0.01186,0.115447,0.14262,0.00045369004,-4.23,5.63
2001-08-01,-0.059,0.0031,0.09118,-0.103233,-0.14057,-0.0621,0.08808,-0.106333,-0.14367,0.00385641,2.14,3.39
2001-09-01,-0.0915,0.0028,-0.03768,-0.083692,0.03182,-0.0943,-0.04048,-0.086492,0.02902,0.0088924905,-6.61,1.8
2001-10-01,0.0278,0.0022,0.02213,-0.019134,0.03854,0.0256,0.01993,-0.021334,0.03634,0.00065535994,6.87,-7.06
2001-11-01,0.0788,0.0017,-0.01555,0.206846,0.07284,0.0771,-0.01725,0.205146,0.07114,0.0059444103,0.38,0.69
2001-12-01,0.0179,0.0015,0.00395,0.093626,0.04476,0.0164,0.0024499998,0.092126,0.04326,0.00026896,5.1,0.44
2002-01-01,-0.016,0.0014,-0.07191,0.081707,0.04222,-0.0174,-0.07331,0.080307,0.04082,0.00030276002,1.08,3.44
2002-02-01,-0.0217,0.0013,0.08293,-0.055169,0.03396,-0.023,0.08163,-0.056469,0.03266,0.000529,-1.62,3.92
2002-03-01,0.0447,0.0013,0.10732,0.029195,-0.01037,0.0434,0.10602,0.027895,-0.01167,0.0018835601,4.32,1.15
2002-04-01,-0.0496,0.0015,0.06259,0.012195,-0.08869,-0.0511,0.061090004,0.010695,-0.09019,0.00261121,5.84,4.2
2002-05-01,-0.010500001,0.0014,0.00095,-0.048979,-0.03152,-0.0119,-0.00044999993,-0.050379,-0.032920003,0.00014161001,-3.73,2.55
2002-06-01,-0.0703,0.0013,0.01139,-0.080969,0.01803,-0.0716,0.01009,-0.082269,0.016730001,0.0051265596,3.48,1.55
2002-07-01,-0.0811,0.0015,-0.1084,-0.124663,-0.10583,-0.082600005,-0.109900005,-0.126163,-0.10733,0.0068227607,-5.15,-3.65
2002-08-01,0.008,0.0014,0.02158,0.027388,0.08744,0.0066000004,0.02018,0.025988001,0.08604,4.3560005e-05,-2.25,2.21
2002-09-01,-0.1,0.0014,-0.05616,-0.136954,-0.07819,-0.1014,-0.05756,-0.13835399,-0.07959,0.0102819605,2.7,1.23
2002-10-01,0.0749,0.0014,-0.03057,0.020463,0.08771,0.0735,-0.03197,0.019063,0.08631,0.00540225,-3.06,-6.45
2002-11-01,0.061300006,0.0011999999,-0.01408,0.15664,0.00642,0.060100004,-0.01528,0.15543999,0.00522,0.0036120105,3.19,-1.62
2002-12-01,-0.0533,0.0011,-0.03941,-0.13739,-0.06141,-0.0544,-0.04051,-0.13849,-0.06251,0.0029593601,-0.47,3.9
2003-01-01,-0.023400001,0.001,-0.07669,-0.059537,-0.05371,-0.024400001,-0.077690005,-0.060537,-0.054709997,0.00059536006,1.39,-0.86
2003-02-01,-0.0154,0.00090000004,-0.00644,0.017742,0.00545,-0.0163,-0.00734,0.016842,0.00455,0.00026569,-0.26,-1.43
2003-03-01,0.0103,0.001,0.01296,0.021395,0.08455,0.0093,0.01196,0.020395,0.08355,8.649e-05,0.79,-1.68
2003-04-01,0.08280001,0.001,-0.00256,0.142746,0.08227,0.08180001,-0.00356,0.141746,0.081269994,0.006691241,1.14,-0.04
2003-05-01,0.0635,0.00090000004,0.12829,0.09742,-0.06573,0.0626,0.12739,0.09652,-0.06663,0.00391876,4.7,0.18
2003-06-01,0.0163,0.001,0.02331,0.032787,0.0218,0.0153,0.02231,0.031787,0.0208,0.00023409,1.53,0.68
2003-07-01,0.0231,0.0007,-0.03111,0.012878,0.04179,0.0224,-0.03181,0.012178,0.04109,0.00050176,5.55,-2.11
2003-08-01,0.025000002,0.0007,-0.03211,0.061502,0.05828,0.024300002,-0.03281,0.060801998,0.057579998,0.00059049006,2.66,1.71
2003-09-01,-0.0091,0.0008,-0.00829,-0.073259,-0.05626,-0.0099,-0.00909,-0.074059,-0.05706,9.801e-05,0.57,1.01
2003-10-01,0.0603,0.0007,0.08005,0.056207,0.05729,0.0596,0.07935,0.055507,0.05659,0.00355216,2.9,1.8
2003-11-01,0.016600002,0.0007,0.00719,-0.023904,-0.05619,0.0159,0.0064899996,-0.024604,-0.05689,0.00025281002,2.2,1.46
2003-12-01,0.045499995,0.0008,0.09116,-0.008455,-0.04492,0.044699997,0.09036,-0.009254999,-0.04572,0.0019980897,-2.79,2.68
2004-01-01,0.023,0.0007,-0.02969,-0.011467,0.01508,0.0223,-0.03039,-0.012166999,0.0143800005,0.00049729,2.62,1.64
2004-02-01,0.0155,0.00059999997,0.01452,0.160024,0.10621,0.0149,0.01392,0.159424,0.10561,0.00022201,-1.16,0.41
2004-03-01,-0.0106999995,0.00090000004,0.01227,0.024615,0.00435,-0.0116,0.0113699995,0.023714999,0.00345,0.00013456,1.84,0.05
2004-04-01,-0.0242,0.0008,0.00505,-0.037037,-0.04504,-0.025,0.0042499998,-0.037837,-0.04584,0.00062500004,-2.55,-1.68
2004-05-01,0.0141,0.00059999997,0.01558,0.032484,-0.01998,0.0135,0.01498,0.031884,-0.020580001,0.00018225,-0.15,-0.3
2004-06-01,0.0216,0.0008,-0.01237,-0.050088,-0.05801,0.0208,-0.013169999,-0.050888,-0.05881,0.00043264,2.28,1.67
2004-07-01,-0.0377,0.001,-0.13076,0.026762,0.00982,-0.0387,-0.13176,0.025762,0.00882,0.00149769,-3.82,4.44
2004-08-01,0.0027,0.0011,0.01902,0.024258,-0.0042,0.0016,0.01792,0.023158,-0.0053,2.5599998e-06,-1.57,1.18
2004-09-01,0.0205,0.0011,-0.09898,0.015117,0.01021,0.0194,-0.10008,0.014017,0.00911,0.00037636003,2.87,0.33
2004-10-01,0.0178,0.0011,0.01507,0.105485,0.0134,0.0167,0.01397,0.104385,0.0123,0.00027889,0.43,-0.82
2004-11-01,0.0482,0.0015,-0.02659,0.02537,-0.03446,0.0467,-0.02809,0.02387,-0.03596,0.0021808902,4.14,1.89
2004-12-01,0.0352,0.0016,0.05909,0.014014,0.01706,0.0336,0.05749,0.012414,0.01546,0.0011289599,0.19,-0.35
2005-01-01,-0.0266,0.0016,-0.0036,-0.022457,-0.00795,-0.028199999,-0.0052,-0.024056999,-0.009550001,0.00079523993,-1.68,2.6
2005-02-01,0.022699999,0.0016,0.03131,0.002651,-0.01513,0.0211,0.02971,0.001051,-0.01673,0.00044520997,-0.73,2.81
2005-03-01,-0.0169,0.0021,-0.01985,-0.015642,-0.0262,-0.019,-0.02195,-0.017742,-0.0283,0.00036099998,-1.36,1.76
2005-04-01,-0.0252,0.0021,0.04229,-0.072292,-0.05915,-0.0273,0.04019,-0.074392,-0.061249997,0.00074529,-4.0,-0.44
2005-05-01,0.038,0.0023999999,0.02743,0.158987,0.00518,0.0356,0.02503,0.156587,0.00278,0.0012673599,3.0,-1.23
2005-06-01,0.0115,0.0023,-0.0584,0.013114,0.02036,0.0092,-0.060700003,0.010814,0.01806,8.464001e-05,2.56,2.78
2005-07-01,0.043300003,0.0023999999,0.04843,0.079926,0.02404,0.040900003,0.04603,0.077525996,0.02164,0.0016728103,2.79,-0.43
2005-08-01,-0.0058999998,0.003,0.00507,-0.083524,-0.08615,-0.0089,0.00207,-0.086524,-0.08915,7.9209996e-05,-0.9,1.43
2005-09-01,0.0106,0.0029,-0.01177,-0.033838,-0.02543,0.0077,-0.0146699995,-0.036738,-0.02833,5.929e-05,-0.68,1.14
2005-10-01,-0.020799998,0.0027,-0.00964,0.072411,0.0796,-0.0235,-0.01234,0.069711,0.0769,0.00055224996,-1.02,-0.71
2005-11-01,0.040400002,0.0031,0.00458,-0.037467,0.02661,0.0373,0.0014799999,-0.040567,0.02351,0.0013912901,1.05,-1.87
2005-12-01,0.0034999999,0.0032,-0.05587,0.027269,-0.03329,0.00029999999,-0.05907,0.024069,-0.036489997,8.999999e-08,-0.51,0.48
2006-01-01,0.04,0.0034999999,0.02657,-0.00385,-0.01476,0.0365,0.02307,-0.0073499996,-0.01826,0.00133225,5.32,1.14
2006-02-01,-0.0015999998,0.0034,0.01412,-0.004679,-0.01648,-0.005,0.010720001,-0.008079,-0.01988,2.5e-05,-0.33,-0.88
2006-03-01,0.0191,0.0037,0.00522,-0.04394,0.04544,0.0154,0.0015200002,-0.04764,0.04174,0.00023716,3.56,-0.11
2006-04-01,0.013,0.0036000002,0.00173,0.020949,-0.04687,0.0094,-0.0018700002,0.017349001,-0.050470002,8.836e-05,-1.23,3.06
2006-05-01,-0.031000001,0.0043,0.04954,-0.076843,0.07975,-0.0353,0.04524,-0.081143,0.07545,0.0012460902,-3.03,2.82
2006-06-01,-0.0003999998,0.004,-0.01592,-0.000907,-0.00566,-0.0044,-0.01992,-0.0049070003,-0.00966,1.9359999e-05,-0.5,1.49
2006-07-01,-0.0018999996,0.004,0.03458,-0.060386,-0.07617,-0.0058999998,0.03058,-0.064385995,-0.08017,3.4809997e-05,-3.96,3.29
2006-08-01,0.0251,0.0042,0.00701,0.056294,0.00873,0.0209,0.00281,0.052094,0.00453,0.00043681,0.78,-1.76
2006-09-01,0.0194,0.0041,0.00375,0.141812,0.10288,0.0153,-0.0003500001,0.137712,0.09878,0.00023409,-1.23,-0.4
2006-10-01,0.0371,0.0041,0.04587,0.071114,-0.00092,0.033,0.04177,0.067014,-0.00502,0.001089,1.64,0.47
2006-11-01,0.0237,0.0042,0.00867,-0.016458,-0.06448,0.0195,0.0044700005,-0.020658,-0.068679996,0.00038025,0.73,0.44
2006-12-01,0.0108,0.004,0.03033,-0.017874,0.00543,0.0068,0.02633,-0.021874001,0.0014299997,4.6240002e-05,-0.92,2.5
2007-01-01,0.0194,0.0044,-0.00736,0.075508,0.03268,0.015,-0.01176,0.071108,0.028280001,0.000225,0.07,-0.06
2007-02-01,-0.0139999995,0.0038,-0.02521,0.00486,0.01309,-0.0178,-0.029010002,0.0010600002,0.0092899995,0.00031683999,1.39,0.22
2007-03-01,0.013,0.0043,0.0355,-0.036904,-0.02349,0.0087,0.031200001,-0.041203998,-0.02779,7.5690004e-05,-0.29,0.4
2007-04-01,0.0399,0.0044,0.08766,0.00186,0.02068,0.0355,0.08326,-0.00254,0.01628,0.0012602501,-2.13,-0.98
2007-05-01,0.0389,0.0041,0.01531,0.053658,-0.00212,0.0348,0.01121,0.049558003,-0.00622,0.0012110401,-0.03,-0.08
2007-06-01,-0.014699999,0.004,-0.00621,0.018678,0.01063,-0.0187,-0.01021,0.014678,0.00663,0.00034969,0.71,-1.05
2007-07-01,-0.0317,0.004,-0.00402,-0.04757,-0.04486,-0.0357,-0.0080200005,-0.051570002,-0.048860002,0.00127449,-2.74,-3.01
2007-08-01,0.0117,0.0042,0.03226,0.091173,-0.04574,0.0075,0.02806,0.086973004,-0.04994,5.625e-05,-0.16,-2.38
2007-09-01,0.0409,0.0032,0.07509,-0.035786,0.00051,0.0377,0.07189,-0.038985997,-0.00269,0.0014212901,-2.48,-2.14
2007-10-01,0.0258,0.0032,0.07469,-0.03487,0.03561,0.0226,0.07149,-0.038069997,0.032410003,0.00051076006,0.18,-2.02
2007-11-01,-0.049299996,0.0034,0.01089,-0.020032,0.05962,-0.052699998,0.0074899998,-0.023432,0.05622,0.0027772898,-2.78,-1.07
2007-12-01,-0.0042999997,0.0027,-0.01189,-0.166271,-0.00327,-0.0069999998,-0.01459,-0.168971,-0.0059700003,4.8999995e-05,0.05,-0.03
2008-01-01,-0.062300004,0.0021,-0.03836,0.108363,0.06746,-0.0644,-0.040459998,0.106263004,0.06536,0.00414736,-0.8,3.06
2008-02-01,-0.022,0.0013,-0.00939,-0.048193,-0.0226,-0.0233,-0.01069,-0.049493,-0.0239,0.00054289,-0.56,-0.03
2008-03-01,-0.0104,0.0017,0.04816,-0.03673,0.06736,-0.0121,0.046460003,-0.038429998,0.06566,0.00014640999,0.86,0.22
2008-04-01,0.051200002,0.0018000001,-0.03315,0.04847,0.10055,0.0494,-0.03495,0.04667,0.09875,0.0024403601,-1.51,-0.01
2008-05-01,0.0239,0.0018000001,-0.02727,0.00678,0.00019,0.0221,-0.029070001,0.0049799997,-0.00161,0.00048841,2.99,-0.3
2008-06-01,-0.0786,0.0017,-0.0861,-0.128776,-0.02675,-0.080299996,-0.087799996,-0.130476,-0.028450001,0.006448089,1.1,-1.03
2008-07-01,-0.0132,0.0015,-0.0092,-0.027173,0.043,-0.0147,-0.0107,-0.028672999,0.041500002,0.00021609,3.58,3.66
2008-08-01,0.0112,0.0013,0.01106,0.176017,0.01186,0.0099,0.009760001,0.174717,0.01056,9.801e-05,3.7,1.44
2008-09-01,-0.0982,0.0015,0.02275,-0.074939,0.01377,-0.099700004,0.02125,-0.076439,0.01227,0.009940091,-0.3,4.41
2008-10-01,-0.1847,0.0008,-0.16681,-0.181939,-0.06809,-0.1855,-0.16761,-0.182739,-0.06889,0.03441025,-2.25,-2.94
2008-11-01,-0.085300006,0.00029999999,0.0729,-0.154221,0.00138,-0.0856,0.0726,-0.154521,0.0010800001,0.0073273606,-3.61,-4.92
2008-12-01,0.021499999,0.00090000004,-0.03445,0.022713,0.00747,0.020599999,-0.03535,0.021813,0.00657,0.00042435993,3.96,-1.23
2009-01-01,-0.0775,0.0,-0.056,-0.09634,-0.15948,-0.0775,-0.056,-0.09634,-0.15948,0.00600625,-0.98,-9.78
2009-02-01,-0.1011,1e-04,-0.04409,-0.08792,0.04505,-0.1012,-0.04419,-0.088020004,0.044949997,0.01024144,-0.33,-6.85
2009-03-01,0.0877,0.0002,0.08731,0.214801,0.064,0.0875,0.08711,0.214601,0.0638,0.0076562497,0.71,2.53
2009-04-01,0.1105,1e-04,-0.0202,0.199938,-0.03258,0.1104,-0.020299999,0.199838,-0.03268,0.01218816,5.37,5.39
2009-05-01,0.0673,0.0,0.14175,-0.043739,-0.00777,0.0673,0.14175,-0.043739,-0.00777,0.00452929,-2.63,0.54
2009-06-01,-0.0026999998,1e-04,-0.01535,0.004356,-0.02611,-0.0028,-0.01545,0.0042560003,-0.02621,7.84e-06,2.65,-2.46
2009-07-01,0.082399994,1e-04,0.03851,0.105178,0.02971,0.08229999,0.038409997,0.105078,0.02961,0.006773289,2.48,4.74
2009-08-01,0.031900004,1e-04,-0.02163,0.081923,0.02539,0.0318,-0.02173,0.081823,0.02529,0.0010112401,-0.52,7.59
2009-09-01,0.045300003,1e-04,0.11011,-0.006801,-0.03491,0.0452,0.11001,-0.0069009997,-0.035010003,0.0020430402,2.47,1.41
2009-10-01,-0.028399998,0.0,-0.00732,0.037434,0.01184,-0.028399998,-0.00732,0.037434,0.01184,0.0008065599,-4.21,-4.38
2009-11-01,0.0574,0.0,0.08067,-0.035204,0.09816,0.0574,0.08067,-0.035204,0.09816,0.00329476,-2.65,0.17
2009-12-01,0.0292,1e-04,-0.00341,0.038769,-0.01519,0.0291,-0.00351,0.038668998,-0.01529,0.00084681006,5.77,0.76
2010-01-01,-0.037100002,0.0,-0.04829,0.059934,-0.0004,-0.037100002,-0.04829,0.059934,-0.0004,0.0013764101,0.19,0.61
2010-02-01,0.0353,0.0,-0.02837,0.008285,0.01203,0.0353,-0.02837,0.008285,0.01203,0.0012460902,1.42,2.73
2010-03-01,0.064500004,1e-04,0.05181,0.020953,0.03407,0.0644,0.05171,0.020853,0.03397,0.00414736,1.57,2.06
2010-04-01,0.0202,0.0,-0.02815,0.081288,-0.03524,0.0202,-0.02815,0.081288,-0.03524,0.00040803998,4.93,3.14
2010-05-01,-0.0799,1e-04,-0.03821,-0.038333,-0.05202,-0.08,-0.038310003,-0.038433,-0.05212,0.0064,-0.09,-2.34
2010-06-01,-0.051999997,1e-04,-0.01673,-0.098297,-0.04921,-0.0521,-0.01683,-0.098397,-0.049310002,0.00271441,-2.12,-4.27
2010-07-01,0.071100004,1e-04,0.09953,0.043777,0.06498,0.071,0.099429995,0.043677,0.06488,0.0050410004,0.13,0.2
2010-08-01,-0.043899998,1e-04,0.01393,0.00185,-0.01489,-0.044,0.013830001,0.00175,-0.01499,0.001936,-2.89,-1.7
2010-09-01,0.0925,1e-04,0.05532,0.044531,0.06739,0.0924,0.055219997,0.044430997,0.06729,0.00853776,3.83,-3.05
2010-10-01,0.039000005,1e-04,0.04772,-0.028094,0.0122,0.038900003,0.04762,-0.028194,0.0121,0.0015132102,1.03,-2.28
2010-11-01,0.0056999996,1e-04,0.03727,0.101476,-0.00155,0.0056,0.037169997,0.101376,-0.00165,3.136e-05,3.66,-0.51
2010-12-01,0.0678,1e-04,0.04125,0.055974,0.00253,0.0677,0.04115,0.055873998,0.0024299999,0.00458329,0.75,3.6
2011-01-01,0.0202,1e-04,-0.04441,-0.088113,0.0398,0.0201,-0.044510003,-0.088213004,0.039699998,0.00040400997,-2.46,0.84
2011-02-01,0.0386,1e-04,0.01705,-0.037164,-0.073,0.0385,0.01695,-0.037264,-0.0731,0.0014822499,1.65,1.67
2011-03-01,0.0029,1e-04,0.04536,-0.048298,0.00846,0.0028,0.045259997,-0.048398003,0.00836,7.84e-06,2.59,-1.19
2011-04-01,0.028199999,0.0,0.01698,-0.018303,0.05612,0.028199999,0.01698,-0.018303,0.05612,0.00079523993,-0.3,-2.27
2011-05-01,-0.0147,0.0,-0.00959,0.013771,0.01116,-0.0147,-0.00959,0.013771,0.01116,0.00021609,-0.66,-2.14
2011-06-01,-0.0185,0.0,0.01436,-0.052874,-0.03778,-0.0185,0.01436,-0.052874,-0.03778,0.00034225002,-0.08,-0.45
2011-07-01,-0.0235,0.0,0.01077,0.097529,-0.00797,-0.0235,0.01077,0.097529,-0.00797,0.00055224996,-1.44,-1.12
2011-08-01,-0.0585,1e-04,0.03593,0.009851,0.01626,-0.0586,0.03583,0.009751,0.01616,0.00343396,-3.29,-1.46
2011-09-01,-0.084300004,0.0,-0.03469,-0.050966,-0.0241,-0.084300004,-0.03469,-0.050966,-0.0241,0.0071064904,-3.71,-0.91
2011-10-01,0.1153,0.0,0.01127,0.116425,0.09285,0.1153,0.01127,0.116425,0.09285,0.01329409,3.57,-1.02
2011-11-01,-0.0061000003,0.0,-0.00873,-0.031943,0.03832,-0.0061000003,-0.00873,-0.031943,0.03832,3.7210004e-05,-0.25,-0.1
2011-12-01,0.0049,0.0,0.0407,-0.028144,0.02107,0.0049,0.0407,-0.028144,0.02107,2.401e-05,-0.55,1.54
2012-01-01,0.0539,0.0,-0.03473,-0.007989,0.02677,0.0539,-0.03473,-0.007989,0.02677,0.00290521,2.53,-2.21
2012-02-01,0.042,0.0,0.03447,0.122207,-0.0372,0.042,0.03447,0.122207,-0.0372,0.0017639999,-1.61,-0.03
2012-03-01,0.0252,0.0,0.06723,0.027808,0.04277,0.0252,0.06723,0.027808,0.04277,0.00063504,-0.22,-0.03
2012-04-01,-0.0069,0.0,0.03122,-0.005586,-0.03738,-0.0069,0.03122,-0.005586,-0.03738,4.761e-05,-0.6,-0.19
2012-05-01,-0.065799996,1e-04,-0.02098,0.004915,0.12491,-0.0659,-0.02108,0.004815,0.124809995,0.00434281,-0.09,0.17
2012-06-01,0.0385,0.0,0.05345,0.004716,0.05911,0.0385,0.05345,0.004716,0.05911,0.0014822499,0.83,0.39
2012-07-01,0.010299999,0.0,0.03348,0.04242,0.06764,0.010299999,0.03348,0.04242,0.06764,0.00010608998,-2.57,-0.02
2012-08-01,0.026600001,1e-04,-0.07426,0.062708,-0.01932,0.026500002,-0.07436,0.062607996,-0.01942,0.0007022501,0.73,0.56
2012-09-01,0.026600001,1e-04,0.021,-0.00973,0.01653,0.026500002,0.0209,-0.00983,0.01643,0.0007022501,0.45,1.59
2012-10-01,-0.014300001,1e-04,-0.01977,0.004437,0.01653,-0.014400001,-0.01987,0.004337,0.01643,0.00020736002,-1.03,4.09
