date,daten,gs3m,gs1,gs2,gs3,gs5,gs10,gs20,gs30,fii10,fedfunds,med1,aaa,baa,year,time,dgs1,dgs10
1982-01-01,1982-01-01,12.92,14.32,14.57,14.64,14.65,14.59,14.57,14.22,,13.22,13.68,15.18,17.1,1982.0,1.0,,
1982-02-01,1982-02-01,14.28,14.73,14.82,14.73,14.54,14.43,14.48,14.22,,14.78,15.52,15.27,17.18,1982.0,2.0,0.41,-0.16
1982-03-01,1982-03-01,13.31,13.95,14.19,14.13,13.98,13.86,13.75,13.53,,14.68,14.8,14.58,16.82,1982.0,3.0,-0.78,-0.57
1982-04-01,1982-04-01,13.34,13.98,14.2,14.18,14.0,13.87,13.57,13.37,,14.94,15.15,14.46,16.78,1982.0,4.0,0.03,0.01
1982-05-01,1982-05-01,12.71,13.34,13.78,13.77,13.75,13.62,13.46,13.24,,14.45,14.73,14.26,16.64,1982.0,5.0,-0.64,-0.25
1982-06-01,1982-06-01,13.08,14.07,14.47,14.48,14.43,14.3,14.18,13.92,,14.15,14.97,14.81,16.92,1982.0,6.0,0.73,0.68
1982-07-01,1982-07-01,11.86,13.24,13.8,14.0,14.07,13.95,13.76,13.55,,12.59,13.67,14.61,16.8,1982.0,7.0,-0.83,-0.35
1982-08-01,1982-08-01,9.0,11.43,12.32,12.62,13.0,13.06,12.91,12.77,,10.12,10.77,13.71,16.32,1982.0,8.0,-1.81,-0.89
1982-09-01,1982-09-01,8.19,10.85,11.78,12.03,12.25,12.34,12.16,12.07,,10.31,11.18,12.94,15.63,1982.0,9.0,-0.58,-0.72
1982-10-01,1982-10-01,7.97,9.32,10.19,10.62,10.8,10.91,10.97,11.17,,9.71,10.11,12.12,14.73,1982.0,10.0,-1.53,-1.43
1982-11-01,1982-11-01,8.35,9.16,9.8,9.98,10.38,10.55,10.57,10.54,,9.2,9.47,11.68,14.3,1982.0,11.0,-0.16,-0.36
1982-12-01,1982-12-01,8.2,8.91,9.66,9.88,10.22,10.54,10.62,10.54,,8.95,9.29,11.83,14.14,1982.0,12.0,-0.25,-0.01
1983-01-01,1983-01-01,8.12,8.62,9.33,9.64,10.03,10.46,10.78,10.63,,8.68,8.89,11.79,13.94,1983.0,13.0,-0.29,-0.08
1983-02-01,1983-02-01,8.39,8.92,9.64,9.91,10.26,10.72,11.03,10.88,,8.51,8.89,12.01,13.95,1983.0,14.0,0.3,0.26
1983-03-01,1983-03-01,8.66,9.04,9.66,9.84,10.08,10.51,10.8,10.63,,8.77,9.17,11.73,13.61,1983.0,15.0,0.12,-0.21
1983-04-01,1983-04-01,8.51,8.98,9.57,9.76,10.02,10.4,10.63,10.48,,8.8,9.1,11.51,13.29,1983.0,16.0,-0.06,-0.11
1983-05-01,1983-05-01,8.5,8.9,9.49,9.66,10.03,10.38,10.67,10.53,,8.63,8.86,11.46,13.09,1983.0,17.0,-0.08,-0.02
1983-06-01,1983-06-01,9.14,9.66,10.18,10.32,10.63,10.85,11.12,10.93,,8.98,9.47,11.74,13.37,1983.0,18.0,0.76,0.47
1983-07-01,1983-07-01,9.45,10.2,10.69,10.9,11.21,11.38,11.59,11.4,,9.37,9.66,12.15,13.39,1983.0,19.0,0.54,0.53
1983-08-01,1983-08-01,9.74,10.53,11.07,11.3,11.63,11.85,11.96,11.82,,9.56,9.83,12.51,13.64,1983.0,20.0,0.33,0.47
1983-09-01,1983-09-01,9.36,10.16,10.79,11.07,11.43,11.65,11.82,11.63,,9.45,9.65,12.37,13.55,1983.0,21.0,-0.37,-0.2
1983-10-01,1983-10-01,8.99,9.81,10.57,10.87,11.28,11.54,11.77,11.58,,9.48,9.42,12.25,13.46,1983.0,22.0,-0.35,-0.11
1983-11-01,1983-11-01,9.11,9.94,10.66,10.96,11.41,11.69,11.92,11.75,,9.34,9.49,12.41,13.61,1983.0,23.0,0.13,0.15
1983-12-01,1983-12-01,9.36,10.11,10.84,11.13,11.54,11.83,12.02,11.88,,9.47,10.02,12.57,13.75,1983.0,24.0,0.17,0.14
1984-01-01,1984-01-01,9.26,9.9,10.64,10.93,11.37,11.67,11.82,11.75,,9.56,9.57,12.2,13.65,1984.0,25.0,-0.21,-0.16
1984-02-01,1984-02-01,9.46,10.04,10.79,11.05,11.54,11.84,12.0,11.95,,9.59,9.71,12.08,13.59,1984.0,26.0,0.14,0.17
1984-03-01,1984-03-01,9.89,10.59,11.31,11.59,12.02,12.32,12.45,12.38,,9.91,10.15,12.57,13.99,1984.0,27.0,0.55,0.48
1984-04-01,1984-04-01,10.07,10.9,11.69,11.98,12.37,12.63,12.65,12.65,,10.29,10.57,12.81,14.31,1984.0,28.0,0.31,0.31
1984-05-01,1984-05-01,10.22,11.66,12.47,12.75,13.17,13.41,13.43,13.43,,10.32,10.87,13.28,14.74,1984.0,29.0,0.76,0.78
1984-06-01,1984-06-01,10.26,12.08,12.91,13.18,13.48,13.56,13.54,13.44,,11.06,11.34,13.55,15.05,1984.0,30.0,0.42,0.15
1984-07-01,1984-07-01,10.53,12.03,12.88,13.08,13.27,13.36,13.36,13.21,,11.23,11.57,13.44,15.15,1984.0,31.0,-0.05,-0.2
1984-08-01,1984-08-01,10.9,11.82,12.43,12.5,12.68,12.72,12.71,12.54,,11.64,11.61,12.87,14.63,1984.0,32.0,-0.21,-0.64
1984-09-01,1984-09-01,10.8,11.58,12.2,12.34,12.53,12.52,12.42,12.29,,11.3,11.5,12.66,14.35,1984.0,33.0,-0.24,-0.2
1984-10-01,1984-10-01,10.12,10.9,11.6,11.85,12.06,12.16,12.04,11.98,,9.99,10.41,12.63,13.94,1984.0,34.0,-0.68,-0.36
1984-11-01,1984-11-01,8.92,9.82,10.65,10.9,11.33,11.57,11.66,11.56,,9.43,9.23,12.29,13.48,1984.0,35.0,-1.08,-0.59
1984-12-01,1984-12-01,8.34,9.33,10.18,10.56,11.07,11.5,11.64,11.52,,8.38,8.67,12.13,13.4,1984.0,36.0,-0.49,-0.07
1985-01-01,1985-01-01,8.02,9.02,9.93,10.43,10.93,11.38,11.58,11.45,,8.35,8.17,12.08,13.26,1985.0,37.0,-0.31,-0.12
1985-02-01,1985-02-01,8.56,9.29,10.17,10.55,11.13,11.51,11.7,11.47,,8.5,8.63,12.13,13.23,1985.0,38.0,0.27,0.13
1985-03-01,1985-03-01,8.83,9.86,10.71,11.05,11.52,11.86,12.06,11.81,,8.58,8.85,12.56,13.69,1985.0,39.0,0.57,0.35
1985-04-01,1985-04-01,8.22,9.14,10.09,10.49,11.01,11.43,11.69,11.47,,8.27,8.5,12.23,13.51,1985.0,40.0,-0.72,-0.43
1985-05-01,1985-05-01,7.73,8.46,9.39,9.75,10.34,10.85,11.19,11.05,,7.97,7.96,11.72,13.15,1985.0,41.0,-0.68,-0.58
1985-06-01,1985-06-01,7.18,7.8,8.69,9.05,9.6,10.16,10.57,10.45,,7.53,7.53,10.94,12.4,1985.0,42.0,-0.66,-0.69
1985-07-01,1985-07-01,7.32,7.86,8.77,9.18,9.7,10.31,10.68,10.5,,7.88,7.78,10.97,12.43,1985.0,43.0,0.06,0.15
1985-08-01,1985-08-01,7.37,8.05,8.94,9.31,9.81,10.33,10.73,10.56,,7.9,7.89,11.05,12.5,1985.0,44.0,0.19,0.02
1985-09-01,1985-09-01,7.33,8.07,8.98,9.37,9.81,10.37,10.8,10.61,,7.92,8.02,11.07,12.48,1985.0,45.0,0.02,0.04
1985-10-01,1985-10-01,7.4,8.01,8.86,9.25,9.69,10.24,10.67,10.5,,7.99,7.98,11.02,12.36,1985.0,46.0,-0.06,-0.13
1985-11-01,1985-11-01,7.48,7.88,8.58,8.88,9.28,9.78,10.24,10.06,,8.05,8.02,10.55,11.99,1985.0,47.0,-0.13,-0.46
1985-12-01,1985-12-01,7.33,7.67,8.15,8.4,8.73,9.26,9.75,9.54,,8.27,8.13,10.16,11.58,1985.0,48.0,-0.21,-0.52
1986-01-01,1986-01-01,7.3,7.73,8.14,8.41,8.68,9.19,9.59,9.4,,8.14,8.04,10.05,11.44,1986.0,49.0,0.06,-0.07
1986-02-01,1986-02-01,7.29,7.61,7.97,8.1,8.34,8.7,9.08,8.93,,7.86,7.88,9.67,11.11,1986.0,50.0,-0.12,-0.49
1986-03-01,1986-03-01,6.76,7.03,7.21,7.3,7.46,7.78,8.09,7.96,,7.48,7.51,9.0,10.5,1986.0,51.0,-0.58,-0.92
1986-04-01,1986-04-01,6.24,6.44,6.7,6.86,7.05,7.3,7.5,7.39,,6.99,6.92,8.79,10.19,1986.0,52.0,-0.59,-0.48
1986-05-01,1986-05-01,6.33,6.65,7.07,7.27,7.52,7.71,7.81,7.52,,6.85,6.89,9.09,10.29,1986.0,53.0,0.21,0.41
1986-06-01,1986-06-01,6.4,6.73,7.18,7.41,7.64,7.8,7.69,7.57,,6.92,6.98,9.13,10.34,1986.0,54.0,0.08,0.09
1986-07-01,1986-07-01,6.0,6.27,6.67,6.86,7.06,7.3,7.29,7.27,,6.56,6.6,8.88,10.16,1986.0,55.0,-0.46,-0.5
1986-08-01,1986-08-01,5.69,5.93,6.33,6.49,6.8,7.17,7.28,7.33,,6.17,6.13,8.72,10.18,1986.0,56.0,-0.34,-0.13
1986-09-01,1986-09-01,5.35,5.77,6.35,6.62,6.92,7.45,7.56,7.62,,5.89,5.94,8.89,10.2,1986.0,57.0,-0.16,0.28
1986-10-01,1986-10-01,5.32,5.72,6.28,6.56,6.83,7.43,7.61,7.7,,5.85,5.88,8.86,10.24,1986.0,58.0,-0.05,-0.02
1986-11-01,1986-11-01,5.5,5.8,6.28,6.46,6.76,7.25,7.42,7.52,,6.04,5.99,8.68,10.07,1986.0,59.0,0.08,-0.18
1986-12-01,1986-12-01,5.68,5.87,6.27,6.43,6.67,7.11,7.28,7.37,,6.91,6.68,8.49,9.97,1986.0,60.0,0.07,-0.14
1987-01-01,1987-01-01,5.58,5.78,6.23,6.41,6.64,7.08,,7.39,,6.43,6.13,8.36,9.72,1987.0,61.0,-0.09,-0.03
1987-02-01,1987-02-01,5.75,5.96,6.4,6.56,6.79,7.25,,7.54,,6.1,6.26,8.38,9.65,1987.0,62.0,0.18,0.17
1987-03-01,1987-03-01,5.77,6.03,6.42,6.58,6.79,7.25,,7.55,,6.13,6.39,8.36,9.61,1987.0,63.0,0.07,0.0
1987-04-01,1987-04-01,5.82,6.5,7.02,7.32,7.57,8.02,,8.25,,6.37,6.55,8.85,10.04,1987.0,64.0,0.47,0.77
1987-05-01,1987-05-01,5.85,7.0,7.76,8.02,8.26,8.61,,8.78,,6.85,6.96,9.33,10.51,1987.0,65.0,0.5,0.59
1987-06-01,1987-06-01,5.85,6.8,7.57,7.82,8.02,8.4,,8.57,,6.73,7.01,9.32,10.52,1987.0,66.0,-0.2,-0.21
1987-07-01,1987-07-01,5.88,6.68,7.44,7.74,8.01,8.45,,8.64,,6.58,6.7,9.42,10.61,1987.0,67.0,-0.12,0.05
1987-08-01,1987-08-01,6.23,7.03,7.75,8.03,8.32,8.76,,8.97,,6.73,6.71,9.67,10.8,1987.0,68.0,0.35,0.31
1987-09-01,1987-09-01,6.62,7.67,8.34,8.67,8.94,9.42,,9.59,,7.22,7.36,10.18,11.31,1987.0,69.0,0.64,0.66
1987-10-01,1987-10-01,6.35,7.59,8.4,8.75,9.08,9.52,,9.61,,7.29,7.53,10.52,11.62,1987.0,70.0,-0.08,0.1
1987-11-01,1987-11-01,5.89,6.96,7.69,7.99,8.35,8.86,,8.95,,6.69,6.87,10.01,11.23,1987.0,71.0,-0.63,-0.66
1987-12-01,1987-12-01,5.96,7.17,7.86,8.13,8.45,8.99,,9.12,,6.77,8.03,10.11,11.29,1987.0,72.0,0.21,0.13
1988-01-01,1988-01-01,6.0,6.99,7.63,7.87,8.18,8.67,,8.83,,6.83,6.89,9.88,11.07,1988.0,73.0,-0.18,-0.32
1988-02-01,1988-02-01,5.84,6.64,7.18,7.38,7.71,8.21,,8.43,,6.58,6.66,9.4,10.62,1988.0,74.0,-0.35,-0.46
1988-03-01,1988-03-01,5.87,6.71,7.27,7.5,7.83,8.37,,8.63,,6.58,6.69,9.39,10.57,1988.0,75.0,0.07,0.16
1988-04-01,1988-04-01,6.08,7.01,7.59,7.83,8.19,8.72,,8.95,,6.87,6.92,9.67,10.9,1988.0,76.0,0.3,0.35
1988-05-01,1988-05-01,6.45,7.4,8.0,8.24,8.58,9.09,,9.23,,7.09,7.18,9.9,11.04,1988.0,77.0,0.39,0.37
1988-06-01,1988-06-01,6.66,7.49,8.03,8.22,8.49,8.92,,9.0,,7.51,7.53,9.86,11.0,1988.0,78.0,0.09,-0.17
1988-07-01,1988-07-01,6.95,7.75,8.28,8.44,8.66,9.06,,9.14,,7.75,7.85,9.96,11.11,1988.0,79.0,0.26,0.14
1988-08-01,1988-08-01,7.3,8.17,8.63,8.77,8.94,9.26,,9.32,,8.01,8.19,10.11,11.21,1988.0,80.0,0.42,0.2
1988-09-01,1988-09-01,7.48,8.09,8.46,8.57,8.69,8.98,,9.06,,8.19,8.19,9.82,10.9,1988.0,81.0,-0.08,-0.28
1988-10-01,1988-10-01,7.6,8.11,8.35,8.43,8.51,8.8,,8.89,,8.3,8.23,9.51,10.41,1988.0,82.0,0.02,-0.18
1988-11-01,1988-11-01,8.03,8.48,8.67,8.72,8.79,8.96,,9.02,,8.35,8.46,9.45,10.48,1988.0,83.0,0.37,0.16
1988-12-01,1988-12-01,8.35,8.99,9.09,9.11,9.09,9.11,,9.01,,8.76,9.49,9.57,10.65,1988.0,84.0,0.51,0.15
1989-01-01,1989-01-01,8.56,9.05,9.18,9.2,9.15,9.09,,8.93,,9.12,9.13,9.62,10.65,1989.0,85.0,0.06,-0.02
1989-02-01,1989-02-01,8.84,9.25,9.37,9.32,9.27,9.17,,9.01,,9.36,9.39,9.64,10.61,1989.0,86.0,0.2,0.08
1989-03-01,1989-03-01,9.14,9.57,9.68,9.61,9.51,9.36,,9.17,,9.85,9.98,9.8,10.67,1989.0,87.0,0.32,0.19
1989-04-01,1989-04-01,8.96,9.36,9.45,9.4,9.3,9.18,,9.03,,9.84,9.88,9.79,10.61,1989.0,88.0,-0.21,-0.18
1989-05-01,1989-05-01,8.74,8.98,9.02,8.98,8.91,8.86,,8.83,,9.81,9.67,9.57,10.46,1989.0,89.0,-0.38,-0.32
1989-06-01,1989-06-01,8.43,8.44,8.41,8.37,8.29,8.28,,8.27,,9.53,9.41,9.1,10.03,1989.0,90.0,-0.54,-0.58
1989-07-01,1989-07-01,8.15,7.89,7.82,7.83,7.83,8.02,,8.08,,9.24,9.02,8.93,9.87,1989.0,91.0,-0.55,-0.26
1989-08-01,1989-08-01,8.17,8.18,8.14,8.13,8.09,8.11,,8.12,,8.99,8.82,8.96,9.88,1989.0,92.0,0.29,0.09
1989-09-01,1989-09-01,8.01,8.22,8.28,8.26,8.17,8.19,,8.15,,9.02,8.88,9.01,9.91,1989.0,93.0,0.04,0.08
1989-10-01,1989-10-01,7.9,7.99,7.98,8.02,7.97,8.01,,8.0,,8.84,8.68,8.92,9.81,1989.0,94.0,-0.23,-0.18
1989-11-01,1989-11-01,7.94,7.77,7.8,7.8,7.81,7.87,,7.9,,8.55,8.45,8.89,9.81,1989.0,95.0,-0.22,-0.14
1989-12-01,1989-12-01,7.88,7.72,7.78,7.77,7.75,7.84,,7.9,,8.45,8.65,8.86,9.82,1989.0,96.0,-0.05,-0.03
1990-01-01,1990-01-01,7.9,7.92,8.09,8.13,8.12,8.21,,8.26,,8.23,8.2,8.99,9.94,1990.0,97.0,0.2,0.37
1990-02-01,1990-02-01,8.0,8.11,8.37,8.39,8.42,8.47,,8.5,,8.24,8.19,9.22,10.14,1990.0,98.0,0.19,0.26
1990-03-01,1990-03-01,8.17,8.35,8.63,8.63,8.6,8.59,,8.56,,8.28,8.29,9.37,10.21,1990.0,99.0,0.24,0.12
1990-04-01,1990-04-01,8.04,8.4,8.72,8.78,8.77,8.79,,8.76,,8.26,8.32,9.46,10.3,1990.0,100.0,0.05,0.2
1990-05-01,1990-05-01,8.01,8.32,8.64,8.69,8.74,8.76,,8.73,,8.18,8.22,9.47,10.41,1990.0,101.0,-0.08,-0.03
1990-06-01,1990-06-01,7.99,8.1,8.35,8.4,8.43,8.48,,8.46,,8.29,8.19,9.26,10.22,1990.0,102.0,-0.22,-0.28
1990-07-01,1990-07-01,7.87,7.94,8.16,8.26,8.33,8.47,,8.5,,8.15,8.09,9.24,10.2,1990.0,103.0,-0.16,-0.01
1990-08-01,1990-08-01,7.69,7.78,8.06,8.22,8.44,8.75,,8.86,,8.13,7.99,9.41,10.41,1990.0,104.0,-0.16,0.28
1990-09-01,1990-09-01,7.6,7.76,8.08,8.27,8.51,8.89,,9.03,,8.2,8.09,9.56,10.64,1990.0,105.0,-0.02,0.14
1990-10-01,1990-10-01,7.4,7.55,7.88,8.07,8.33,8.72,,8.86,,8.11,8.02,9.53,10.74,1990.0,106.0,-0.21,-0.17
1990-11-01,1990-11-01,7.29,7.31,7.6,7.74,8.02,8.39,,8.54,,7.81,7.94,9.3,10.62,1990.0,107.0,-0.24,-0.33
1990-12-01,1990-12-01,6.95,7.05,7.31,7.47,7.73,8.08,,8.24,,7.31,8.32,9.05,10.43,1990.0,108.0,-0.26,-0.31
1991-01-01,1991-01-01,6.41,6.64,7.13,7.38,7.7,8.09,,8.27,,6.91,7.13,9.04,10.45,1991.0,109.0,-0.41,0.01
1991-02-01,1991-02-01,6.12,6.27,6.87,7.08,7.47,7.85,,8.03,,6.25,6.5,8.83,10.07,1991.0,110.0,-0.37,-0.24
1991-03-01,1991-03-01,6.09,6.4,7.1,7.35,7.77,8.11,,8.29,,6.12,6.44,8.93,10.09,1991.0,111.0,0.13,0.26
1991-04-01,1991-04-01,5.83,6.24,6.95,7.23,7.7,8.04,,8.21,,5.91,6.03,8.86,9.94,1991.0,112.0,-0.16,-0.07
1991-05-01,1991-05-01,5.63,6.13,6.78,7.12,7.7,8.07,,8.27,,5.78,5.82,8.86,9.86,1991.0,113.0,-0.11,0.03
1991-06-01,1991-06-01,5.75,6.36,6.96,7.39,7.94,8.28,,8.47,,5.9,5.96,9.01,9.96,1991.0,114.0,0.23,0.21
1991-07-01,1991-07-01,5.75,6.31,6.92,7.38,7.91,8.27,,8.45,,5.82,5.9,9.0,9.89,1991.0,115.0,-0.05,-0.01
1991-08-01,1991-08-01,5.5,5.78,6.43,6.8,7.43,7.9,,8.14,,5.66,5.63,8.75,9.65,1991.0,116.0,-0.53,-0.37
1991-09-01,1991-09-01,5.37,5.57,6.18,6.5,7.14,7.65,,7.95,,5.45,5.49,8.61,9.51,1991.0,117.0,-0.21,-0.25
1991-10-01,1991-10-01,5.14,5.33,5.91,6.23,6.87,7.53,,7.93,,5.21,5.21,8.55,9.49,1991.0,118.0,-0.24,-0.12
1991-11-01,1991-11-01,4.69,4.89,5.56,5.9,6.62,7.42,,7.92,,4.81,4.84,8.48,9.45,1991.0,119.0,-0.44,-0.11
1991-12-01,1991-12-01,4.18,4.38,5.03,5.39,6.19,7.09,,7.7,,4.43,4.83,8.31,9.26,1991.0,120.0,-0.51,-0.33
1992-01-01,1992-01-01,3.91,4.15,4.96,5.4,6.24,7.03,,7.58,,4.03,4.07,8.2,9.13,1992.0,121.0,-0.23,-0.06
1992-02-01,1992-02-01,3.95,4.29,5.21,5.72,6.58,7.34,,7.85,,4.06,4.04,8.29,9.23,1992.0,122.0,0.14,0.31
1992-03-01,1992-03-01,4.14,4.63,5.69,6.18,6.95,7.54,,7.97,,3.98,4.21,8.35,9.25,1992.0,123.0,0.34,0.2
1992-04-01,1992-04-01,3.84,4.3,5.34,5.93,6.78,7.48,,7.96,,3.73,3.98,8.33,9.21,1992.0,124.0,-0.33,-0.06
1992-05-01,1992-05-01,3.72,4.19,5.23,5.81,6.69,7.39,,7.89,,3.82,3.77,8.28,9.13,1992.0,125.0,-0.11,-0.09
1992-06-01,1992-06-01,3.75,4.17,5.05,5.6,6.48,7.26,,7.84,,3.76,3.81,8.22,9.05,1992.0,126.0,-0.02,-0.13
1992-07-01,1992-07-01,3.28,3.6,4.36,4.91,5.84,6.84,,7.6,,3.25,3.33,8.07,8.84,1992.0,127.0,-0.57,-0.42
1992-08-01,1992-08-01,3.2,3.47,4.19,4.72,5.6,6.59,,7.39,,3.3,3.29,7.95,8.65,1992.0,128.0,-0.13,-0.25
1992-09-01,1992-09-01,2.97,3.18,3.89,4.42,5.38,6.42,,7.34,,3.22,3.14,7.92,8.62,1992.0,129.0,-0.29,-0.17
1992-10-01,1992-10-01,2.93,3.3,4.08,4.64,5.6,6.59,,7.53,,3.1,3.1,7.99,8.84,1992.0,130.0,0.12,0.17
1992-11-01,1992-11-01,3.21,3.68,4.58,5.14,6.04,6.87,,7.61,,3.09,3.2,8.1,8.96,1992.0,131.0,0.38,0.28
1992-12-01,1992-12-01,3.29,3.71,4.67,5.21,6.08,6.77,,7.44,,2.92,3.56,7.98,8.81,1992.0,132.0,0.03,-0.1
1993-01-01,1993-01-01,3.07,3.5,4.39,4.93,5.83,6.6,,7.34,,3.02,3.09,7.91,8.67,1993.0,133.0,-0.21,-0.17
1993-02-01,1993-02-01,2.99,3.39,4.1,4.58,5.43,6.26,,7.09,,3.03,3.03,7.71,8.39,1993.0,134.0,-0.11,-0.34
1993-03-01,1993-03-01,3.01,3.33,3.95,4.4,5.19,5.98,,6.82,,3.07,3.06,7.58,8.15,1993.0,135.0,-0.06,-0.28
1993-04-01,1993-04-01,2.93,3.24,3.84,4.3,5.13,5.97,,6.85,,2.96,3.04,7.46,8.14,1993.0,136.0,-0.09,-0.01
1993-05-01,1993-05-01,3.03,3.36,3.98,4.4,5.2,6.04,,6.92,,3.0,3.02,7.43,8.21,1993.0,137.0,0.12,0.07
1993-06-01,1993-06-01,3.14,3.54,4.16,4.53,5.22,5.96,,6.81,,3.04,3.09,7.33,8.07,1993.0,138.0,0.18,-0.08
1993-07-01,1993-07-01,3.11,3.47,4.07,4.43,5.09,5.81,,6.63,,3.06,3.05,7.17,7.93,1993.0,139.0,-0.07,-0.15
1993-08-01,1993-08-01,3.09,3.44,4.0,4.36,5.03,5.68,,6.32,,3.03,3.06,6.85,7.6,1993.0,140.0,-0.03,-0.13
1993-09-01,1993-09-01,3.01,3.36,3.85,4.17,4.73,5.36,,6.0,,3.09,3.05,6.66,7.34,1993.0,141.0,-0.08,-0.32
1993-10-01,1993-10-01,3.09,3.39,3.87,4.18,4.71,5.33,6.07,5.94,,2.99,3.06,6.67,7.31,1993.0,142.0,0.03,-0.03
1993-11-01,1993-11-01,3.18,3.58,4.16,4.5,5.06,5.72,6.38,6.21,,3.02,3.06,6.93,7.66,1993.0,143.0,0.19,0.39
1993-12-01,1993-12-01,3.13,3.61,4.21,4.54,5.15,5.77,6.4,6.25,,2.96,3.22,6.93,7.69,1993.0,144.0,0.03,0.05
1994-01-01,1994-01-01,3.04,3.54,4.14,4.48,5.09,5.75,6.39,6.29,,3.05,3.03,6.92,7.65,1994.0,145.0,-0.07,-0.02
1994-02-01,1994-02-01,3.33,3.87,4.47,4.83,5.4,5.97,6.57,6.49,,3.25,3.27,7.08,7.76,1994.0,146.0,0.33,0.22
1994-03-01,1994-03-01,3.59,4.32,5.0,5.4,5.94,6.48,7.0,6.91,,3.34,3.5,7.48,8.13,1994.0,147.0,0.45,0.51
1994-04-01,1994-04-01,3.78,4.82,5.55,5.99,6.52,6.97,7.4,7.27,,3.56,3.71,7.88,8.52,1994.0,148.0,0.5,0.49
1994-05-01,1994-05-01,4.27,5.31,5.97,6.34,6.78,7.18,7.54,7.41,,4.01,4.18,7.99,8.62,1994.0,149.0,0.49,0.21
1994-06-01,1994-06-01,4.25,5.27,5.93,6.27,6.7,7.1,7.51,7.4,,4.25,4.27,7.97,8.65,1994.0,150.0,-0.04,-0.08
1994-07-01,1994-07-01,4.46,5.48,6.13,6.48,6.91,7.3,7.67,7.58,,4.26,4.43,8.11,8.8,1994.0,151.0,0.21,0.2
1994-08-01,1994-08-01,4.61,5.56,6.18,6.5,6.88,7.24,7.62,7.49,,4.47,4.57,8.07,8.74,1994.0,152.0,0.08,-0.06
1994-09-01,1994-09-01,4.75,5.76,6.39,6.69,7.08,7.46,7.87,7.71,,4.73,4.82,8.34,8.98,1994.0,153.0,0.2,0.22
1994-10-01,1994-10-01,5.1,6.11,6.73,7.04,7.4,7.74,8.08,7.94,,4.76,4.96,8.57,9.2,1994.0,154.0,0.35,0.28
1994-11-01,1994-11-01,5.45,6.54,7.15,7.44,7.72,7.96,8.2,8.08,,5.29,5.36,8.68,9.32,1994.0,155.0,0.43,0.22
1994-12-01,1994-12-01,5.76,7.14,7.59,7.71,7.78,7.81,7.99,7.87,,5.45,5.99,8.46,9.1,1994.0,156.0,0.6,-0.15
1995-01-01,1995-01-01,5.9,7.05,7.51,7.66,7.76,7.78,7.97,7.85,,5.53,5.82,8.46,9.08,1995.0,157.0,-0.09,-0.03
1995-02-01,1995-02-01,5.94,6.7,7.11,7.25,7.37,7.47,7.73,7.61,,5.92,5.99,8.26,8.85,1995.0,158.0,-0.35,-0.31
1995-03-01,1995-03-01,5.91,6.43,6.78,6.89,7.05,7.2,7.57,7.45,,5.98,6.03,8.12,8.7,1995.0,159.0,-0.27,-0.27
1995-04-01,1995-04-01,5.84,6.27,6.57,6.68,6.86,7.06,7.45,7.36,,6.05,6.02,8.03,8.6,1995.0,160.0,-0.16,-0.14
1995-05-01,1995-05-01,5.85,6.0,6.17,6.27,6.41,6.63,7.01,6.95,,6.01,5.98,7.65,8.2,1995.0,161.0,-0.27,-0.43
1995-06-01,1995-06-01,5.64,5.64,5.72,5.8,5.93,6.17,6.59,6.57,,6.0,5.95,7.3,7.9,1995.0,162.0,-0.36,-0.46
1995-07-01,1995-07-01,5.59,5.59,5.78,5.89,6.01,6.28,6.74,6.72,,5.85,5.81,7.41,8.04,1995.0,163.0,-0.05,0.11
1995-08-01,1995-08-01,5.57,5.75,5.98,6.1,6.24,6.49,6.92,6.86,,5.74,5.78,7.57,8.19,1995.0,164.0,0.16,0.21
1995-09-01,1995-09-01,5.43,5.62,5.81,5.89,6.0,6.2,6.65,6.55,,5.8,5.73,7.32,7.93,1995.0,165.0,-0.13,-0.29
1995-10-01,1995-10-01,5.44,5.59,5.7,5.77,5.86,6.04,6.45,6.37,,5.76,5.74,7.12,7.75,1995.0,166.0,-0.03,-0.16
1995-11-01,1995-11-01,5.52,5.43,5.48,5.57,5.69,5.93,6.33,6.26,,5.8,5.72,7.02,7.68,1995.0,167.0,-0.16,-0.11
1995-12-01,1995-12-01,5.29,5.31,5.32,5.39,5.51,5.71,6.12,6.06,,5.6,5.74,6.82,7.49,1995.0,168.0,-0.12,-0.22
1996-01-01,1996-01-01,5.15,5.09,5.11,5.2,5.36,5.65,6.11,6.05,,5.56,5.45,6.81,7.47,1996.0,169.0,-0.22,-0.06
1996-02-01,1996-02-01,4.96,4.94,5.03,5.14,5.38,5.81,6.3,6.24,,5.22,5.2,6.99,7.63,1996.0,170.0,-0.15,0.16
1996-03-01,1996-03-01,5.1,5.34,5.66,5.79,5.97,6.27,6.74,6.6,,5.31,5.26,7.35,8.03,1996.0,171.0,0.4,0.46
1996-04-01,1996-04-01,5.09,5.54,5.96,6.11,6.3,6.51,6.98,6.79,,5.22,5.32,7.5,8.19,1996.0,172.0,0.2,0.24
1996-05-01,1996-05-01,5.15,5.64,6.1,6.27,6.48,6.74,7.11,6.93,,5.24,5.3,7.62,8.3,1996.0,173.0,0.1,0.23
1996-06-01,1996-06-01,5.23,5.81,6.3,6.49,6.69,6.91,7.22,7.06,,5.27,5.33,7.71,8.4,1996.0,174.0,0.17,0.17
1996-07-01,1996-07-01,5.3,5.85,6.27,6.45,6.64,6.87,7.14,7.03,,5.4,5.31,7.65,8.35,1996.0,175.0,0.04,-0.04
1996-08-01,1996-08-01,5.19,5.67,6.03,6.21,6.39,6.64,6.97,6.84,,5.22,5.28,7.46,8.18,1996.0,176.0,-0.18,-0.23
1996-09-01,1996-09-01,5.24,5.83,6.23,6.41,6.6,6.83,7.17,7.03,,5.3,5.35,7.66,8.35,1996.0,177.0,0.16,0.19
1996-10-01,1996-10-01,5.12,5.55,5.91,6.08,6.27,6.53,6.9,6.81,,5.24,5.26,7.39,8.07,1996.0,178.0,-0.28,-0.3
1996-11-01,1996-11-01,5.17,5.42,5.7,5.82,5.97,6.2,6.58,6.48,,5.31,5.26,7.1,7.79,1996.0,179.0,-0.13,-0.33
1996-12-01,1996-12-01,5.04,5.47,5.78,5.91,6.07,6.3,6.65,6.55,,5.29,5.48,7.2,7.89,1996.0,180.0,0.05,0.1
1997-01-01,1997-01-01,5.17,5.61,6.01,6.16,6.33,6.58,6.91,6.83,,5.25,5.33,7.42,8.09,1997.0,181.0,0.14,0.28
1997-02-01,1997-02-01,5.14,5.53,5.9,6.03,6.2,6.42,6.77,6.69,,5.19,5.27,7.31,7.94,1997.0,182.0,-0.08,-0.16
1997-03-01,1997-03-01,5.28,5.8,6.22,6.38,6.54,6.69,7.05,6.93,,5.39,5.4,7.55,8.18,1997.0,183.0,0.27,0.27
1997-04-01,1997-04-01,5.3,5.99,6.45,6.61,6.76,6.89,7.2,7.09,,5.51,5.56,7.73,8.34,1997.0,184.0,0.19,0.2
1997-05-01,1997-05-01,5.2,5.87,6.28,6.42,6.57,6.71,7.02,6.94,,5.5,5.56,7.58,8.2,1997.0,185.0,-0.12,-0.18
1997-06-01,1997-06-01,5.07,5.69,6.09,6.24,6.38,6.49,6.84,6.77,,5.56,5.56,7.41,8.02,1997.0,186.0,-0.18,-0.22
1997-07-01,1997-07-01,5.19,5.54,5.89,6.0,6.12,6.22,6.56,6.51,,5.52,5.54,7.14,7.75,1997.0,187.0,-0.15,-0.27
1997-08-01,1997-08-01,5.28,5.56,5.94,6.06,6.16,6.3,6.65,6.58,,5.54,5.5,7.22,7.82,1997.0,188.0,0.02,0.08
1997-09-01,1997-09-01,5.08,5.52,5.88,5.98,6.11,6.21,6.56,6.5,,5.54,5.58,7.15,7.7,1997.0,189.0,-0.04,-0.09
1997-10-01,1997-10-01,5.11,5.46,5.77,5.84,5.93,6.03,6.38,6.33,,5.5,5.52,7.0,7.57,1997.0,190.0,-0.06,-0.18
1997-11-01,1997-11-01,5.28,5.46,5.71,5.76,5.8,5.88,6.2,6.11,,5.52,5.56,6.87,7.42,1997.0,191.0,0.0,-0.15
1997-12-01,1997-12-01,5.3,5.53,5.72,5.74,5.77,5.81,6.07,5.99,,5.5,5.82,6.76,7.32,1997.0,192.0,0.07,-0.07
1998-01-01,1998-01-01,5.18,5.24,5.36,5.38,5.42,5.54,5.88,5.81,,5.56,5.51,6.61,7.19,1998.0,193.0,-0.29,-0.27
1998-02-01,1998-02-01,5.23,5.31,5.42,5.43,5.49,5.57,5.96,5.89,,5.51,5.51,6.67,7.25,1998.0,194.0,0.07,0.03
1998-03-01,1998-03-01,5.16,5.39,5.56,5.57,5.61,5.65,6.01,5.95,,5.49,5.56,6.72,7.32,1998.0,195.0,0.08,0.08
1998-04-01,1998-04-01,5.08,5.38,5.56,5.58,5.61,5.64,6.0,5.92,,5.45,5.54,6.69,7.33,1998.0,196.0,-0.01,-0.01
1998-05-01,1998-05-01,5.14,5.44,5.59,5.61,5.63,5.65,6.01,5.93,,5.49,5.52,6.69,7.3,1998.0,197.0,0.06,0.01
1998-06-01,1998-06-01,5.12,5.41,5.52,5.52,5.52,5.5,5.8,5.7,,5.56,5.53,6.53,7.13,1998.0,198.0,-0.03,-0.15
1998-07-01,1998-07-01,5.09,5.36,5.46,5.47,5.46,5.46,5.78,5.68,,5.54,5.51,6.55,7.15,1998.0,199.0,-0.05,-0.04
1998-08-01,1998-08-01,5.04,5.21,5.27,5.24,5.27,5.34,5.66,5.54,,5.55,5.51,6.52,7.14,1998.0,200.0,-0.15,-0.12
1998-09-01,1998-09-01,4.74,4.71,4.67,4.62,4.62,4.81,5.38,5.2,,5.51,5.43,6.4,7.09,1998.0,201.0,-0.5,-0.53
1998-10-01,1998-10-01,4.07,4.12,4.09,4.18,4.18,4.53,5.3,5.01,,5.07,5.21,6.37,7.18,1998.0,202.0,-0.59,-0.28
1998-11-01,1998-11-01,4.53,4.53,4.54,4.57,4.54,4.83,5.48,5.25,,4.83,5.13,6.41,7.34,1998.0,203.0,0.41,0.3
1998-12-01,1998-12-01,4.5,4.52,4.51,4.48,4.45,4.65,5.36,5.06,,4.68,5.42,6.22,7.23,1998.0,204.0,-0.01,-0.18
1999-01-01,1999-01-01,4.45,4.51,4.62,4.61,4.6,4.72,5.45,5.16,,4.63,4.86,6.24,7.29,1999.0,205.0,-0.01,0.07
1999-02-01,1999-02-01,4.56,4.7,4.88,4.9,4.91,5.0,5.66,5.37,,4.76,4.81,6.4,7.39,1999.0,206.0,0.19,0.28
1999-03-01,1999-03-01,4.57,4.78,5.05,5.11,5.14,5.23,5.87,5.58,,4.81,4.81,6.62,7.53,1999.0,207.0,0.08,0.23
1999-04-01,1999-04-01,4.41,4.69,4.98,5.03,5.08,5.18,5.82,5.55,,4.74,4.8,6.64,7.48,1999.0,208.0,-0.09,-0.05
1999-05-01,1999-05-01,4.63,4.85,5.25,5.33,5.44,5.54,6.08,5.81,,4.74,4.78,6.93,7.72,1999.0,209.0,0.16,0.36
1999-06-01,1999-06-01,4.72,5.1,5.62,5.7,5.81,5.9,6.36,6.04,,4.76,4.93,7.23,8.02,1999.0,210.0,0.25,0.36
1999-07-01,1999-07-01,4.69,5.03,5.55,5.62,5.68,5.79,6.28,5.98,,4.99,5.07,7.19,7.95,1999.0,211.0,-0.07,-0.11
1999-08-01,1999-08-01,4.87,5.2,5.68,5.77,5.84,5.94,6.43,6.07,,5.07,5.2,7.4,8.15,1999.0,212.0,0.17,0.15
1999-09-01,1999-09-01,4.82,5.25,5.66,5.75,5.8,5.92,6.5,6.07,,5.22,5.31,7.39,8.2,1999.0,213.0,0.05,-0.02
1999-10-01,1999-10-01,5.02,5.43,5.86,5.94,6.03,6.11,6.66,6.26,,5.2,5.32,7.55,8.38,1999.0,214.0,0.18,0.19
1999-11-01,1999-11-01,5.23,5.55,5.86,5.92,5.97,6.03,6.48,6.15,,5.42,5.49,7.36,8.15,1999.0,215.0,0.12,-0.08
1999-12-01,1999-12-01,5.36,5.84,6.1,6.14,6.19,6.28,6.69,6.35,,5.3,6.3,7.55,8.19,1999.0,216.0,0.29,0.25
2000-01-01,2000-01-01,5.5,6.12,6.44,6.49,6.58,6.66,6.86,6.63,,5.45,5.71,7.78,8.33,2000.0,217.0,0.28,0.38
2000-02-01,2000-02-01,5.73,6.22,6.61,6.65,6.68,6.52,6.54,6.23,,5.73,5.8,7.68,8.29,2000.0,218.0,0.1,-0.14
2000-03-01,2000-03-01,5.86,6.22,6.53,6.53,6.5,6.26,6.38,6.05,,5.85,5.97,7.68,8.37,2000.0,219.0,0.0,-0.26
2000-04-01,2000-04-01,5.82,6.15,6.4,6.36,6.26,5.99,6.18,5.85,,6.02,6.07,7.64,8.4,2000.0,220.0,-0.07,-0.27
2000-05-01,2000-05-01,5.99,6.33,6.81,6.77,6.69,6.44,6.55,6.15,,6.27,6.47,7.99,8.9,2000.0,221.0,0.18,0.45
2000-06-01,2000-06-01,5.86,6.17,6.48,6.43,6.3,6.1,6.28,5.93,,6.53,6.58,7.67,8.48,2000.0,222.0,-0.16,-0.34
2000-07-01,2000-07-01,6.14,6.08,6.34,6.28,6.18,6.05,6.2,5.85,,6.54,6.54,7.65,8.35,2000.0,223.0,-0.09,-0.05
2000-08-01,2000-08-01,6.28,6.18,6.23,6.17,6.06,5.83,6.02,5.72,,6.5,6.53,7.55,8.26,2000.0,224.0,0.1,-0.22
2000-09-01,2000-09-01,6.18,6.13,6.08,6.02,5.93,5.8,6.09,5.83,,6.52,6.54,7.62,8.35,2000.0,225.0,-0.05,-0.03
2000-10-01,2000-10-01,6.29,6.01,5.91,5.85,5.78,5.74,6.04,5.8,,6.51,6.53,7.55,8.34,2000.0,226.0,-0.12,-0.06
2000-11-01,2000-11-01,6.36,6.09,5.88,5.79,5.7,5.72,5.98,5.78,,6.51,6.54,7.45,8.28,2000.0,227.0,0.08,-0.02
2000-12-01,2000-12-01,5.94,5.6,5.35,5.26,5.17,5.24,5.64,5.49,,6.4,6.58,7.21,8.02,2000.0,228.0,-0.49,-0.48
2001-01-01,2001-01-01,5.29,4.81,4.76,4.77,4.86,5.16,5.65,5.54,,5.98,5.79,7.15,7.93,2001.0,229.0,-0.79,-0.08
2001-02-01,2001-02-01,5.01,4.68,4.66,4.71,4.89,5.1,5.62,5.45,,5.49,5.44,7.1,7.87,2001.0,230.0,-0.13,-0.06
2001-03-01,2001-03-01,4.54,4.3,4.34,4.43,4.64,4.89,5.49,5.34,,5.31,5.06,6.98,7.84,2001.0,231.0,-0.38,-0.21
2001-04-01,2001-04-01,3.97,3.98,4.23,4.42,4.76,5.14,5.78,5.65,,4.8,4.76,7.2,8.07,2001.0,232.0,-0.32,0.25
2001-05-01,2001-05-01,3.7,3.78,4.26,4.51,4.93,5.39,5.92,5.78,,4.21,4.08,7.29,8.07,2001.0,233.0,-0.2,0.25
2001-06-01,2001-06-01,3.57,3.58,4.08,4.35,4.81,5.28,5.82,5.67,,3.97,3.83,7.18,7.97,2001.0,234.0,-0.2,-0.11
2001-07-01,2001-07-01,3.59,3.62,4.04,4.31,4.76,5.24,5.75,5.61,,3.77,3.74,7.13,7.97,2001.0,235.0,0.04,-0.04
2001-08-01,2001-08-01,3.44,3.47,3.76,4.04,4.57,4.97,5.58,5.48,,3.65,3.55,7.02,7.85,2001.0,236.0,-0.15,-0.27
2001-09-01,2001-09-01,2.69,2.82,3.12,3.45,4.12,4.73,5.53,5.48,,3.07,2.94,7.17,8.03,2001.0,237.0,-0.65,-0.24
2001-10-01,2001-10-01,2.2,2.33,2.73,3.14,3.91,4.57,5.34,5.32,,2.49,2.41,7.03,7.91,2001.0,238.0,-0.49,-0.16
2001-11-01,2001-11-01,1.91,2.18,2.78,3.22,3.97,4.65,5.33,5.12,,2.09,2.06,6.97,7.81,2001.0,239.0,-0.15,0.08
2001-12-01,2001-12-01,1.72,2.22,3.11,3.62,4.39,5.09,5.76,5.48,,1.82,1.88,6.77,8.05,2001.0,240.0,0.04,0.44
2002-01-01,2002-01-01,1.68,2.16,3.03,3.56,4.34,5.04,5.69,5.45,,1.73,1.74,6.55,7.87,2002.0,241.0,-0.06,-0.05
2002-02-01,2002-02-01,1.76,2.23,3.02,3.55,4.3,4.91,5.61,5.4,,1.74,1.78,6.51,7.89,2002.0,242.0,0.07,-0.13
2002-03-01,2002-03-01,1.83,2.57,3.56,4.14,4.74,5.28,5.93,,,1.73,1.83,6.81,8.11,2002.0,243.0,0.34,0.37
2002-04-01,2002-04-01,1.75,2.48,3.42,4.01,4.65,5.21,5.85,,,1.75,1.79,6.76,8.03,2002.0,244.0,-0.09,-0.07
2002-05-01,2002-05-01,1.76,2.35,3.26,3.8,4.49,5.16,5.81,,,1.75,1.78,6.75,8.09,2002.0,245.0,-0.13,-0.05
2002-06-01,2002-06-01,1.73,2.2,2.99,3.49,4.19,4.93,5.65,,,1.75,1.78,6.63,7.95,2002.0,246.0,-0.15,-0.23
2002-07-01,2002-07-01,1.71,1.96,2.56,3.01,3.81,4.65,5.51,,,1.73,1.77,6.53,7.9,2002.0,247.0,-0.24,-0.28
2002-08-01,2002-08-01,1.65,1.76,2.13,2.52,3.29,4.26,5.19,,,1.74,1.74,6.37,7.58,2002.0,248.0,-0.2,-0.39
2002-09-01,2002-09-01,1.66,1.72,2.0,2.32,2.94,3.87,4.87,,,1.75,1.77,6.15,7.4,2002.0,249.0,-0.04,-0.39
2002-10-01,2002-10-01,1.61,1.65,1.91,2.25,2.95,3.94,5.0,,,1.75,1.75,6.32,7.73,2002.0,250.0,-0.07,0.07
2002-11-01,2002-11-01,1.25,1.49,1.92,2.32,3.05,4.05,5.04,,,1.34,1.37,6.31,7.62,2002.0,251.0,-0.16,0.11
2002-12-01,2002-12-01,1.21,1.45,1.84,2.23,3.03,4.03,5.01,,,1.24,1.35,6.21,7.45,2002.0,252.0,-0.04,-0.02
2003-01-01,2003-01-01,1.19,1.36,1.74,2.18,3.05,4.05,5.02,,2.29,1.24,1.28,6.17,7.35,2003.0,253.0,-0.09,0.02
2003-02-01,2003-02-01,1.19,1.3,1.63,2.05,2.9,3.9,4.87,,1.99,1.26,1.26,5.95,7.06,2003.0,254.0,-0.06,-0.15
2003-03-01,2003-03-01,1.15,1.24,1.57,1.98,2.78,3.81,4.82,,1.94,1.25,1.24,5.89,6.95,2003.0,255.0,-0.06,-0.09
2003-04-01,2003-04-01,1.15,1.27,1.62,2.06,2.93,3.96,4.91,,2.18,1.26,1.26,5.74,6.85,2003.0,256.0,0.03,0.15
2003-05-01,2003-05-01,1.09,1.18,1.42,1.75,2.52,3.57,4.52,,1.91,1.26,1.25,5.22,6.38,2003.0,257.0,-0.09,-0.39
2003-06-01,2003-06-01,0.94,1.01,1.23,1.51,2.27,3.33,4.34,,1.72,1.22,1.08,4.97,6.19,2003.0,258.0,-0.17,-0.24
2003-07-01,2003-07-01,0.92,1.12,1.47,1.93,2.87,3.98,4.92,,2.11,1.01,1.04,5.49,6.62,2003.0,259.0,0.11,0.65
2003-08-01,2003-08-01,0.97,1.31,1.86,2.44,3.37,4.45,5.39,,2.32,1.03,1.05,5.88,7.01,2003.0,260.0,0.19,0.47
2003-09-01,2003-09-01,0.96,1.24,1.71,2.23,3.18,4.27,5.21,,2.19,1.01,1.06,5.72,6.79,2003.0,261.0,-0.07,-0.18
2003-10-01,2003-10-01,0.94,1.25,1.75,2.26,3.19,4.29,5.21,,2.08,1.01,1.05,5.7,6.73,2003.0,262.0,0.01,0.02
2003-11-01,2003-11-01,0.95,1.34,1.93,2.45,3.29,4.3,5.17,,1.96,1.0,1.04,5.65,6.66,2003.0,263.0,0.09,0.01
2003-12-01,2003-12-01,0.91,1.31,1.91,2.44,3.27,4.27,5.11,,1.98,0.98,1.08,5.62,6.6,2003.0,264.0,-0.03,-0.03
2004-01-01,2004-01-01,0.9,1.24,1.76,2.27,3.12,4.15,5.01,,1.89,1.0,1.03,5.54,6.44,2004.0,265.0,-0.07,-0.12
2004-02-01,2004-02-01,0.94,1.24,1.74,2.25,3.07,4.08,4.94,,1.76,1.01,1.02,5.5,6.27,2004.0,266.0,0.0,-0.07
2004-03-01,2004-03-01,0.95,1.19,1.58,2.0,2.79,3.83,4.72,,1.47,1.0,1.02,5.33,6.11,2004.0,267.0,-0.05,-0.25
2004-04-01,2004-04-01,0.96,1.43,2.07,2.57,3.39,4.35,5.16,,1.9,1.0,1.02,5.73,6.46,2004.0,268.0,0.24,0.52
2004-05-01,2004-05-01,1.04,1.78,2.53,3.1,3.85,4.72,5.46,,2.09,1.0,1.03,6.04,6.75,2004.0,269.0,0.35,0.37
2004-06-01,2004-06-01,1.29,2.12,2.76,3.26,3.93,4.73,5.45,,2.15,1.03,1.18,6.01,6.78,2004.0,270.0,0.34,0.01
2004-07-01,2004-07-01,1.36,2.1,2.64,3.05,3.69,4.5,5.24,,2.02,1.26,1.35,5.82,6.62,2004.0,271.0,-0.02,-0.23
2004-08-01,2004-08-01,1.5,2.02,2.51,2.88,3.47,4.28,5.07,,1.86,1.43,1.52,5.65,6.46,2004.0,272.0,-0.08,-0.22
2004-09-01,2004-09-01,1.68,2.12,2.53,2.83,3.36,4.13,4.89,,1.8,1.61,1.72,5.46,6.27,2004.0,273.0,0.1,-0.15
2004-10-01,2004-10-01,1.79,2.23,2.58,2.85,3.35,4.1,4.85,,1.73,1.76,1.84,5.47,6.21,2004.0,274.0,0.11,-0.03
2004-11-01,2004-11-01,2.11,2.5,2.85,3.09,3.53,4.19,4.89,,1.68,1.93,2.06,5.52,6.2,2004.0,275.0,0.27,0.09
2004-12-01,2004-12-01,2.22,2.67,3.01,3.21,3.6,4.23,4.88,,1.67,2.16,2.32,5.47,6.15,2004.0,276.0,0.17,0.04
2005-01-01,2005-01-01,2.37,2.86,3.22,3.39,3.71,4.22,4.77,,1.72,2.28,2.42,5.36,6.02,2005.0,277.0,0.19,-0.01
2005-02-01,2005-02-01,2.58,3.03,3.38,3.54,3.77,4.17,4.61,,1.63,2.5,2.55,5.2,5.82,2005.0,278.0,0.17,-0.05
2005-03-01,2005-03-01,2.8,3.3,3.73,3.91,4.17,4.5,4.89,,1.79,2.63,2.75,5.4,6.06,2005.0,279.0,0.27,0.33
2005-04-01,2005-04-01,2.84,3.32,3.65,3.79,4.0,4.34,4.75,,1.71,2.79,2.92,5.33,6.05,2005.0,280.0,0.02,-0.16
2005-05-01,2005-05-01,2.9,3.33,3.64,3.72,3.85,4.14,4.56,,1.65,3.0,3.03,5.15,6.01,2005.0,281.0,0.01,-0.2
2005-06-01,2005-06-01,3.04,3.36,3.64,3.69,3.77,4.0,4.35,,1.67,3.04,3.19,4.96,5.86,2005.0,282.0,0.03,-0.14
2005-07-01,2005-07-01,3.29,3.64,3.87,3.91,3.98,4.18,4.48,,1.88,3.26,3.36,5.06,5.95,2005.0,283.0,0.28,0.18
2005-08-01,2005-08-01,3.52,3.87,4.04,4.08,4.12,4.26,4.53,,1.89,3.5,3.54,5.09,5.96,2005.0,284.0,0.23,0.08
2005-09-01,2005-09-01,3.49,3.85,3.95,3.96,4.01,4.2,4.51,,1.7,3.62,3.72,5.13,6.03,2005.0,285.0,-0.02,-0.06
2005-10-01,2005-10-01,3.79,4.18,4.27,4.29,4.33,4.46,4.74,,1.94,3.78,3.95,5.35,6.3,2005.0,286.0,0.33,0.26
2005-11-01,2005-11-01,3.97,4.33,4.42,4.43,4.45,4.54,4.83,,2.06,4.0,4.14,5.42,6.39,2005.0,287.0,0.15,0.08
2005-12-01,2005-12-01,3.97,4.35,4.4,4.39,4.39,4.47,4.73,,2.12,4.16,4.34,5.37,6.32,2005.0,288.0,0.02,-0.07
2006-01-01,2006-01-01,4.34,4.45,4.4,4.35,4.35,4.42,4.65,,2.01,4.29,4.48,5.29,6.24,2006.0,289.0,0.1,-0.05
2006-02-01,2006-02-01,4.54,4.68,4.67,4.64,4.57,4.57,4.73,4.54,2.05,4.49,4.58,5.35,6.27,2006.0,290.0,0.23,0.15
2006-03-01,2006-03-01,4.63,4.77,4.73,4.74,4.72,4.72,4.91,4.73,2.2,4.59,4.75,5.53,6.41,2006.0,291.0,0.09,0.15
2006-04-01,2006-04-01,4.72,4.9,4.89,4.89,4.9,4.99,5.22,5.06,2.41,4.79,4.91,5.84,6.68,2006.0,292.0,0.13,0.27
2006-05-01,2006-05-01,4.84,5.0,4.97,4.97,5.0,5.11,5.35,5.2,2.45,4.94,5.07,5.95,6.75,2006.0,293.0,0.1,0.12
2006-06-01,2006-06-01,4.92,5.16,5.12,5.09,5.07,5.11,5.29,5.15,2.53,4.99,5.24,5.89,6.78,2006.0,294.0,0.16,0.0
2006-07-01,2006-07-01,5.08,5.22,5.12,5.07,5.04,5.09,5.25,5.13,2.51,5.24,5.37,5.85,6.76,2006.0,295.0,0.06,-0.02
2006-08-01,2006-08-01,5.09,5.08,4.9,4.85,4.82,4.88,5.08,5.0,2.29,5.25,5.33,5.68,6.59,2006.0,296.0,-0.14,-0.21
2006-09-01,2006-09-01,4.93,4.97,4.77,4.69,4.67,4.72,4.93,4.85,2.32,5.25,5.32,5.51,6.43,2006.0,297.0,-0.11,-0.16
2006-10-01,2006-10-01,5.05,5.01,4.8,4.72,4.69,4.73,4.94,4.85,2.41,5.25,5.32,5.51,6.42,2006.0,298.0,0.04,0.01
2006-11-01,2006-11-01,5.07,5.01,4.74,4.64,4.58,4.6,4.78,4.69,2.29,5.25,5.32,5.33,6.2,2006.0,299.0,0.0,-0.13
2006-12-01,2006-12-01,4.97,4.94,4.67,4.58,4.53,4.56,4.78,4.68,2.25,5.24,5.35,5.32,6.22,2006.0,300.0,-0.07,-0.04
2007-01-01,2007-01-01,5.11,5.06,4.88,4.79,4.75,4.76,4.95,4.85,2.44,5.25,5.32,5.4,6.34,2007.0,301.0,0.12,0.2
2007-02-01,2007-02-01,5.16,5.05,4.85,4.75,4.71,4.72,4.93,4.82,2.36,5.26,5.32,5.39,6.28,2007.0,302.0,-0.01,-0.04
2007-03-01,2007-03-01,5.08,4.92,4.57,4.51,4.48,4.56,4.81,4.72,2.18,5.26,5.32,5.3,6.27,2007.0,303.0,-0.13,-0.16
2007-04-01,2007-04-01,5.01,4.93,4.67,4.6,4.59,4.69,4.95,4.87,2.26,5.25,5.31,5.47,6.39,2007.0,304.0,0.01,0.13
2007-05-01,2007-05-01,4.87,4.91,4.77,4.69,4.67,4.75,4.98,4.9,2.37,5.25,5.32,5.47,6.39,2007.0,305.0,-0.02,0.06
2007-06-01,2007-06-01,4.74,4.96,4.98,5.0,5.03,5.1,5.29,5.2,2.69,5.25,5.32,5.79,6.7,2007.0,306.0,0.05,0.35
2007-07-01,2007-07-01,4.96,4.96,4.82,4.82,4.88,5.0,5.19,5.11,2.64,5.26,5.32,5.73,6.65,2007.0,307.0,0.0,-0.1
2007-08-01,2007-08-01,4.32,4.47,4.31,4.34,4.43,4.67,5.0,4.93,2.44,5.02,5.53,5.79,6.65,2007.0,308.0,-0.49,-0.33
2007-09-01,2007-09-01,3.99,4.14,4.01,4.06,4.2,4.52,4.84,4.79,2.26,4.94,5.5,5.74,6.59,2007.0,309.0,-0.33,-0.15
2007-10-01,2007-10-01,4.0,4.1,3.97,4.01,4.2,4.53,4.83,4.77,2.2,4.76,5.01,5.66,6.48,2007.0,310.0,-0.04,0.01
2007-11-01,2007-11-01,3.35,3.5,3.34,3.35,3.67,4.15,4.56,4.52,1.77,4.49,4.83,5.44,6.4,2007.0,311.0,-0.6,-0.38
2007-12-01,2007-12-01,3.07,3.26,3.12,3.13,3.49,4.1,4.57,4.53,1.79,4.24,5.23,5.49,6.65,2007.0,312.0,-0.24,-0.05
2008-01-01,2008-01-01,2.82,2.71,2.48,2.51,2.98,3.74,4.35,4.33,1.47,3.94,3.93,5.33,6.54,2008.0,313.0,-0.55,-0.36
2008-02-01,2008-02-01,2.17,2.05,1.97,2.19,2.78,3.74,4.49,4.52,1.41,2.98,3.17,5.53,6.82,2008.0,314.0,-0.66,0.0
2008-03-01,2008-03-01,1.28,1.54,1.62,1.8,2.48,3.51,4.36,4.39,1.09,2.61,2.87,5.51,6.89,2008.0,315.0,-0.51,-0.23
2008-04-01,2008-04-01,1.31,1.74,2.05,2.23,2.84,3.68,4.44,4.44,1.36,2.28,2.97,5.55,6.97,2008.0,316.0,0.2,0.17
2008-05-01,2008-05-01,1.76,2.06,2.45,2.69,3.15,3.88,4.6,4.6,1.46,1.98,2.63,5.57,6.93,2008.0,317.0,0.32,0.2
2008-06-01,2008-06-01,1.89,2.42,2.77,3.08,3.49,4.1,4.74,4.69,1.63,2.0,2.66,5.68,7.07,2008.0,318.0,0.36,0.22
2008-07-01,2008-07-01,1.66,2.28,2.57,2.87,3.3,4.01,4.62,4.57,1.57,2.01,2.65,5.67,7.16,2008.0,319.0,-0.14,-0.09
2008-08-01,2008-08-01,1.75,2.18,2.42,2.7,3.14,3.89,4.53,4.5,1.68,2.0,2.61,5.64,7.15,2008.0,320.0,-0.1,-0.12
2008-09-01,2008-09-01,1.15,1.91,2.08,2.32,2.88,3.69,4.32,4.27,1.85,1.81,4.01,5.65,7.31,2008.0,321.0,-0.27,-0.2
2008-10-01,2008-10-01,0.69,1.42,1.61,1.86,2.73,3.81,4.45,4.17,2.75,0.97,4.93,6.28,8.88,2008.0,322.0,-0.49,0.12
2008-11-01,2008-11-01,0.19,1.07,1.21,1.51,2.29,3.53,4.27,4.0,2.89,0.39,2.08,6.12,9.21,2008.0,323.0,-0.35,-0.28
2008-12-01,2008-12-01,0.03,0.49,0.82,1.07,1.52,2.42,3.18,2.87,2.17,0.16,1.75,5.05,8.43,2008.0,324.0,-0.58,-1.11
2009-01-01,2009-01-01,0.13,0.44,0.81,1.13,1.6,2.52,3.46,3.13,1.91,0.15,0.89,5.05,8.14,2009.0,325.0,-0.05,0.1
2009-02-01,2009-02-01,0.3,0.62,0.98,1.37,1.87,2.87,3.83,3.59,1.75,0.22,0.77,5.27,8.08,2009.0,326.0,0.18,0.35
2009-03-01,2009-03-01,0.22,0.64,0.93,1.31,1.82,2.82,3.78,3.64,1.71,0.18,0.98,5.5,8.42,2009.0,327.0,0.02,-0.05
2009-04-01,2009-04-01,0.16,0.55,0.93,1.32,1.86,2.93,3.84,3.76,1.57,0.15,0.94,5.39,8.39,2009.0,328.0,-0.09,0.11
2009-05-01,2009-05-01,0.18,0.5,0.93,1.39,2.13,3.29,4.22,4.23,1.72,0.18,0.71,5.54,8.06,2009.0,329.0,-0.05,0.36
2009-06-01,2009-06-01,0.18,0.51,1.18,1.76,2.71,3.72,4.51,4.52,1.86,0.21,0.65,5.61,7.5,2009.0,330.0,0.01,0.43
2009-07-01,2009-07-01,0.18,0.48,1.02,1.55,2.46,3.56,4.38,4.41,1.82,0.16,0.56,5.41,7.09,2009.0,331.0,-0.03,-0.16
2009-08-01,2009-08-01,0.17,0.46,1.12,1.65,2.57,3.59,4.33,4.37,1.77,0.16,0.46,5.26,6.58,2009.0,332.0,-0.02,0.03
2009-09-01,2009-09-01,0.12,0.4,0.96,1.48,2.37,3.4,4.14,4.19,1.64,0.15,0.4,5.13,6.31,2009.0,333.0,-0.06,-0.19
2009-10-01,2009-10-01,0.07,0.37,0.95,1.46,2.33,3.39,4.16,4.19,1.48,0.12,0.35,5.15,6.29,2009.0,334.0,-0.03,-0.01
2009-11-01,2009-11-01,0.05,0.31,0.8,1.32,2.23,3.4,4.24,4.31,1.28,0.12,0.3,5.19,6.32,2009.0,335.0,-0.06,0.01
2009-12-01,2009-12-01,0.05,0.37,0.87,1.38,2.34,3.59,4.4,4.49,1.36,0.12,0.32,5.26,6.37,2009.0,336.0,0.06,0.19
2010-01-01,2010-01-01,0.06,0.35,0.93,1.49,2.48,3.73,4.5,4.6,1.37,0.11,0.3,5.26,6.25,2010.0,337.0,-0.02,0.14
2010-02-01,2010-02-01,0.11,0.35,0.86,1.4,2.36,3.69,4.48,4.62,1.42,0.13,0.28,5.35,6.34,2010.0,338.0,0.0,-0.04
2010-03-01,2010-03-01,0.15,0.4,0.96,1.51,2.43,3.73,4.49,4.64,1.51,0.16,0.28,5.27,6.27,2010.0,339.0,0.05,0.04
2010-04-01,2010-04-01,0.16,0.45,1.06,1.64,2.58,3.85,4.53,4.69,1.5,0.2,0.3,5.29,6.25,2010.0,340.0,0.05,0.12
2010-05-01,2010-05-01,0.16,0.37,0.83,1.32,2.18,3.42,4.11,4.29,1.31,0.2,0.38,4.96,6.05,2010.0,341.0,-0.08,-0.43
2010-06-01,2010-06-01,0.12,0.32,0.72,1.17,2.0,3.2,3.95,4.13,1.26,0.18,0.44,4.88,6.23,2010.0,342.0,-0.05,-0.22
2010-07-01,2010-07-01,0.16,0.29,0.62,0.98,1.76,3.01,3.8,3.99,1.24,0.18,0.44,4.72,6.01,2010.0,343.0,-0.03,-0.19
2010-08-01,2010-08-01,0.16,0.26,0.52,0.78,1.47,2.7,3.52,3.8,1.02,0.19,0.37,4.49,5.66,2010.0,344.0,-0.03,-0.31
2010-09-01,2010-09-01,0.15,0.26,0.48,0.74,1.41,2.65,3.47,3.77,0.91,0.19,0.34,4.53,5.66,2010.0,345.0,0.0,-0.05
2010-10-01,2010-10-01,0.13,0.23,0.38,0.57,1.18,2.54,3.52,3.87,0.53,0.19,0.34,4.68,5.72,2010.0,346.0,-0.03,-0.11
2010-11-01,2010-11-01,0.14,0.25,0.45,0.67,1.35,2.76,3.82,4.19,0.67,0.19,0.33,4.87,5.92,2010.0,347.0,0.02,0.22
2010-12-01,2010-12-01,0.14,0.29,0.62,0.99,1.93,3.29,4.17,4.42,1.04,0.18,0.32,5.02,6.1,2010.0,348.0,0.04,0.53
2011-01-01,2011-01-01,0.15,0.27,0.61,1.03,1.99,3.39,4.28,4.52,1.06,0.17,0.32,5.04,6.09,2011.0,349.0,-0.02,0.1
2011-02-01,2011-02-01,0.13,0.29,0.77,1.28,2.26,3.58,4.42,4.65,1.24,0.16,0.32,5.22,6.15,2011.0,350.0,0.02,0.19
2011-03-01,2011-03-01,0.1,0.26,0.7,1.17,2.11,3.41,4.27,4.51,0.96,0.14,0.3,5.13,6.03,2011.0,351.0,-0.03,-0.17
2011-04-01,2011-04-01,0.06,0.25,0.73,1.21,2.17,3.46,4.28,4.5,0.86,0.1,0.26,5.16,6.02,2011.0,352.0,-0.01,0.05
2011-05-01,2011-05-01,0.04,0.19,0.56,0.94,1.84,3.17,4.01,4.29,0.78,0.09,0.26,4.96,5.78,2011.0,353.0,-0.06,-0.29
2011-06-01,2011-06-01,0.04,0.18,0.41,0.71,1.58,3.0,3.91,4.23,0.76,0.09,0.24,4.99,5.75,2011.0,354.0,-0.01,-0.17
2011-07-01,2011-07-01,0.04,0.19,0.41,0.68,1.54,3.0,3.95,4.27,0.62,0.07,0.22,4.93,5.76,2011.0,355.0,0.01,0.0
2011-08-01,2011-08-01,0.02,0.11,0.23,0.38,1.02,2.3,3.24,3.65,0.14,0.1,0.25,4.37,5.36,2011.0,356.0,-0.08,-0.7
2011-09-01,2011-09-01,0.01,0.1,0.21,0.35,0.9,1.98,2.83,3.18,0.08,0.08,0.33,4.09,5.27,2011.0,357.0,-0.01,-0.32
2011-10-01,2011-10-01,0.02,0.11,0.28,0.47,1.06,2.15,2.87,3.13,0.19,0.07,0.35,3.98,5.37,2011.0,358.0,0.01,0.17
2011-11-01,2011-11-01,0.01,0.11,0.25,0.39,0.91,2.01,2.72,3.02,0.0,0.08,0.35,3.87,5.14,2011.0,359.0,0.0,-0.14
2011-12-01,2011-12-01,0.01,0.12,0.26,0.39,0.89,1.98,2.67,2.98,-0.03,0.07,0.35,3.93,5.25,2011.0,360.0,0.01,-0.03
2012-01-01,2012-01-01,0.03,0.12,0.24,0.36,0.84,1.97,2.7,3.03,-0.11,0.08,0.35,3.85,5.23,2012.0,361.0,0.0,-0.01
2012-02-01,2012-02-01,0.09,0.16,0.28,0.38,0.83,1.97,2.75,3.11,-0.25,0.1,0.34,3.85,5.14,2012.0,362.0,0.04,0.0
2012-03-01,2012-03-01,0.08,0.19,0.34,0.51,1.02,2.17,2.94,3.28,-0.14,0.13,0.34,3.99,5.23,2012.0,363.0,0.03,0.2
2012-04-01,2012-04-01,0.08,0.18,0.29,0.43,0.89,2.05,2.82,3.18,-0.21,0.14,0.33,3.96,5.19,2012.0,364.0,-0.01,-0.12
2012-05-01,2012-05-01,0.09,0.19,0.29,0.39,0.76,1.8,2.53,2.93,-0.34,0.16,0.3,3.8,5.07,2012.0,365.0,0.01,-0.25
2012-06-01,2012-06-01,0.09,0.19,0.29,0.39,0.71,1.62,2.31,2.7,-0.5,0.16,0.3,3.64,5.02,2012.0,366.0,0.0,-0.18
2012-07-01,2012-07-01,0.1,0.19,0.25,0.33,0.62,1.53,2.22,2.59,-0.6,0.16,0.31,3.4,4.87,2012.0,367.0,0.0,-0.09
2012-08-01,2012-08-01,0.1,0.18,0.27,0.37,0.71,1.68,2.4,2.77,-0.59,0.13,0.31,3.48,4.91,2012.0,368.0,-0.01,0.15
2012-09-01,2012-09-01,0.11,0.18,0.26,0.34,0.67,1.72,2.49,2.88,-0.71,0.14,0.3,3.49,4.84,2012.0,369.0,0.0,0.04
2012-10-01,2012-10-01,0.1,0.18,0.28,0.37,0.71,1.75,2.51,2.9,-0.75,0.16,0.28,3.47,4.58,2012.0,370.0,0.0,0.03
2012-11-01,2012-11-01,0.09,0.18,0.27,0.36,0.67,1.65,2.39,2.8,-0.77,0.16,0.27,3.5,4.51,2012.0,371.0,0.0,-0.1
2012-12-01,2012-12-01,0.07,0.16,0.26,0.35,0.7,1.72,2.47,2.88,-0.76,0.16,0.27,3.65,4.63,2012.0,372.0,-0.02,0.07
2013-01-01,2013-01-01,0.07,0.15,0.27,0.39,0.81,1.91,2.68,3.08,-0.61,0.14,0.24,3.8,4.73,2013.0,373.0,-0.01,0.19
2013-02-01,2013-02-01,0.1,0.16,0.27,0.4,0.85,1.98,2.78,3.17,-0.57,0.15,0.24,3.9,4.85,2013.0,374.0,0.01,0.07
2013-03-01,2013-03-01,0.09,0.15,0.26,0.39,0.82,1.96,2.78,3.16,-0.59,0.14,0.23,3.93,4.85,2013.0,375.0,-0.01,-0.02
2013-04-01,2013-04-01,0.06,0.12,0.23,0.34,0.71,1.76,2.55,2.93,-0.65,0.15,0.23,3.73,4.59,2013.0,376.0,-0.03,-0.2
2013-05-01,2013-05-01,0.04,0.12,0.25,0.4,0.84,1.93,2.73,3.11,-0.36,0.11,0.22,3.89,4.73,2013.0,377.0,0.0,0.17
2013-06-01,2013-06-01,0.05,0.14,0.33,0.58,1.2,2.3,3.07,3.4,0.25,0.09,0.22,4.27,5.19,2013.0,378.0,0.02,0.37
2013-07-01,2013-07-01,0.04,0.12,0.34,0.64,1.4,2.58,3.31,3.61,0.46,0.09,0.22,4.34,5.32,2013.0,379.0,-0.02,0.28
2013-08-01,2013-08-01,0.04,0.13,0.36,0.7,1.52,2.74,3.49,3.76,0.55,0.08,0.22,4.54,5.42,2013.0,380.0,0.01,0.16
2013-09-01,2013-09-01,0.02,0.12,0.4,0.78,1.6,2.81,3.53,3.79,0.66,0.08,0.22,4.64,5.47,2013.0,381.0,-0.01,0.07
2013-10-01,2013-10-01,0.05,0.12,0.34,0.63,1.37,2.62,3.38,3.68,0.43,0.09,0.22,4.53,5.31,2013.0,382.0,0.0,-0.19
2013-11-01,2013-11-01,0.07,0.12,0.3,0.58,1.37,2.72,3.5,3.8,0.55,0.08,0.21,4.63,5.38,2013.0,383.0,0.0,0.1
2013-12-01,2013-12-01,0.07,0.13,0.34,0.69,1.58,2.9,3.63,3.89,0.74,0.09,0.2,4.62,5.38,2013.0,384.0,0.01,0.18
2014-01-01,2014-01-01,0.04,0.12,0.39,0.78,1.65,2.86,3.52,3.77,0.63,0.07,0.19,4.49,5.19,2014.0,385.0,-0.01,-0.04
2014-02-01,2014-02-01,0.05,0.12,0.33,0.69,1.52,2.71,3.38,3.66,0.55,0.07,0.19,4.45,5.1,2014.0,386.0,0.0,-0.15
2014-03-01,2014-03-01,0.05,0.13,0.4,0.82,1.64,2.72,3.35,3.62,0.56,0.08,0.19,4.38,5.06,2014.0,387.0,0.01,0.01
2014-04-01,2014-04-01,0.03,0.11,0.42,0.88,1.7,2.71,3.27,3.52,0.54,0.09,0.19,4.24,4.9,2014.0,388.0,-0.02,-0.01
2014-05-01,2014-05-01,0.03,0.1,0.39,0.83,1.59,2.56,3.12,3.39,0.37,0.09,0.19,4.16,4.76,2014.0,389.0,-0.01,-0.15
2014-06-01,2014-06-01,0.04,0.1,0.45,0.9,1.68,2.6,3.15,3.42,0.37,0.1,0.17,4.25,4.8,2014.0,390.0,0.0,0.04
2014-07-01,2014-07-01,0.03,0.11,0.51,0.97,1.7,2.54,3.07,3.33,0.28,0.09,0.17,4.16,4.73,2014.0,391.0,0.01,-0.06
2014-08-01,2014-08-01,0.03,0.11,0.47,0.93,1.63,2.42,2.94,3.2,0.22,0.09,0.17,4.08,4.69,2014.0,392.0,0.0,-0.12
2014-09-01,2014-09-01,0.02,0.11,0.57,1.05,1.77,2.53,3.01,3.26,0.46,0.09,0.17,4.11,4.8,2014.0,393.0,0.0,0.11
2014-10-01,2014-10-01,0.02,0.1,0.45,0.88,1.55,2.3,2.77,3.04,0.38,0.09,0.17,3.92,4.69,2014.0,394.0,-0.01,-0.23
2014-11-01,2014-11-01,0.02,0.13,0.53,0.96,1.62,2.33,2.76,3.04,0.45,0.09,0.17,3.92,4.79,2014.0,395.0,0.03,0.03
2014-12-01,2014-12-01,0.03,0.21,0.64,1.06,1.64,2.21,2.55,2.83,0.51,0.12,0.18,3.79,4.74,2014.0,396.0,0.08,-0.12
2015-01-01,2015-01-01,0.03,0.2,0.55,0.9,1.37,1.88,2.2,2.46,0.27,0.11,0.19,3.46,4.45,2015.0,397.0,-0.01,-0.33
