teamandyear,team,teamid,season,seasonsq,revenue,lnrevenue,value,lnvalue,wins,playoff,champ,allstars,relocated,othfranchise,newarenayr1,newarenayr2,newarenayr3,newarenayr4,cpi,realgdp,realgdppc,citypop,lncitypop,gdpmetro,lngdpmetro,season1,season2,season3,season4,season5,season6,season7,season8,season9,season10,bucksdummy,grizzliesdummy,hawksdummy,timberwolvesdummy,bobcatsdummy,pacersdummy,hornetsdummy,kingsdummy,sixersdummy,nuggetsdummy,clippersdummy,wizardsdummy,cavaliersdummy,pistonsdummy,jazzdummy,sonicsdummy,netsdummy,trailblazersdummy,magicdummy,sunsdummy,spursdummy,warriorsdummy,rocketsdummy,heatdummy,celticsdummy,mavericksdummy,bullsdummy,lakersdummy,knicksdummy
Lakers 2001-02,Lakers,1,1,1.0,143.80322,4.968446,403.02744,5.999005,56,1,1,2,0,6,0,0,1,0,105.7,578029,46200,12.51145,2.5266442,524440,13.170086,1,0,0,0,0,0,0,0,0,0,0,0,0,0,0,0,0,0,0,0,0,0,0,0,0,0,0,0,0,0,0,0,0,0,0,0,0,1,0
Lakers 2002-03,Lakers,1,2,4.0,138.34726,4.929767,415.0418,6.0283794,58,1,1,2,0,6,0,0,0,1,107.7,590340,46800,12.614102,2.5348153,545147,13.208811,0,1,0,0,0,0,0,0,0,0,0,0,0,0,0,0,0,0,0,0,0,0,0,0,0,0,0,0,0,0,0,0,0,0,0,0,0,1,0
Lakers 2003-04,Lakers,1,3,9.0,153.5682,5.034145,460.70462,6.132757,50,1,0,2,0,6,0,0,0,0,110.7,608147,47899,12.6964445,2.541322,572893,13.258454,0,0,1,0,0,0,0,0,0,0,0,0,0,0,0,0,0,0,0,0,0,0,0,0,0,0,0,0,0,0,0,0,0,0,0,0,0,1,0
Lakers 2004-05,Lakers,1,4,16.0,137.20317,4.921463,465.25946,6.1425953,56,1,0,1,0,6,0,0,0,0,113.7,639054,50181,12.73498,2.5443525,617951,13.334165,0,0,0,1,0,0,0,0,0,0,0,0,0,0,0,0,0,0,0,0,0,0,0,0,0,0,0,0,0,0,0,0,0,0,0,0,0,1,0
Lakers 2005-06,Lakers,1,5,25.0,141.4056,4.9516325,480.94836,6.17576,34,0,0,1,0,7,0,0,0,0,118.1,661635,61989,10.673426,2.367757,661635,13.40247,0,0,0,0,1,0,0,0,0,0,0,0,0,0,0,0,0,0,0,0,0,0,0,0,0,0,0,0,0,0,0,0,0,0,0,0,0,1,0
Lakers 2006-07,Lakers,1,6,36.0,141.14912,4.949817,464.9618,6.1419554,45,1,0,1,0,7,0,0,0,0,120.44,686810,54207,12.670135,2.5392475,707619,13.469661,0,0,0,0,0,1,0,0,0,0,0,0,0,0,0,0,0,0,0,0,0,0,0,0,0,0,0,0,0,0,0,0,0,0,0,0,0,1,0
Lakers 2007-08,Lakers,1,7,49.0,150.4885,5.0138865,460.1324,6.131514,42,1,0,1,0,7,0,0,0,0,126.92,691156,54715,12.631929,2.5362277,731337,13.502629,0,0,0,0,0,0,1,0,0,0,0,0,0,0,0,0,0,0,0,0,0,0,0,0,0,0,0,0,0,0,0,0,0,0,0,0,0,1,0
Lakers 2008-09,Lakers,1,8,64.0,168.15512,5.124887,488.37396,6.1910815,57,1,0,2,0,7,0,0,0,0,124.29,689520,54324,12.692733,2.5410297,745732,13.522121,0,0,0,0,0,0,0,1,0,0,0,0,0,0,0,0,0,0,0,0,0,0,0,0,0,0,0,0,0,0,0,0,0,0,0,0,0,1,0
Lakers 2009-10,Lakers,1,9,81.0,170.4636,5.1385217,512.1873,6.2386904,65,1,1,2,0,7,0,0,0,0,125.54,658895,51579,12.774482,2.5474496,717176,13.483076,0,0,0,0,0,0,0,0,1,0,0,0,0,0,0,0,0,0,0,0,0,0,0,0,0,0,0,0,0,0,0,0,0,0,0,0,0,1,0
Lakers 2010-11,Lakers,1,10,100.0,160.02463,5.075328,692.41425,6.5401845,57,1,1,2,0,7,0,0,0,0,129.98,670406,52174,12.849427,2.5532992,735743,13.508636,0,0,0,0,0,0,0,0,0,1,0,0,0,0,0,0,0,0,0,0,0,0,0,0,0,0,0,0,0,0,0,0,0,0,0,0,0,1,0
Knicks 2001-02,Knicks,2,1,1.0,147.58751,4.9944215,376.53738,5.9310174,48,1,0,0,0,8,0,0,0,0,105.7,1010235,54676,18.476753,2.9165134,914660,13.726308,1,0,0,0,0,0,0,0,0,0,0,0,0,0,0,0,0,0,0,0,0,0,0,0,0,0,0,0,0,0,0,0,0,0,0,0,0,0,1
Knicks 2002-03,Knicks,2,2,4.0,148.56082,5.0009947,372.33057,5.919782,30,0,0,0,0,8,0,0,0,0,107.7,1003589,54088,18.554745,2.9207256,927087,13.739802,0,1,0,0,0,0,0,0,0,0,0,0,0,0,0,0,0,0,0,0,0,0,0,0,0,0,0,0,0,0,0,0,0,0,0,0,0,0,1
Knicks 2003-04,Knicks,2,3,9.0,153.5682,5.034145,446.25113,6.100882,37,0,0,0,0,8,0,0,0,0,110.7,1004947,54033,18.598764,2.9230952,948402,13.762534,0,0,1,0,0,0,0,0,0,0,0,0,0,0,0,0,0,0,0,0,0,0,0,0,0,0,0,0,0,0,0,0,0,0,0,0,0,0,1
Knicks 2004-05,Knicks,2,4,16.0,159.19086,5.0701036,477.57257,6.168716,39,1,0,0,0,8,0,0,0,0,113.7,1032796,55533,18.59788,2.9230475,1001736,13.8172455,0,0,0,1,0,0,0,0,0,0,0,0,0,0,0,0,0,0,0,0,0,0,0,0,0,0,0,0,0,0,0,0,0,0,0,0,0,0,1
Knicks 2005-06,Knicks,2,5,25.0,156.64691,5.053994,501.2701,6.217145,33,0,0,0,0,8,0,0,0,0,118.1,1074737,57879,18.568686,2.9214766,1074737,13.887587,0,0,0,0,1,0,0,0,0,0,0,0,0,0,0,0,0,0,0,0,0,0,0,0,0,0,0,0,0,0,0,0,0,0,0,0,0,0,1
Knicks 2006-07,Knicks,2,6,36.0,162.73663,5.092133,504.81567,6.2241936,23,0,0,0,0,8,0,0,0,0,120.44,1120164,60423,18.538702,2.9198606,1154765,13.959408,0,0,0,0,0,1,0,0,0,0,0,0,0,0,0,0,0,0,0,0,0,0,0,0,0,0,0,0,0,0,0,0,0,0,0,0,0,0,1
Knicks 2007-08,Knicks,2,7,49.0,163.88277,5.099151,482.9814,6.1799784,33,0,0,0,0,8,0,0,0,0,126.92,1141534,61464,18.572401,2.9216766,1215151,14.010379,0,0,0,0,0,0,1,0,0,0,0,0,0,0,0,0,0,0,0,0,0,0,0,0,0,0,0,0,0,0,0,0,0,0,0,0,0,0,1
Knicks 2008-09,Knicks,2,8,64.0,162.52313,5.0908203,471.478,6.1558723,23,0,0,0,0,8,0,0,0,0,124.29,1138364,60965,18.672419,2.9270475,1242822,14.032895,0,0,0,0,0,0,0,1,0,0,0,0,0,0,0,0,0,0,0,0,0,0,0,0,0,0,0,0,0,0,0,0,0,0,0,0,0,0,1
Knicks 2009-10,Knicks,2,9,81.0,180.02231,5.193081,521.74603,6.257181,32,0,0,1,0,8,0,0,0,0,125.54,1096869,58344,18.800032,2.9338586,1214209,14.0096035,0,0,0,0,0,0,0,0,1,0,0,0,0,0,0,0,0,0,0,0,0,0,0,0,0,0,0,0,0,0,0,0,0,0,0,0,0,0,1
Knicks 2010-11,Knicks,2,10,100.0,187.72119,5.2349577,600.09235,6.3970838,29,0,0,1,0,8,0,0,0,0,129.98,1147917,60672,18.920046,2.940222,1280517,14.062775,0,0,0,0,0,0,0,0,0,1,0,0,0,0,0,0,0,0,0,0,0,0,0,0,0,0,0,0,0,0,0,0,0,0,0,0,0,0,1
Bulls 2001-02,Bulls,3,1,1.0,108.79849,4.6894975,305.58185,5.7222176,15,0,0,0,0,5,0,0,0,0,105.7,446811,48728,9.169492,2.2158818,403380,12.907635,1,0,0,0,0,0,0,0,0,0,0,0,0,0,0,0,0,0,0,0,0,0,0,0,0,0,0,0,0,0,0,0,0,0,0,0,1,0,0
Bulls 2002-03,Bulls,3,2,4.0,110.49211,4.704944,330.54782,5.800751,21,0,0,0,0,5,0,0,0,0,107.7,448491,48717,9.206047,2.2198606,412659,12.930377,0,1,0,0,0,0,0,0,0,0,0,0,0,0,0,0,0,0,0,0,0,0,0,0,0,0,0,0,0,0,0,0,0,0,0,0,1,0,0
Bulls 2003-04,Bulls,3,3,9.0,111.111115,4.7105308,332.43,5.8064294,30,0,0,0,0,5,0,0,0,0,110.7,453968,49166,9.233373,2.2228243,426122,12.962481,0,0,1,0,0,0,0,0,0,0,0,0,0,0,0,0,0,0,0,0,0,0,0,0,0,0,0,0,0,0,0,0,0,0,0,0,1,0,0
Bulls 2004-05,Bulls,3,4,16.0,119.61302,4.7842617,359.71857,5.885322,23,0,0,0,0,5,0,0,0,0,113.7,466590,50384,9.260678,2.2257774,450461,13.018026,0,0,0,1,0,0,0,0,0,0,0,0,0,0,0,0,0,0,0,0,0,0,0,0,0,0,0,0,0,0,0,0,0,0,0,0,1,0,0
Bulls 2005-06,Bulls,3,5,25.0,126.16427,4.837585,390.34717,5.9670367,47,1,0,0,0,5,0,0,0,0,118.1,471672,50847,9.276299,2.2274628,471672,13.064039,0,0,0,0,1,0,0,0,0,0,0,0,0,0,0,0,0,0,0,0,0,0,0,0,0,0,0,0,0,0,0,0,0,0,0,0,1,0,0
Bulls 2006-07,Bulls,3,6,36.0,133.67651,4.895423,415.14447,6.0286264,41,1,0,0,0,5,0,0,0,0,120.44,481952,51835,9.297811,2.229779,498357,13.119072,0,0,0,0,0,1,0,0,0,0,0,0,0,0,0,0,0,0,0,0,0,0,0,0,0,0,0,0,0,0,0,0,0,0,0,0,1,0,0
Bulls 2007-08,Bulls,3,7,49.0,130.00316,4.867559,397.10056,5.9841895,49,1,0,0,0,5,0,0,0,0,126.92,490444,52526,9.337167,2.2340028,521998,13.165419,0,0,0,0,0,0,1,0,0,0,0,0,0,0,0,0,0,0,0,0,0,0,0,0,0,0,0,0,0,0,0,0,0,0,0,0,1,0,0
Bulls 2008-09,Bulls,3,8,64.0,135.16776,4.9065166,411.13525,6.0189223,33,0,0,0,0,5,0,0,0,0,124.29,483336,51503,9.384619,2.239072,525865,13.1728,0,0,0,0,0,0,0,1,0,0,0,0,0,0,0,0,0,0,0,0,0,0,0,0,0,0,0,0,0,0,0,0,0,0,0,0,1,0,0
Bulls 2009-10,Bulls,3,9,81.0,134.61845,4.9024444,407.04156,6.0089154,41,1,0,1,0,5,0,0,0,0,125.54,467373,49565,9.429497,2.2438428,516820,13.15545,0,0,0,0,0,0,0,0,1,0,0,0,0,0,0,0,0,0,0,0,0,0,0,0,0,0,0,0,0,0,0,0,0,0,0,0,1,0,0
Bulls 2010-11,Bulls,3,10,100.0,142.32959,4.9581456,461.6095,6.1347194,41,1,0,1,0,5,0,0,0,0,129.98,476446,50288,9.474348,2.2485878,532331,13.18502,0,0,0,0,0,0,0,0,0,1,0,0,0,0,0,0,0,0,0,0,0,0,0,0,0,0,0,0,0,0,0,0,0,0,0,0,1,0,0
Mavericks 2001-02,Mavericks,4,1,1.0,99.33775,4.5985255,287.60645,5.661593,53,1,0,2,0,4,1,0,0,0,105.7,279563,52429,5.3322206,1.6737678,250658,12.431845,1,0,0,0,0,0,0,0,0,0,0,0,0,0,0,0,0,0,0,0,0,0,0,0,0,0,0,0,0,0,0,0,0,0,0,1,0,0,0
Mavericks 2002-03,Mavericks,4,2,4.0,108.6351,4.6879945,313.83475,5.7488666,57,1,0,2,0,4,0,1,0,0,107.7,290851,53488,5.437687,1.6933538,262466,12.477877,0,1,0,0,0,0,0,0,0,0,0,0,0,0,0,0,0,0,0,0,0,0,0,0,0,0,0,0,0,0,0,0,0,0,0,1,0,0,0
Mavericks 2003-04,Mavericks,4,3,9.0,105.69106,4.6605206,337.85007,5.8226023,60,1,0,1,0,4,0,0,1,0,110.7,289977,52444,5.529269,1.7100557,269851,12.505625,0,0,1,0,0,0,0,0,0,0,0,0,0,0,0,0,0,0,0,0,0,0,0,0,0,0,0,0,0,0,0,0,0,0,0,1,0,0,0
Mavericks 2004-05,Mavericks,4,4,16.0,109.05893,4.6918883,354.44153,5.8705435,52,1,0,1,0,4,0,0,0,1,113.7,305980,54456,5.6188483,1.7261267,292697,12.586893,0,0,0,1,0,0,0,0,0,0,0,0,0,0,0,0,0,0,0,0,0,0,0,0,0,0,0,0,0,0,0,0,0,0,0,1,0,0,0
Mavericks 2005-06,Mavericks,4,5,25.0,118.54361,4.775281,392.04065,5.9713655,58,1,0,1,0,4,0,0,0,0,118.1,311700,54419,5.727779,1.7453278,311700,12.6497965,0,0,0,0,1,0,0,0,0,0,0,0,0,0,0,0,0,0,0,0,0,0,0,0,0,0,0,0,0,0,0,0,0,0,0,1,0,0,0
Mavericks 2006-07,Mavericks,4,6,36.0,116.24045,4.755661,382.76318,5.9474163,60,1,0,2,0,4,0,0,0,0,120.44,326287,55375,5.892316,1.7736491,335250,12.722631,0,0,0,0,0,1,0,0,0,0,0,0,0,0,0,0,0,0,0,0,0,0,0,0,0,0,0,0,0,0,0,0,0,0,0,1,0,0,0
Mavericks 2007-08,Mavericks,4,7,49.0,120.54838,4.7920513,367.16043,5.905799,67,1,0,1,0,4,0,0,0,0,126.92,340562,56476,6.0302076,1.7967814,358042,12.788405,0,0,0,0,0,0,1,0,0,0,0,0,0,0,0,0,0,0,0,0,0,0,0,0,0,0,0,0,0,0,0,0,0,0,0,1,0,0,0
Mavericks 2008-09,Mavericks,4,8,64.0,123.90377,4.819505,358.8382,5.8828716,51,1,0,1,0,4,0,0,0,0,124.29,342301,55586,6.1580434,1.817759,372645,12.828382,0,0,0,0,0,0,0,1,0,0,0,0,0,0,0,0,0,0,0,0,0,0,0,0,0,0,0,0,0,0,0,0,0,0,0,1,0,0,0
Mavericks 2009-10,Mavericks,4,9,81.0,116.29759,4.756152,348.8928,5.8547645,50,1,0,2,0,4,0,0,0,0,125.54,338586,53849,6.2876935,1.8385943,358765,12.790422,0,0,0,0,0,0,0,0,1,0,0,0,0,0,0,0,0,0,0,0,0,0,0,0,0,0,0,0,0,0,0,0,0,0,0,1,0,0,0
Mavericks 2010-11,Mavericks,4,10,100.0,127.71196,4.849777,382.36652,5.9463797,55,1,0,0,0,4,0,0,0,0,129.98,347161,54218,6.403058,1.8567756,374081,12.832228,0,0,0,0,0,0,0,0,0,1,0,0,0,0,0,0,0,0,0,0,0,0,0,0,0,0,0,0,0,0,0,0,0,0,0,1,0,0,0
Celtics 2001-02,Celtics,5,1,1.0,90.82309,4.5089135,259.2242,5.5576935,36,0,0,2,0,4,0,0,0,0,105.7,252111,56883,4.4320974,1.4888729,231311,12.351519,1,0,0,0,0,0,0,0,0,0,0,0,0,0,0,0,0,0,0,0,0,0,0,0,0,0,0,0,0,0,0,0,0,0,1,0,0,0,0
Celtics 2002-03,Celtics,5,2,4.0,90.064995,4.5005317,269.26648,5.5957017,49,1,0,2,0,4,0,0,0,0,107.7,251038,56540,4.440007,1.490656,234515,12.365274,0,1,0,0,0,0,0,0,0,0,0,0,0,0,0,0,0,0,0,0,0,0,0,0,0,0,0,0,0,0,0,0,0,0,1,0,0,0,0
Celtics 2003-04,Celtics,5,3,9.0,93.94761,4.5427375,301.71637,5.7094874,44,1,0,1,0,4,0,0,0,0,110.7,253832,57237,4.434754,1.4894722,241175,12.393278,0,0,1,0,0,0,0,0,0,0,0,0,0,0,0,0,0,0,0,0,0,0,0,0,0,0,0,0,0,0,0,0,0,0,1,0,0,0,0
Celtics 2004-05,Celtics,5,4,16.0,96.74583,4.5720873,310.46616,5.738075,36,1,0,1,0,4,0,0,0,0,113.7,260206,58804,4.424971,1.4872638,252904,12.440765,0,0,0,1,0,0,0,0,0,0,0,0,0,0,0,0,0,0,0,0,0,0,0,0,0,0,0,0,0,0,0,0,0,0,1,0,0,0,0
Celtics 2005-06,Celtics,5,5,25.0,93.988144,4.5431685,310.7536,5.7390003,45,1,0,1,0,4,0,0,0,0,118.1,263945,59742,4.4180813,1.4857055,263945,12.483496,0,0,0,0,1,0,0,0,0,0,0,0,0,0,0,0,0,0,0,0,0,0,0,0,0,0,0,0,0,0,0,0,0,0,1,0,0,0,0
Celtics 2006-07,Celtics,5,6,36.0,97.14381,4.5761924,324.64297,5.782726,33,0,0,0,0,4,0,0,0,0,120.44,269021,60763,4.427382,1.4878085,276531,12.530078,0,0,0,0,0,1,0,0,0,0,0,0,0,0,0,0,0,0,0,0,0,0,0,0,0,0,0,0,0,0,0,0,0,0,1,0,0,0,0
Celtics 2007-08,Celtics,5,7,49.0,117.39679,4.7655597,352.19037,5.864172,24,0,0,3,0,4,0,0,0,0,126.92,275653,61975,4.4478097,1.4924117,290976,12.5809965,0,0,0,0,0,0,1,0,0,0,0,0,0,0,0,0,0,0,0,0,0,0,0,0,0,0,0,0,0,0,0,0,0,0,1,0,0,0,0
Celtics 2008-09,Celtics,5,8,64.0,115.85807,4.752366,348.37878,5.8532906,66,1,1,3,0,4,0,0,0,0,124.29,279664,62381,4.48316,1.5003282,300682,12.613809,0,0,0,0,0,0,0,1,0,0,0,0,0,0,0,0,0,0,0,0,0,0,0,0,0,0,0,0,0,0,0,0,0,0,1,0,0,0,0
Celtics 2009-10,Celtics,5,9,81.0,120.28039,4.7898254,360.04462,5.886228,62,1,0,3,0,4,0,0,0,0,125.54,271584,59989,4.52723,1.5101103,297207,12.602184,0,0,0,0,0,0,0,0,1,0,0,0,0,0,0,0,0,0,0,0,0,0,0,0,0,0,0,0,0,0,0,0,0,0,1,0,0,0,0
Celtics 2010-11,Celtics,5,10,100.0,112.324974,4.7213964,370.8263,5.915734,50,1,0,4,0,4,0,0,0,0,129.98,284564,62395,4.560686,1.5174731,313690,12.65616,0,0,0,0,0,0,0,0,0,1,0,0,0,0,0,0,0,0,0,0,0,0,0,0,0,0,0,0,0,0,0,0,0,0,1,0,0,0,0
Heat 2001-02,Heat,6,1,1.0,90.82309,4.5089135,236.51845,5.4660263,50,1,0,1,0,3,0,0,1,0,105.7,201021,39333,5.110747,1.6313455,182050,12.112037,1,0,0,0,0,0,0,0,0,0,0,0,0,0,0,0,0,0,0,0,0,0,0,0,0,0,0,0,0,0,0,0,0,1,0,0,0,0,0
Heat 2002-03,Heat,6,2,4.0,84.493965,4.4366803,219.12721,5.3896523,36,0,0,0,0,3,0,0,0,1,107.7,205973,39631,5.19727,1.6481335,190567,12.157759,0,1,0,0,0,0,0,0,0,0,0,0,0,0,0,0,0,0,0,0,0,0,0,0,0,0,0,0,0,0,0,0,0,1,0,0,0,0,0
Heat 2003-04,Heat,6,3,9.0,84.01084,4.430946,252.03253,5.529558,25,0,0,0,0,3,0,0,0,0,110.7,213056,40492,5.2616816,1.6604507,201427,12.213182,0,0,1,0,0,0,0,0,0,0,0,0,0,0,0,0,0,0,0,0,0,0,0,0,0,0,0,0,0,0,0,0,0,1,0,0,0,0,0
Heat 2004-05,Heat,6,4,16.0,104.66139,4.65073,318.3817,5.763251,42,1,0,2,0,3,0,0,0,0,113.7,223360,41856,5.3363914,1.6745497,216923,12.287298,0,0,0,1,0,0,0,0,0,0,0,0,0,0,0,0,0,0,0,0,0,0,0,0,0,0,0,0,0,0,0,0,0,1,0,0,0,0,0
Heat 2005-06,Heat,6,5,25.0,111.76969,4.71644,346.31668,5.8473535,59,1,0,2,0,3,0,0,0,0,118.1,237147,43826,5.411103,1.688453,237147,12.376435,0,0,0,0,1,0,0,0,0,0,0,0,0,0,0,0,0,0,0,0,0,0,0,0,0,0,0,0,0,0,0,0,0,1,0,0,0,0,0
Heat 2006-07,Heat,6,6,36.0,108.76785,4.6892157,272.33478,5.6070323,52,1,1,2,0,3,0,0,0,0,120.44,245877,45283,5.429786,1.6918998,253712,12.443955,0,0,0,0,0,1,0,0,0,0,0,0,0,0,0,0,0,0,0,0,0,0,0,0,0,0,0,0,0,0,0,0,0,1,0,0,0,0,0
Heat 2007-08,Heat,6,7,49.0,103.21462,4.6368103,309.64386,5.7354226,44,1,0,1,0,3,0,0,0,0,126.92,248627,45847,5.422972,1.690644,263802,12.482954,0,0,0,0,0,0,1,0,0,0,0,0,0,0,0,0,0,0,0,0,0,0,0,0,0,0,0,0,0,0,0,0,0,1,0,0,0,0,0
Heat 2008-09,Heat,6,8,64.0,101.37582,4.6188345,292.86346,5.6797066,15,0,0,1,0,3,0,0,0,0,124.29,241315,44240,5.454679,1.6964737,260883,12.4718275,0,0,0,0,0,0,0,1,0,0,0,0,0,0,0,0,0,0,0,0,0,0,0,0,0,0,0,0,0,0,0,0,0,1,0,0,0,0,0
Heat 2009-10,Heat,6,9,81.0,98.7733,4.5928273,338.5375,5.824635,43,1,0,1,0,3,0,0,0,0,125.54,230742,41918,5.5046043,1.7055849,253266,12.442196,0,0,0,0,0,0,0,0,1,0,0,0,0,0,0,0,0,0,0,0,0,0,0,0,0,0,0,0,0,0,0,0,0,1,0,0,0,0,0
Heat 2010-11,Heat,6,10,100.0,121.55717,4.8003845,351.59256,5.862473,47,1,0,3,0,3,0,0,0,0,129.98,233394,41809,5.5823865,1.7196164,257560,12.459008,0,0,0,0,0,0,0,0,0,1,0,0,0,0,0,0,0,0,0,0,0,0,0,0,0,0,0,0,0,0,0,0,0,1,0,0,0,0,0
Rockets 2001-02,Rockets,7,1,1.0,77.57806,4.3512845,241.24883,5.485829,45,0,0,1,0,1,0,0,0,0,105.7,292607,60447,4.84072,1.5770636,233251,12.35987,1,0,0,0,0,0,0,0,0,0,0,0,0,0,0,0,0,0,0,0,0,0,0,0,0,0,0,0,0,0,0,0,1,0,0,0,0,0,0
Rockets 2002-03,Rockets,7,2,4.0,76.13742,4.33254,258.12442,5.5534415,28,0,0,2,0,2,0,0,0,0,107.7,295774,59626,4.960487,1.6015038,232550,12.35686,0,1,0,0,0,0,0,0,0,0,0,0,0,0,0,0,0,0,0,0,0,0,0,0,0,0,0,0,0,0,0,0,1,0,0,0,0,0,0
Rockets 2003-04,Rockets,7,3,9.0,112.9178,4.7266603,333.33334,5.809143,43,0,0,2,0,2,1,0,0,0,110.7,290615,57428,5.0605106,1.6214674,248722,12.424091,0,0,1,0,0,0,0,0,0,0,0,0,0,0,0,0,0,0,0,0,0,0,0,0,0,0,0,0,0,0,0,0,1,0,0,0,0,0,0
Rockets 2004-05,Rockets,7,4,16.0,124.01056,4.820367,371.15216,5.916612,45,1,0,2,0,2,0,1,0,0,113.7,310460,60198,5.1573143,1.6404159,279634,12.541237,0,0,0,1,0,0,0,0,0,0,0,0,0,0,0,0,0,0,0,0,0,0,0,0,0,0,0,0,0,0,0,0,1,0,0,0,0,0,0
Rockets 2005-06,Rockets,7,5,25.0,120.23709,4.7894654,371.71887,5.918138,51,1,0,2,0,2,0,0,1,0,118.1,301613,57355,5.2587047,1.6598847,301613,12.6169,0,0,0,0,1,0,0,0,0,0,0,0,0,0,0,0,0,0,0,0,0,0,0,0,0,0,0,0,0,0,0,0,1,0,0,0,0,0,0
Rockets 2006-07,Rockets,7,6,36.0,123.71305,4.8179646,383.59348,5.9495835,34,0,0,2,0,3,0,0,0,1,120.44,318922,58531,5.4487705,1.69539,334035,12.719001,0,0,0,0,0,1,0,0,0,0,0,0,0,0,0,0,0,0,0,0,0,0,0,0,0,0,0,0,0,0,0,0,1,0,0,0,0,0,0
Rockets 2007-08,Rockets,7,7,49.0,122.91207,4.811469,369.5241,5.912216,52,1,0,1,0,3,0,0,0,0,126.92,343633,61731,5.56662,1.716788,373174,12.8298,0,0,0,0,0,0,1,0,0,0,0,0,0,0,0,0,0,0,0,0,0,0,0,0,0,0,0,0,0,0,0,0,1,0,0,0,0,0,0
Rockets 2008-09,Rockets,7,8,64.0,128.73119,4.8577266,378.1479,5.9352856,55,1,0,1,0,3,0,0,0,0,124.29,337244,59142,5.7022758,1.7408653,394827,12.886203,0,0,0,0,0,0,0,1,0,0,0,0,0,0,0,0,0,0,0,0,0,0,0,0,0,0,0,0,0,0,0,0,1,0,0,0,0,0,0
Rockets 2009-10,Rockets,7,9,81.0,121.873505,4.8029838,352.87558,5.8661156,53,1,0,0,0,3,0,0,0,0,125.54,347622,59400,5.8522224,1.7668215,364218,12.805508,0,0,0,0,0,0,0,0,1,0,0,0,0,0,0,0,0,0,0,0,0,0,0,0,0,0,0,0,0,0,0,0,1,0,0,0,0,0,0
Rockets 2010-11,Rockets,7,10,100.0,115.402374,4.748425,348.51517,5.8536816,9,0,0,1,0,3,0,0,0,0,129.98,353311,59114,5.9767737,1.7878809,384603,12.859967,0,0,0,0,0,0,0,0,0,1,0,0,0,0,0,0,0,0,0,0,0,0,0,0,0,0,0,0,0,0,0,0,1,0,0,0,0,0,0
Warriors 2001-02,Warriors,8,1,1.0,67.17124,4.2072453,166.50899,5.1150494,17,0,0,0,0,4,0,0,0,0,105.7,264402,63333,4.1747904,1.4290642,238405,12.381726,1,0,0,0,0,0,0,0,0,0,0,0,0,0,0,0,0,0,0,0,0,0,0,0,0,0,0,0,0,0,0,1,0,0,0,0,0,0,0
Warriors 2002-03,Warriors,8,2,4.0,64.99536,4.174316,174.55896,5.1622624,21,0,0,0,0,4,0,0,0,0,107.7,262150,63039,4.158537,1.4251633,239176,12.384955,0,1,0,0,0,0,0,0,0,0,0,0,0,0,0,0,0,0,0,0,0,0,0,0,0,0,0,0,0,0,0,1,0,0,0,0,0,0,0
Warriors 2003-04,Warriors,8,3,9.0,68.65402,4.2290797,205.96207,5.327692,38,0,0,0,0,4,0,0,0,0,110.7,265207,63967,4.145997,1.4221433,248071,12.421471,0,0,1,0,0,0,0,0,0,0,0,0,0,0,0,0,0,0,0,0,0,0,0,0,0,0,0,0,0,0,0,1,0,0,0,0,0,0,0
Warriors 2004-05,Warriors,8,4,16.0,71.240105,4.266056,213.72032,5.3646684,37,0,0,0,0,4,0,0,0,0,113.7,273469,66161,4.1333866,1.4190971,262435,12.477758,0,0,0,1,0,0,0,0,0,0,0,0,0,0,0,0,0,0,0,0,0,0,0,0,0,0,0,0,0,0,0,1,0,0,0,0,0,0,0
Warriors 2005-06,Warriors,8,5,25.0,75.35986,4.3222747,226.07959,5.420887,34,0,0,0,0,4,0,0,0,0,118.1,286817,69315,4.137878,1.4201831,286817,12.5666,0,0,0,0,1,0,0,0,0,0,0,0,0,0,0,0,0,0,0,0,0,0,0,0,0,0,0,0,0,0,0,1,0,0,0,0,0,0,0
Warriors 2006-07,Warriors,8,6,36.0,85.51976,4.4487476,256.55927,5.5473595,34,0,0,0,0,4,0,0,0,0,120.44,294210,70916,4.148711,1.4227977,305182,12.628664,0,0,0,0,0,1,0,0,0,0,0,0,0,0,0,0,0,0,0,0,0,0,0,0,0,0,0,0,0,0,0,1,0,0,0,0,0,0,0
Warriors 2007-08,Warriors,8,7,49.0,88.24457,4.480112,263.9458,5.5757437,42,1,0,0,0,4,0,0,0,0,126.92,299666,71628,4.1836433,1.4311825,321414,12.680486,0,0,0,0,0,0,1,0,0,0,0,0,0,0,0,0,0,0,0,0,0,0,0,0,0,0,0,0,0,0,0,1,0,0,0,0,0,0,0
Warriors 2008-09,Warriors,8,8,64.0,90.916405,4.5099406,253.43953,5.5351253,48,0,0,0,0,4,0,0,0,0,124.29,306331,72181,4.2439284,1.4454894,336101,12.725167,0,0,0,0,0,0,0,1,0,0,0,0,0,0,0,0,0,0,0,0,0,0,0,0,0,0,0,0,0,0,0,1,0,0,0,0,0,0,0
Warriors 2009-10,Warriors,8,9,81.0,94.790504,4.551669,289.15088,5.666949,29,0,0,0,0,4,0,0,0,0,125.54,294093,68349,4.3028135,1.4592692,318692,12.671981,0,0,0,0,0,0,0,0,1,0,0,0,0,0,0,0,0,0,0,0,0,0,0,0,0,0,0,0,0,0,0,1,0,0,0,0,0,0,0
Warriors 2010-11,Warriors,8,10,100.0,106.93953,4.6722636,346.20712,5.8470373,26,0,0,0,0,4,0,0,0,0,129.98,295516,68008,4.345312,1.4690976,325927,12.694428,0,0,0,0,0,0,0,0,0,1,0,0,0,0,0,0,0,0,0,0,0,0,0,0,0,0,0,0,0,0,0,1,0,0,0,0,0,0,0
Spurs 2001-02,Spurs,9,1,1.0,78.524124,4.3634057,228.94986,5.433503,58,1,0,1,0,0,0,0,0,0,105.7,59166,33845,1.7481459,0.5585558,51834,10.855802,1,0,0,0,0,0,0,0,0,0,0,0,0,0,0,0,0,0,0,0,0,0,0,0,0,0,0,0,0,0,1,0,0,0,0,0,0,0,0
Spurs 2002-03,Spurs,9,2,4.0,97.49304,4.579781,262.76697,5.5712676,58,1,0,1,0,0,1,0,0,0,107.7,59939,33595,1.7841643,0.5789501,53675,10.890702,0,1,0,0,0,0,0,0,0,0,0,0,0,0,0,0,0,0,0,0,0,0,0,0,0,0,0,0,0,0,1,0,0,0,0,0,0,0,0
Spurs 2003-04,Spurs,9,3,9.0,97.56098,4.5804777,292.68292,5.67909,60,1,1,1,0,0,0,1,0,0,110.7,61639,33945,1.8158492,0.5965532,57000,10.950807,0,0,1,0,0,0,0,0,0,0,0,0,0,0,0,0,0,0,0,0,0,0,0,0,0,0,0,0,0,0,1,0,0,0,0,0,0,0,0
Spurs 2004-05,Spurs,9,4,16.0,106.42041,4.6673975,307.82764,5.72954,57,1,0,2,0,0,0,0,1,0,113.7,63940,34420,1.8576409,0.61930734,61194,11.021805,0,0,0,1,0,0,0,0,0,0,0,0,0,0,0,0,0,0,0,0,0,0,0,0,0,0,0,0,0,0,1,0,0,0,0,0,0,0,0
Spurs 2005-06,Spurs,9,5,25.0,103.302284,4.6376595,330.22864,5.799785,59,1,1,2,0,0,0,0,0,1,118.1,65521,34551,1.8963561,0.6399342,65521,11.090126,0,0,0,0,1,0,0,0,0,0,0,0,0,0,0,0,0,0,0,0,0,0,0,0,0,0,0,0,0,0,1,0,0,0,0,0,0,0,0
Spurs 2006-07,Spurs,9,6,36.0,108.76785,4.6892157,336.26703,5.8179054,63,1,0,2,0,0,0,0,0,0,120.44,68173,34847,1.956352,0.6710815,70572,11.164389,0,0,0,0,0,1,0,0,0,0,0,0,0,0,0,0,0,0,0,0,0,0,0,0,0,0,0,0,0,0,1,0,0,0,0,0,0,0,0
Spurs 2007-08,Spurs,9,7,49.0,108.72991,4.688867,326.97763,5.7898917,58,1,1,1,0,0,0,0,0,0,126.92,71403,35496,2.0115788,0.6989199,76172,11.240749,0,0,0,0,0,0,1,0,0,0,0,0,0,0,0,0,0,0,0,0,0,0,0,0,0,0,0,0,0,0,1,0,0,0,0,0,0,0,0
Spurs 2008-09,Spurs,9,8,64.0,107.007805,4.6729016,320.21884,5.769005,56,1,0,2,0,0,0,0,0,0,124.29,71472,34673,2.0613158,0.7233445,78297,11.268265,0,0,0,0,0,0,0,1,0,0,0,0,0,0,0,0,0,0,0,0,0,0,0,0,0,0,0,0,0,0,1,0,0,0,0,0,0,0,0
Spurs 2009-10,Spurs,9,9,81.0,107.535446,4.6778207,321.80978,5.7739606,54,1,0,1,0,0,0,0,0,0,125.54,71064,33749,2.1056623,0.7446301,78143,11.266295,0,0,0,0,0,0,0,0,1,0,0,0,0,0,0,0,0,0,0,0,0,0,0,0,0,0,0,0,0,0,1,0,0,0,0,0,0,0,0
Spurs 2010-11,Spurs,9,10,100.0,106.93953,4.6722636,321.58795,5.773271,50,1,0,2,0,0,0,0,0,0,129.98,73597,34167,2.1540375,0.767344,82036,11.314914,0,0,0,0,0,0,0,0,0,1,0,0,0,0,0,0,0,0,0,0,0,0,0,0,0,0,0,0,0,0,1,0,0,0,0,0,0,0,0
Suns 2001-02,Suns,10,1,1.0,101.2299,4.617394,257.3321,5.5503674,51,1,0,0,0,0,0,0,0,0,105.7,138780,41258,3.3637114,1.2130449,128404,11.762937,1,0,0,0,0,0,0,0,0,0,0,0,0,0,0,0,0,0,0,0,0,0,0,0,0,0,0,0,0,1,0,0,0,0,0,0,0,0,0
Suns 2002-03,Suns,10,2,4.0,101.20706,4.6171684,261.83844,5.5677276,36,0,0,2,0,0,0,0,0,0,107.7,142852,41377,3.4524493,1.2390839,134117,11.806468,0,1,0,0,0,0,0,0,0,0,0,0,0,0,0,0,0,0,0,0,0,0,0,0,0,0,0,0,0,1,0,0,0,0,0,0,0,0,0
Suns 2003-04,Suns,10,3,9.0,100.271,4.607877,321.5899,5.7732773,44,1,0,0,0,3,0,0,0,0,110.7,150486,42554,3.5363538,1.2630962,143055,11.870984,0,0,1,0,0,0,0,0,0,0,0,0,0,0,0,0,0,0,0,0,0,0,0,0,0,0,0,0,0,1,0,0,0,0,0,0,0,0,0
Suns 2004-05,Suns,10,4,16.0,116.09499,4.754409,347.40546,5.8504925,29,0,0,3,0,3,0,0,0,0,113.7,156687,43078,3.637286,1.2912378,152305,11.9336405,0,0,0,1,0,0,0,0,0,0,0,0,0,0,0,0,0,0,0,0,0,0,0,0,0,0,0,0,0,1,0,0,0,0,0,0,0,0,0
Suns 2005-06,Suns,10,5,25.0,111.76969,4.71644,347.16342,5.849796,62,1,0,2,0,3,0,0,0,0,118.1,168890,44743,3.7746687,1.3283126,168890,12.037003,0,0,0,0,1,0,0,0,0,0,0,0,0,0,0,0,0,0,0,0,0,0,0,0,0,0,0,0,0,1,0,0,0,0,0,0,0,0,0
Suns 2006-07,Suns,10,6,36.0,120.39189,4.7907524,372.7997,5.9210415,54,1,0,3,0,3,0,0,0,0,120.44,181763,46437,3.9141848,1.3646071,187243,12.140162,0,0,0,0,0,1,0,0,0,0,0,0,0,0,0,0,0,0,0,0,0,0,0,0,0,0,0,0,0,1,0,0,0,0,0,0,0,0,0
Suns 2007-08,Suns,10,7,49.0,116.60889,4.7588253,356.12985,5.8752956,61,1,0,2,0,3,0,0,0,0,126.92,186087,46312,4.0181165,1.3908132,196594,12.188896,0,0,0,0,0,0,1,0,0,0,0,0,0,0,0,0,0,0,0,0,0,0,0,0,0,0,0,0,0,1,0,0,0,0,0,0,0,0,0
Suns 2008-09,Suns,10,8,64.0,119.076355,4.779765,345.16052,5.8440094,55,1,0,2,0,3,0,0,0,0,124.29,182686,44489,4.1063185,1.4125268,196311,12.187455,0,0,0,0,0,0,0,1,0,0,0,0,0,0,0,0,0,0,0,0,0,0,0,0,0,0,0,0,0,1,0,0,0,0,0,0,0,0,0
Suns 2009-10,Suns,10,9,81.0,117.094154,4.7629786,327.38568,5.791139,46,0,0,2,0,3,0,0,0,0,125.54,172172,41451,4.1536274,1.423982,188154,12.145016,0,0,0,0,0,0,0,0,1,0,0,0,0,0,0,0,0,0,0,0,0,0,0,0,0,0,0,0,0,1,0,0,0,0,0,0,0,0,0
Suns 2010-11,Suns,10,10,100.0,104.631485,4.6504445,303.8929,5.7166753,54,1,0,0,0,3,0,0,0,0,129.98,173371,41169,4.2112026,1.4377483,190601,12.157937,0,0,0,0,0,0,0,0,0,1,0,0,0,0,0,0,0,0,0,0,0,0,0,0,0,0,0,0,0,1,0,0,0,0,0,0,0,0,0
Magic 2001-02,Magic,11,1,1.0,77.57806,4.3512845,186.37654,5.227769,43,1,0,1,0,0,0,0,0,0,105.7,71940,42061,1.710373,0.5367115,65061,11.08308,1,0,0,0,0,0,0,0,0,0,0,0,0,0,0,0,0,0,0,0,0,0,0,0,0,0,0,0,1,0,0,0,0,0,0,0,0,0,0
Magic 2002-03,Magic,11,2,4.0,74.28041,4.3078475,184.77252,5.2191253,44,1,0,1,0,0,0,0,0,0,107.7,75506,42893,1.7603339,0.5655035,69760,11.152816,0,1,0,0,0,0,0,0,0,0,0,0,0,0,0,0,0,0,0,0,0,0,0,0,0,0,0,0,1,0,0,0,0,0,0,0,0,0,0
Magic 2003-04,Magic,11,3,9.0,70.46071,4.2550554,196.92863,5.282841,42,1,0,1,0,0,0,0,0,0,110.7,79793,44047,1.8115423,0.59417856,75239,11.228425,0,0,1,0,0,0,0,0,0,0,0,0,0,0,0,0,0,0,0,0,0,0,0,0,0,0,0,0,1,0,0,0,0,0,0,0,0,0,0
Magic 2004-05,Magic,11,4,16.0,72.11961,4.278326,217.23836,5.3809953,21,0,0,1,0,0,0,0,0,0,113.7,84577,45034,1.8780699,0.6302446,81963,11.314023,0,0,0,1,0,0,0,0,0,0,0,0,0,0,0,0,0,0,0,0,0,0,0,0,0,0,0,0,1,0,0,0,0,0,0,0,0,0,0
Magic 2005-06,Magic,11,5,25.0,75.35986,4.3222747,239.62744,5.4790854,36,0,0,0,0,0,0,0,0,0,118.1,91216,46639,1.955788,0.6707932,91216,11.420985,0,0,0,0,1,0,0,0,0,0,0,0,0,0,0,0,0,0,0,0,0,0,0,0,0,0,0,0,1,0,0,0,0,0,0,0,0,0,0
Magic 2006-07,Magic,11,6,36.0,76.38658,4.335807,267.35303,5.58857,36,0,0,1,0,0,0,0,0,0,120.44,95552,47302,2.0200415,0.703118,98734,11.500185,0,0,0,0,0,1,0,0,0,0,0,0,0,0,0,0,0,0,0,0,0,0,0,0,0,0,0,0,1,0,0,0,0,0,0,0,0,0,0
Magic 2007-08,Magic,11,7,49.0,78.78979,4.3667836,274.97638,5.6166854,40,1,0,1,0,0,0,0,0,0,126.92,98115,47678,2.0578673,0.72167015,104276,11.554796,0,0,0,0,0,0,1,0,0,0,0,0,0,0,0,0,0,0,0,0,0,0,0,0,0,0,0,0,1,0,0,0,0,0,0,0,0,0,0
Magic 2008-09,Magic,11,8,64.0,86.08898,4.4553814,290.44974,5.6714306,52,1,0,3,0,0,0,0,0,0,124.29,96032,46004,2.0874708,0.73595315,103938,11.55155,0,0,0,0,0,0,0,1,0,0,0,0,0,0,0,0,0,0,0,0,0,0,0,0,0,0,0,0,1,0,0,0,0,0,0,0,0,0,0
Magic 2009-2010,Magic,11,9,81.0,86.02836,4.454677,306.67517,5.725789,59,1,0,1,0,0,0,0,0,0,125.54,92020,43572,2.1119068,0.7475912,101400,11.526829,0,0,0,0,0,0,0,0,1,0,0,0,0,0,0,0,0,0,0,0,0,0,0,0,0,0,0,0,1,0,0,0,0,0,0,0,0,0,0
Magic 2010-11,Magic,11,10,100.0,107.708885,4.679432,296.19943,5.691033,59,1,0,1,0,0,1,0,0,0,129.98,94196,44001,2.1407695,0.7611653,104107,11.553175,0,0,0,0,0,0,0,0,0,1,0,0,0,0,0,0,0,0,0,0,0,0,0,0,0,0,0,0,1,0,0,0,0,0,0,0,0,0,0
Trail Blazers 2001-02,TrailBlazers,12,1,1.0,90.82309,4.5089135,255.43993,5.5429873,50,1,0,0,0,1,0,0,0,0,105.7,81505,41349,1.971148,0.6786161,77553,11.258717,1,0,0,0,0,0,0,0,0,0,0,0,0,0,0,0,0,0,0,0,0,0,0,0,0,0,0,1,0,0,0,0,0,0,0,0,0,0,0
Trail Blazers 2002-03,TrailBlazers,12,2,4.0,90.064995,4.5005317,252.55339,5.531623,49,1,0,0,0,1,0,0,0,0,107.7,83678,41778,2.0029202,0.6946062,80522,11.296286,0,1,0,0,0,0,0,0,0,0,0,0,0,0,0,0,0,0,0,0,0,0,0,0,0,0,0,1,0,0,0,0,0,0,0,0,0,0,0
Trail Blazers 2003-04,TrailBlazers,12,3,9.0,79.49413,4.3756833,223.12556,5.407735,50,1,0,0,0,1,0,0,0,0,110.7,85714,42346,2.0241344,0.70514214,83227,11.329327,0,0,1,0,0,0,0,0,0,0,0,0,0,0,0,0,0,0,0,0,0,0,0,0,0,0,0,1,0,0,0,0,0,0,0,0,0,0,0
Trail Blazers 2004-05,TrailBlazers,12,4,16.0,68.601585,4.228316,199.64821,5.296557,41,0,0,0,0,1,0,0,0,0,113.7,94102,46144,2.0393116,0.71261233,92708,11.43721,0,0,0,1,0,0,0,0,0,0,0,0,0,0,0,0,0,0,0,0,0,0,0,0,0,0,0,1,0,0,0,0,0,0,0,0,0,0,0
Trail Blazers 2005-06,TrailBlazers,12,5,25.0,65.19898,4.177444,194.75021,5.2717175,27,0,0,0,0,1,0,0,0,0,118.1,97683,47251,2.0673213,0.7262537,97683,11.489483,0,0,0,0,1,0,0,0,0,0,0,0,0,0,0,0,0,0,0,0,0,0,0,0,0,0,0,1,0,0,0,0,0,0,0,0,0,0,0
Trail Blazers 2006-07,TrailBlazers,12,6,36.0,68.083694,4.220738,210.0631,5.347408,21,0,0,0,0,1,0,0,0,0,120.44,109621,52122,2.1031618,0.7434418,110890,11.616294,0,0,0,0,0,1,0,0,0,0,0,0,0,0,0,0,0,0,0,0,0,0,0,0,0,0,0,1,0,0,0,0,0,0,0,0,0,0,0
Trail Blazers 2007-08,TrailBlazers,12,7,49.0,89.82036,4.497812,241.88466,5.488461,32,0,0,1,0,1,0,0,0,0,126.92,114726,53665,2.1378179,0.7597856,116694,11.667311,0,0,0,0,0,0,1,0,0,0,0,0,0,0,0,0,0,0,0,0,0,0,0,0,0,0,0,1,0,0,0,0,0,0,0,0,0,0,0
Trail Blazers 2008-09,TrailBlazers,12,8,64.0,97.35297,4.5783434,271.94464,5.6055984,41,0,0,1,0,1,0,0,0,0,124.29,121895,56099,2.1728551,0.77604204,123693,11.725558,0,0,0,0,0,0,0,1,0,0,0,0,0,0,0,0,0,0,0,0,0,0,0,0,0,0,0,1,0,0,0,0,0,0,0,0,0,0,0
Trail Blazers 2009-10,TrailBlazers,12,9,81.0,101.16297,4.6167326,283.57495,5.6474767,54,1,0,1,0,1,0,0,0,0,125.54,116182,52649,2.2067275,0.79151064,118775,11.684986,0,0,0,0,0,0,0,0,1,0,0,0,0,0,0,0,0,0,0,0,0,0,0,0,0,0,0,1,0,0,0,0,0,0,0,0,0,0,0
Trail Blazers 2010-11,TrailBlazers,12,10,100.0,101.554085,4.6205916,284.65918,5.651293,50,1,0,0,0,1,0,0,0,0,129.98,121680,54481,2.2334392,0.8035426,124683,11.73353,0,0,0,0,0,0,0,0,0,1,0,0,0,0,0,0,0,0,0,0,0,0,0,0,0,0,0,1,0,0,0,0,0,0,0,0,0,0,0
Nets 2001-02,Nets,13,1,1.0,86.09272,4.455425,206.2441,5.3290606,26,0,0,1,0,8,0,0,0,0,105.7,1010235,54676,18.476753,2.9165134,914660,13.726308,1,0,0,0,0,0,0,0,0,0,0,0,0,0,0,0,0,0,0,0,0,0,0,0,0,0,1,0,0,0,0,0,0,0,0,0,0,0,0
Nets 2002-03,Nets,13,2,4.0,87.27948,4.4691153,226.55525,5.422989,52,1,0,1,0,8,0,0,0,0,107.7,1003589,54088,18.554745,2.9207256,927087,13.739802,0,1,0,0,0,0,0,0,0,0,0,0,0,0,0,0,0,0,0,0,0,0,0,0,0,0,1,0,0,0,0,0,0,0,0,0,0,0,0
Nets 2003-04,Nets,13,3,9.0,84.01084,4.430946,267.38934,5.588706,49,1,0,2,0,8,0,0,0,0,110.7,1004947,54033,18.598764,2.9230952,948402,13.762534,0,0,1,0,0,0,0,0,0,0,0,0,0,0,0,0,0,0,0,0,0,0,0,0,0,0,1,0,0,0,0,0,0,0,0,0,0,0,0
Nets 2004-05,Nets,13,4,16.0,76.51715,4.337515,238.34653,5.473726,47,1,0,1,0,8,0,0,0,0,113.7,1032796,55533,18.59788,2.9230475,1001736,13.8172455,0,0,0,1,0,0,0,0,0,0,0,0,0,0,0,0,0,0,0,0,0,0,0,0,0,0,1,0,0,0,0,0,0,0,0,0,0,0,0
Nets 2005-06,Nets,13,5,25.0,78.746826,4.366238,275.19052,5.6174636,42,1,0,1,0,8,0,0,0,0,118.1,1074737,57879,18.568686,2.9214766,1074737,13.887587,0,0,0,0,1,0,0,0,0,0,0,0,0,0,0,0,0,0,0,0,0,0,0,0,0,0,1,0,0,0,0,0,0,0,0,0,0,0,0
Nets 2006-07,Nets,13,6,36.0,84.68947,4.438991,280.63766,5.6370645,49,1,0,1,0,8,0,0,0,0,120.44,1120164,60423,18.538702,2.9198606,1154765,13.959408,0,0,0,0,0,1,0,0,0,0,0,0,0,0,0,0,0,0,0,0,0,0,0,0,0,0,1,0,0,0,0,0,0,0,0,0,0,0,0
Nets 2007-08,Nets,13,7,49.0,77.214,4.346581,232.42989,5.448589,41,1,0,1,0,8,0,0,0,0,126.92,1141534,61464,18.572401,2.9216766,1215151,14.010379,0,0,0,0,0,0,1,0,0,0,0,0,0,0,0,0,0,0,0,0,0,0,0,0,0,0,1,0,0,0,0,0,0,0,0,0,0,0,0
Nets 2008-09,Nets,13,8,64.0,74.02044,4.3043413,216.42932,5.377264,34,0,0,1,0,8,0,0,0,0,124.29,1138364,60965,18.672419,2.9270475,1242822,14.032895,0,0,0,0,0,0,0,1,0,0,0,0,0,0,0,0,0,0,0,0,0,0,0,0,0,0,1,0,0,0,0,0,0,0,0,0,0,0,0
Nets 2009-10,Nets,13,9,81.0,70.89374,4.2611823,248.52637,5.515549,34,0,0,0,0,8,0,0,0,0,125.54,1096869,58344,18.800032,2.9338586,1214209,14.0096035,0,0,0,0,0,0,0,0,1,0,0,0,0,0,0,0,0,0,0,0,0,0,0,0,0,0,1,0,0,0,0,0,0,0,0,0,0,0,0
Nets 2010-11,Nets,13,10,100.0,68.47208,4.226426,274.65765,5.6155252,12,0,0,0,0,8,0,0,0,1,129.98,1147917,60672,18.920046,2.940222,1280517,14.062775,0,0,0,0,0,0,0,0,0,1,0,0,0,0,0,0,0,0,0,0,0,0,0,0,0,0,1,0,0,0,0,0,0,0,0,0,0,0,0
Sonics 2001-02,SonicsThunder,14,1,1.0,72.84769,4.2883706,195.83728,5.277284,44,0,0,1,0,2,0,0,0,0,105.7,172991,55931,3.092936,1.1291208,157765,11.968862,1,0,0,0,0,0,0,0,0,0,0,0,0,0,0,0,0,0,0,0,0,0,0,0,0,1,0,0,0,0,0,0,0,0,0,0,0,0,0
Sonics 2002-03,SonicsThunder,14,2,4.0,64.99536,4.174316,181.987,5.203935,45,1,0,1,0,2,0,0,0,0,107.7,173060,55498,3.1183105,1.1372913,161175,11.990246,0,1,0,0,0,0,0,0,0,0,0,0,0,0,0,0,0,0,0,0,0,0,0,0,0,1,0,0,0,0,0,0,0,0,0,0,0,0,0
Sonics 2003-04,SonicsThunder,14,3,9.0,65.94399,4.1888056,185.1852,5.2213564,40,0,0,1,0,2,0,0,0,0,110.7,175032,55867,3.1330123,1.141995,166425,12.0223,0,0,1,0,0,0,0,0,0,0,0,0,0,0,0,0,0,0,0,0,0,0,0,0,0,1,0,0,0,0,0,0,0,0,0,0,0,0,0
Sonics 2004-05,SonicsThunder,14,4,16.0,71.240105,4.266056,205.80475,5.3269277,37,0,0,2,0,2,0,0,0,0,113.7,178492,56503,3.1589828,1.1502501,173493,12.063892,0,0,0,1,0,0,0,0,0,0,0,0,0,0,0,0,0,0,0,0,0,0,0,0,0,1,0,0,0,0,0,0,0,0,0,0,0,0,0
Sonics 2005-06,SonicsThunder,14,5,25.0,68.585945,4.2280874,226.92633,5.4246254,52,1,0,1,0,2,0,0,0,0,118.1,186561,58332,3.1982617,1.1626074,186561,12.136514,0,0,0,0,1,0,0,0,0,0,0,0,0,0,0,0,0,0,0,0,0,0,0,0,0,1,0,0,0,0,0,0,0,0,0,0,0,0,0
Sonics 2006-07,SonicsThunder,14,6,36.0,67.2534,4.2084675,223.34772,5.40873,35,0,0,1,0,2,0,0,0,0,120.44,196495,60328,3.257111,1.1808406,202414,12.21807,0,0,0,0,0,1,0,0,0,0,0,0,0,0,0,0,0,0,0,0,0,0,0,0,0,1,0,0,0,0,0,0,0,0,0,0,0,0,0
Sonics 2007-08,SonicsThunder,14,7,49.0,64.60763,4.1683326,236.36937,5.465396,31,0,0,0,0,2,0,0,0,0,126.92,209300,63338,3.3044934,1.1952832,220701,12.304564,0,0,0,0,0,0,1,0,0,0,0,0,0,0,0,0,0,0,0,0,0,0,0,0,0,1,0,0,0,0,0,0,0,0,0,0,0,0,0
Thunder 2008-09,SonicsThunder,14,8,64.0,89.30727,4.492083,249.41669,5.519125,20,0,0,0,1,0,0,0,0,0,124.29,52231,42931,1.2166266,0.19608198,59622,10.99578,0,0,0,0,0,0,0,1,0,0,0,0,0,0,0,0,0,0,0,0,0,0,0,0,0,1,0,0,0,0,0,0,0,0,0,0,0,0,0
Thunder 2009-10,SonicsThunder,14,9,81.0,93.99394,4.5432305,262.06787,5.5686035,23,0,0,1,1,0,0,0,0,0,125.54,52772,42634,1.2377914,0.21332867,55838,10.93021,0,0,0,0,0,0,0,0,1,0,0,0,0,0,0,0,0,0,0,0,0,0,0,0,0,1,0,0,0,0,0,0,0,0,0,0,0,0,0
Thunder 2010-11,SonicsThunder,14,10,100.0,96.937996,4.5740714,267.73352,5.589992,50,1,0,2,1,0,0,0,0,0,129.98,53671,42669,1.2578453,0.22940016,58339,10.974026,0,0,0,0,0,0,0,0,0,1,0,0,0,0,0,0,0,0,0,0,0,0,0,0,0,1,0,0,0,0,0,0,0,0,0,0,0,0,0
Jazz 2001-02,Jazz,15,1,1.0,82.308426,4.4104733,213.81268,5.3651004,53,1,0,1,0,0,0,0,0,0,105.7,48157,48896,0.9848863,-0.015229087,43318,10.676324,1,0,0,0,0,0,0,0,0,0,0,0,0,0,0,0,0,0,0,0,0,0,0,0,1,0,0,0,0,0,0,0,0,0,0,0,0,0,0
Jazz 2002-03,Jazz,15,2,4.0,78.922935,4.368472,221.91272,5.402284,44,1,0,0,0,0,0,0,0,0,107.7,47916,48172,0.9946857,-0.0053284615,43955,10.690922,0,1,0,0,0,0,0,0,0,0,0,0,0,0,0,0,0,0,0,0,0,0,0,0,1,0,0,0,0,0,0,0,0,0,0,0,0,0,0
Jazz 2003-04,Jazz,15,3,9.0,79.49413,4.3756833,232.159,5.4474225,47,1,0,1,0,0,0,0,0,0,110.7,47847,47666,1.0037973,0.0037901013,44912,10.7124605,0,0,1,0,0,0,0,0,0,0,0,0,0,0,0,0,0,0,0,0,0,0,0,0,1,0,0,0,0,0,0,0,0,0,0,0,0,0,0
Jazz 2004-05,Jazz,15,4,16.0,80.03518,4.3824663,240.98506,5.484735,42,0,0,0,0,0,0,0,0,0,113.7,49031,48291,1.0153238,0.015207536,47257,10.763356,0,0,0,1,0,0,0,0,0,0,0,0,0,0,0,0,0,0,0,0,0,0,0,0,1,0,0,0,0,0,0,0,0,0,0,0,0,0,0
Jazz 2005-06,Jazz,15,5,25.0,81.28705,4.397987,251.4818,5.5273705,26,0,0,0,0,1,0,0,0,0,118.1,51965,50385,1.0313585,0.030876847,51965,10.858326,0,0,0,0,1,0,0,0,0,0,0,0,0,0,0,0,0,0,0,0,0,0,0,0,1,0,0,0,0,0,0,0,0,0,0,0,0,0,0
Jazz 2006-07,Jazz,15,6,36.0,94.65294,4.550217,283.9588,5.648829,41,0,0,2,0,1,0,0,0,0,120.44,55400,52635,1.0525316,0.05119831,57323,10.956457,0,0,0,0,0,1,0,0,0,0,0,0,0,0,0,0,0,0,0,0,0,0,0,0,1,0,0,0,0,0,0,0,0,0,0,0,0,0,0
Jazz 2007-08,Jazz,15,7,49.0,93.75985,4.5407367,282.06744,5.642146,51,1,0,1,0,1,0,0,0,0,126.92,58701,54748,1.0722035,0.069715895,62463,11.04233,0,0,0,0,0,0,1,0,0,0,0,0,0,0,0,0,0,0,0,0,0,0,0,0,1,0,0,0,0,0,0,0,0,0,0,0,0,0,0
Jazz 2008-09,Jazz,15,8,64.0,94.939255,4.5532374,275.9675,5.620283,54,1,0,0,0,1,0,0,0,0,124.29,59478,54532,1.0906991,0.086818844,64728,11.07795,0,0,0,0,0,0,0,1,0,0,0,0,0,0,0,0,0,0,0,0,0,0,0,0,1,0,0,0,0,0,0,0,0,0,0,0,0,0,0
Jazz 2009-10,Jazz,15,9,81.0,96.38362,4.5683365,273.2197,5.610276,48,1,0,1,0,1,0,0,0,0,125.54,59050,53205,1.1098582,0.10423222,62554,11.043785,0,0,0,0,0,0,0,0,1,0,0,0,0,0,0,0,0,0,0,0,0,0,0,0,1,0,0,0,0,0,0,0,0,0,0,0,0,0,0
Jazz 2010-11,Jazz,15,10,100.0,92.3219,4.5252814,257.73196,5.55192,53,1,0,1,0,1,0,0,0,0,129.98,60157,53284,1.128988,0.12132168,66456,11.104296,0,0,0,0,0,0,0,0,0,1,0,0,0,0,0,0,0,0,0,0,0,0,0,0,1,0,0,0,0,0,0,0,0,0,0,0,0,0,0
Pistons 2001-02,Pistons,16,1,1.0,89.877014,4.498442,244.08705,5.4975247,32,0,0,0,0,3,0,0,0,0,105.7,196201,43973,4.4618516,1.4955639,183483,12.119877,1,0,0,0,0,0,0,0,0,0,0,0,0,0,0,0,0,0,0,0,0,0,0,1,0,0,0,0,0,0,0,0,0,0,0,0,0,0,0
Pistons 2002-03,Pistons,16,2,4.0,94.70753,4.5507936,263.69547,5.574795,50,1,0,1,0,3,0,0,0,0,107.7,199569,44782,4.4564557,1.4943538,188872,12.148825,0,1,0,0,0,0,0,0,0,0,0,0,0,0,0,0,0,0,0,0,0,0,0,1,0,0,0,0,0,0,0,0,0,0,0,0,0,0,0
Pistons 2003-04,Pistons,16,3,9.0,109.30443,4.694137,327.9133,5.7927494,50,1,0,1,0,3,0,0,0,0,110.7,202581,45489,4.4534063,1.4936693,194812,12.1797905,0,0,1,0,0,0,0,0,0,0,0,0,0,0,0,0,0,0,0,0,0,0,0,1,0,0,0,0,0,0,0,0,0,0,0,0,0,0,0
Pistons 2004-05,Pistons,16,4,16.0,117.854004,4.7694464,353.562,5.8680587,54,1,1,1,0,3,0,0,0,0,113.7,199130,44790,4.4458585,1.491973,194788,12.179667,0,0,0,1,0,0,0,0,0,0,0,0,0,0,0,0,0,0,0,0,0,0,0,1,0,0,0,0,0,0,0,0,0,0,0,0,0,0,0
Pistons 2005-06,Pistons,16,5,25.0,116.85013,4.7608924,363.2515,5.8950953,54,1,0,4,0,3,0,0,0,0,118.1,200644,45281,4.431086,1.4886447,200644,12.209288,0,0,0,0,1,0,0,0,0,0,0,0,0,0,0,0,0,0,0,0,0,0,0,1,0,0,0,0,0,0,0,0,0,0,0,0,0,0,0
Pistons 2006-07,Pistons,16,6,36.0,127.864494,4.850971,396.04782,5.981535,64,1,0,2,0,3,0,0,0,0,120.44,194192,44037,4.409746,1.4838171,198493,12.198509,0,0,0,0,0,1,0,0,0,0,0,0,0,0,0,0,0,0,0,0,0,0,0,1,0,0,0,0,0,0,0,0,0,0,0,0,0,0,0
Pistons 2007-08,Pistons,16,7,49.0,126.06367,4.836787,378.19098,5.9353995,53,1,0,3,0,3,0,0,0,0,126.92,195284,44615,4.377093,1.4763848,204683,12.229218,0,0,0,0,0,0,1,0,0,0,0,0,0,0,0,0,0,0,0,0,0,0,0,1,0,0,0,0,0,0,0,0,0,0,0,0,0,0,0
Pistons 2008-09,Pistons,16,8,64.0,137.58147,4.9242163,385.389,5.954253,59,1,0,1,0,3,0,0,0,0,124.29,186279,42926,4.3395376,1.4677678,197185,12.191897,0,0,0,0,0,0,0,1,0,0,0,0,0,0,0,0,0,0,0,0,0,0,0,1,0,0,0,0,0,0,0,0,0,0,0,0,0,0,0
Pistons 2009-10,Pistons,16,9,81.0,117.094154,4.7629786,286.7612,5.65865,39,1,0,1,0,3,0,0,0,0,125.54,173982,40351,4.3117146,1.4613357,190840,12.159191,0,0,0,0,0,0,0,0,1,0,0,0,0,0,0,0,0,0,0,0,0,0,0,1,0,0,0,0,0,0,0,0,0,0,0,0,0,0,0
Pistons 2010-11,Pistons,16,10,100.0,108.47823,4.6865497,255.42392,5.5429244,27,0,0,0,0,3,0,0,0,0,129.98,178931,41691,4.2918377,1.456715,197773,12.194875,0,0,0,0,0,0,0,0,0,1,0,0,0,0,0,0,0,0,0,0,0,0,0,1,0,0,0,0,0,0,0,0,0,0,0,0,0,0,0
Cavaliers 2001-02,Cavaliers,17,1,1.0,74.73983,4.314013,210.02838,5.347243,30,0,0,0,0,2,0,0,0,0,105.7,94034,43904,2.1418095,0.76165104,85272,11.353601,1,0,0,0,0,0,0,0,0,0,0,0,0,0,0,0,0,0,0,0,0,0,1,0,0,0,0,0,0,0,0,0,0,0,0,0,0,0,0
Cavaliers 2002-03,Cavaliers,17,2,4.0,66.85237,4.202487,239.55432,5.4787803,29,0,0,1,0,2,0,0,0,0,107.7,94966,44456,2.1361797,0.759019,87763,11.382396,0,1,0,0,0,0,0,0,0,0,0,0,0,0,0,0,0,0,0,0,0,0,1,0,0,0,0,0,0,0,0,0,0,0,0,0,0,0,0
Cavaliers 2003-04,Cavaliers,17,3,9.0,84.01084,4.430946,269.19604,5.59544,17,0,0,0,0,2,0,0,0,0,110.7,96612,45333,2.1311626,0.7566677,91153,11.420295,0,0,1,0,0,0,0,0,0,0,0,0,0,0,0,0,0,0,0,0,0,0,1,0,0,0,0,0,0,0,0,0,0,0,0,0,0,0,0
Cavaliers 2004-05,Cavaliers,17,4,16.0,89.70976,4.4965796,313.10468,5.7465377,35,0,0,2,0,2,0,0,0,0,113.7,98765,46523,2.1229284,0.7527965,95599,11.467917,0,0,0,1,0,0,0,0,0,0,0,0,0,0,0,0,0,0,0,0,0,0,1,0,0,0,0,0,0,0,0,0,0,0,0,0,0,0,0
Cavaliers 2005-06,Cavaliers,17,5,25.0,97.37511,4.5785704,321.76123,5.77381,42,0,0,1,0,2,0,0,0,0,118.1,98472,46632,2.111683,0.7474852,98472,11.497527,0,0,0,0,1,0,0,0,0,0,0,0,0,0,0,0,0,0,0,0,0,0,1,0,0,0,0,0,0,0,0,0,0,0,0,0,0,0,0
Cavaliers 2006-07,Cavaliers,17,6,36.0,126.20392,4.837899,377.78146,5.9343157,50,1,0,1,0,2,0,0,0,0,120.44,97102,46252,2.099412,0.7416573,100205,11.514974,0,0,0,0,0,1,0,0,0,0,0,0,0,0,0,0,0,0,0,0,0,0,1,0,0,0,0,0,0,0,0,0,0,0,0,0,0,0,0
Cavaliers 2007-08,Cavaliers,17,7,49.0,125.275764,4.8305173,375.8273,5.9291296,50,1,0,1,0,2,0,0,0,0,126.92,97638,26681,3.659458,1.297315,103611,11.548399,0,0,0,0,0,0,1,0,0,0,0,0,0,0,0,0,0,0,0,0,0,0,1,0,0,0,0,0,0,0,0,0,0,0,0,0,0,0,0
Cavaliers 2008-09,Cavaliers,17,8,64.0,127.92662,4.8514566,382.9753,5.9479704,45,1,0,2,0,2,0,0,0,0,124.29,96452,46258,2.085088,0.73481107,104665,11.55852,0,0,0,0,0,0,0,1,0,0,0,0,0,0,0,0,0,0,0,0,0,0,1,0,0,0,0,0,0,0,0,0,0,0,0,0,0,0,0
Cavaliers 2009-10,Cavaliers,17,9,81.0,128.24597,4.85395,282.77838,5.6446633,66,1,0,1,0,2,0,0,0,0,125.54,92207,44308,2.0810463,0.7328708,102200,11.534687,0,0,0,0,0,0,0,0,1,0,0,0,0,0,0,0,0,0,0,0,0,0,1,0,0,0,0,0,0,0,0,0,0,0,0,0,0,0,0
Cavaliers 2010-11,Cavaliers,17,10,100.0,114.633026,4.741736,253.11588,5.5338473,61,1,0,0,0,2,0,0,0,0,129.98,94278,45418,2.075785,0.73033935,105625,11.567651,0,0,0,0,0,0,0,0,0,1,0,0,0,0,0,0,0,0,0,0,0,0,1,0,0,0,0,0,0,0,0,0,0,0,0,0,0,0,0
Wizards 2001-02,Wizards,18,1,1.0,93.66131,4.5396852,263.0085,5.5721865,19,0,0,1,0,2,0,0,0,0,105.7,294656,59794,4.927852,1.5949032,263344,12.481216,1,0,0,0,0,0,0,0,0,0,0,0,0,0,0,0,0,0,0,0,0,1,0,0,0,0,0,0,0,0,0,0,0,0,0,0,0,0,0
Wizards 2002-03,Wizards,18,2,4.0,90.9935,4.510788,254.4104,5.5389485,37,0,0,1,0,2,0,0,0,0,107.7,304317,60717,5.012056,1.6118462,279358,12.54025,0,1,0,0,0,0,0,0,0,0,0,0,0,0,0,0,0,0,0,0,0,1,0,0,0,0,0,0,0,0,0,0,0,0,0,0,0,0,0
Wizards 2003-04,Wizards,18,3,9.0,84.914185,4.4416413,246.61247,5.507818,37,0,0,0,0,2,0,0,0,0,110.7,316043,62222,5.079281,1.6251696,297474,12.603082,0,0,1,0,0,0,0,0,0,0,0,0,0,0,0,0,0,0,0,0,0,1,0,0,0,0,0,0,0,0,0,0,0,0,0,0,0,0,0
Wizards 2004-05,Wizards,18,4,16.0,93.2278,4.535046,279.68338,5.6336584,25,0,0,2,0,2,0,0,0,0,113.7,333191,64661,5.1528897,1.6395577,323071,12.685627,0,0,0,1,0,0,0,0,0,0,0,0,0,0,0,0,0,0,0,0,0,1,0,0,0,0,0,0,0,0,0,0,0,0,0,0,0,0,0
Wizards 2005-06,Wizards,18,5,25.0,91.44793,4.51577,282.8112,5.6447797,45,1,0,1,0,3,0,0,0,0,118.1,348752,66756,5.2242794,1.6533169,348752,12.762116,0,0,0,0,1,0,0,0,0,0,0,0,0,0,0,0,0,0,0,0,0,1,0,0,0,0,0,0,0,0,0,0,0,0,0,0,0,0,0
Wizards 2006-07,Wizards,18,6,36.0,92.99236,4.5325174,288.94055,5.666221,42,1,0,2,0,3,0,0,0,0,120.44,354687,67335,5.2674985,1.6615555,366628,12.812103,0,0,0,0,0,1,0,0,0,0,0,0,0,0,0,0,0,0,0,0,0,1,0,0,0,0,0,0,0,0,0,0,0,0,0,0,0,0,0
Wizards 2007-08,Wizards,18,7,49.0,92.971954,4.532298,278.12796,5.6280813,41,1,0,2,0,3,0,0,0,0,126.92,360390,67743,5.319959,1.6714656,384014,12.858435,0,0,0,0,0,0,1,0,0,0,0,0,0,0,0,0,0,0,0,0,0,1,0,0,0,0,0,0,0,0,0,0,0,0,0,0,0,0,0
Wizards 2008-09,Wizards,18,8,64.0,88.50269,4.483033,251.8304,5.5287557,43,1,0,0,0,3,0,0,0,0,124.29,369763,68581,5.3916245,1.6848468,401160,12.902116,0,0,0,0,0,0,0,1,0,0,0,0,0,0,0,0,0,0,0,0,0,1,0,0,0,0,0,0,0,0,0,0,0,0,0,0,0,0,0
Wizards 2009-10,Wizards,18,9,81.0,85.2318,4.4453745,256.49194,5.547097,19,0,0,0,0,3,0,0,0,0,125.54,369771,67300,5.4943686,1.7037237,408144,12.919375,0,0,0,0,0,0,0,0,1,0,0,0,0,0,0,0,0,0,0,0,0,1,0,0,0,0,0,0,0,0,0,0,0,0,0,0,0,0,0
Wizards 2010-11,Wizards,18,10,100.0,83.859055,4.429137,252.34653,5.530803,26,0,0,0,0,3,0,0,0,0,129.98,383073,68283,5.610079,1.7245648,425167,12.9602375,0,0,0,0,0,0,0,0,0,1,0,0,0,0,0,0,0,0,0,0,0,1,0,0,0,0,0,0,0,0,0,0,0,0,0,0,0,0,0
Clippers 2001-02,Clippers,19,1,1.0,69.06339,4.235025,193.94513,5.2675753,31,0,0,1,0,6,0,0,1,0,105.7,578029,46200,12.51145,2.5266442,524440,13.170086,1,0,0,0,0,0,0,0,0,0,0,0,0,0,0,0,0,0,0,0,1,0,0,0,0,0,0,0,0,0,0,0,0,0,0,0,0,0,0
Clippers 2002-03,Clippers,19,2,4.0,66.85237,4.202487,193.12907,5.2633586,39,0,0,0,0,6,0,0,0,1,107.7,590340,46800,12.614102,2.5348153,545147,13.208811,0,1,0,0,0,0,0,0,0,0,0,0,0,0,0,0,0,0,0,0,1,0,0,0,0,0,0,0,0,0,0,0,0,0,0,0,0,0,0
Clippers 2003-04,Clippers,19,3,9.0,69.557365,4.2421517,202.3487,5.3099923,27,0,0,0,0,6,0,0,0,0,110.7,608147,47899,12.6964445,2.541322,572893,13.258454,0,0,1,0,0,0,0,0,0,0,0,0,0,0,0,0,0,0,0,0,1,0,0,0,0,0,0,0,0,0,0,0,0,0,0,0,0,0,0
Clippers 2004-05,Clippers,19,4,16.0,72.99912,4.290447,218.11786,5.3850355,28,0,0,0,0,6,0,0,0,0,113.7,639054,50181,12.73498,2.5443525,617951,13.334165,0,0,0,1,0,0,0,0,0,0,0,0,0,0,0,0,0,0,0,0,1,0,0,0,0,0,0,0,0,0,0,0,0,0,0,0,0,0,0
Clippers 2005-06,Clippers,19,5,25.0,80.44031,4.3875155,241.32092,5.486128,37,0,0,1,0,7,0,0,0,0,118.1,661635,51989,12.726442,2.5436819,661635,13.40247,0,0,0,0,1,0,0,0,0,0,0,0,0,0,0,0,0,0,0,0,1,0,0,0,0,0,0,0,0,0,0,0,0,0,0,0,0,0,0
Clippers 2006-07,Clippers,19,6,36.0,81.36832,4.398986,244.10495,5.497598,47,1,0,0,0,7,0,0,0,0,120.44,686810,54207,12.670135,2.5392475,707619,13.469661,0,0,0,0,0,1,0,0,0,0,0,0,0,0,0,0,0,0,0,0,1,0,0,0,0,0,0,0,0,0,0,0,0,0,0,0,0,0,0
Clippers 2007-08,Clippers,19,7,49.0,78.00189,4.3567333,234.00568,5.455345,40,0,0,0,0,7,0,0,0,0,126.92,691156,54715,12.631929,2.5362277,731337,13.502629,0,0,0,0,0,0,1,0,0,0,0,0,0,0,0,0,0,0,0,0,1,0,0,0,0,0,0,0,0,0,0,0,0,0,0,0,0,0,0
Clippers 2008-09,Clippers,19,8,64.0,82.06613,4.4075255,237.34813,5.469528,23,0,0,0,0,7,0,0,0,0,124.29,689520,54324,12.692733,2.5410297,745732,13.522121,0,0,0,0,0,0,0,1,0,0,0,0,0,0,0,0,0,0,0,0,1,0,0,0,0,0,0,0,0,0,0,0,0,0,0,0,0,0,0
Clippers 2009-10,Clippers,19,9,81.0,81.249,4.3975186,242.95045,5.4928575,19,0,0,1,0,7,0,0,0,0,125.54,658895,51579,12.774482,2.5474496,717176,13.483076,0,0,0,0,0,0,0,0,1,0,0,0,0,0,0,0,0,0,0,0,1,0,0,0,0,0,0,0,0,0,0,0,0,0,0,0,0,0,0
Clippers 2010-11,Clippers,19,10,100.0,83.08971,4.419921,249.26912,5.518533,29,0,0,1,0,7,0,0,0,0,129.98,670406,52174,12.849427,2.5532992,735743,13.508636,0,0,0,0,0,0,0,0,0,1,0,0,0,0,0,0,0,0,0,0,1,0,0,0,0,0,0,0,0,0,0,0,0,0,0,0,0,0,0
Nuggets 2001-02,Nuggets,20,1,1.0,70.955536,4.2620535,197.72943,5.2868996,40,0,0,0,0,4,0,0,1,0,105.7,122731,55315,2.2187653,0.7969509,110064,11.608817,1,0,0,0,0,0,0,0,0,0,0,0,0,0,0,0,0,0,0,1,0,0,0,0,0,0,0,0,0,0,0,0,0,0,0,0,0,0,0
Nuggets 2002-03,Nuggets,20,2,4.0,69.637886,4.2433085,202.41412,5.3103156,27,0,0,0,0,4,0,0,0,1,107.7,125938,55558,2.2667842,0.8183622,114793,11.650886,0,1,0,0,0,0,0,0,0,0,0,0,0,0,0,0,0,0,0,1,0,0,0,0,0,0,0,0,0,0,0,0,0,0,0,0,0,0,0
Nuggets 2003-04,Nuggets,20,3,9.0,80.39748,4.386983,242.09576,5.489333,17,0,0,0,0,4,0,0,0,0,110.7,123951,55124,2.248585,0.8103011,117780,11.676574,0,0,1,0,0,0,0,0,0,0,0,0,0,0,0,0,0,0,0,1,0,0,0,0,0,0,0,0,0,0,0,0,0,0,0,0,0,0,0
Nuggets 2004-05,Nuggets,20,4,16.0,82.673706,4.4149017,248.90062,5.5170536,43,1,0,0,0,4,0,0,0,0,113.7,128219,55631,2.304812,0.8349991,123261,11.722059,0,0,0,1,0,0,0,0,0,0,0,0,0,0,0,0,0,0,0,1,0,0,0,0,0,0,0,0,0,0,0,0,0,0,0,0,0,0,0
Nuggets 2005-06,Nuggets,20,5,25.0,84.674,4.4388084,261.64267,5.56698,49,1,0,0,0,4,0,0,0,0,118.1,132997,57013,2.3327487,0.84704727,132997,11.798081,0,0,0,0,1,0,0,0,0,0,0,0,0,0,0,0,0,0,0,1,0,0,0,0,0,0,0,0,0,0,0,0,0,0,0,0,0,0,0
Nuggets 2006-07,Nuggets,20,6,36.0,86.35005,4.4584093,266.52274,5.5854597,44,1,0,2,0,4,0,0,0,0,120.44,136923,57671,2.374209,0.8646643,141060,11.85694,0,0,0,0,0,1,0,0,0,0,0,0,0,0,0,0,0,0,0,1,0,0,0,0,0,0,0,0,0,0,0,0,0,0,0,0,0,0,0
Nuggets 2007-08,Nuggets,20,7,49.0,88.24457,4.480112,259.2184,5.557671,45,1,0,2,0,4,0,0,0,0,126.92,139304,57595,2.418682,0.8832228,147331,11.900437,0,0,0,0,0,0,1,0,0,0,0,0,0,0,0,0,0,0,0,1,0,0,0,0,0,0,0,0,0,0,0,0,0,0,0,0,0,0,0
Nuggets 2008-09,Nuggets,20,8,64.0,92.52554,4.527485,258.26697,5.5539937,50,1,0,1,0,4,0,0,0,0,124.29,142344,57770,2.4639778,0.901777,154936,11.9507675,0,0,0,0,0,0,0,1,0,0,0,0,0,0,0,0,0,0,0,1,0,0,0,0,0,0,0,0,0,0,0,0,0,0,0,0,0,0,0
Nuggets 2009-10,Nuggets,20,9,81.0,90.011154,4.4999337,251.7126,5.528288,54,1,0,2,0,4,0,0,0,0,125.54,143028,56996,2.5094392,0.9200593,153327,11.940329,0,0,0,0,0,0,0,0,1,0,0,0,0,0,0,0,0,0,0,1,0,0,0,0,0,0,0,0,0,0,0,0,0,0,0,0,0,0,0
Nuggets 2010-11,Nuggets,20,10,100.0,86.936455,4.4651775,243.11433,5.4935317,53,1,0,1,0,4,0,0,0,0,129.98,144931,56706,2.555832,0.9383778,157567,11.967606,0,0,0,0,0,0,0,0,0,1,0,0,0,0,0,0,0,0,0,1,0,0,0,0,0,0,0,0,0,0,0,0,0,0,0,0,0,0,0
76ers 2001-02,76ers,21,1,1.0,100.28383,4.6080046,281.93,5.641659,56,1,0,2,0,2,0,0,0,0,105.7,267615,46835,5.713996,1.7429186,241068,12.392835,1,0,0,0,0,0,0,0,0,0,0,0,0,0,0,0,0,0,1,0,0,0,0,0,0,0,0,0,0,0,0,0,0,0,0,0,0,0,0
76ers 2002-03,76ers,21,2,4.0,101.20706,4.6171684,304.54968,5.7188344,43,1,0,1,0,2,0,0,0,0,107.7,275454,47960,5.743411,1.7480533,253270,12.442211,0,1,0,0,0,0,0,0,0,0,0,0,0,0,0,0,0,0,1,0,0,0,0,0,0,0,0,0,0,0,0,0,0,0,0,0,0,0,0
76ers 2003-04,76ers,21,3,9.0,96.65764,4.571175,308.94308,5.733157,48,1,0,1,0,2,0,0,0,0,110.7,284828,49331,5.7738137,1.7533329,268025,12.498836,0,0,1,0,0,0,0,0,0,0,0,0,0,0,0,0,0,0,1,0,0,0,0,0,0,0,0,0,0,0,0,0,0,0,0,0,0,0,0
76ers 2004-05,76ers,21,4,16.0,96.74583,4.5720873,308.70712,5.732393,33,0,0,1,0,2,0,0,0,0,113.7,290541,50054,5.804551,1.7586423,280888,12.5457115,0,0,0,1,0,0,0,0,0,0,0,0,0,0,0,0,0,0,1,0,0,0,0,0,0,0,0,0,0,0,0,0,0,0,0,0,0,0,0
76ers 2005-06,76ers,21,5,25.0,93.1414,4.5341187,317.52753,5.7605643,43,1,0,1,0,2,0,0,0,0,118.1,294741,50563,5.8291836,1.762877,294741,12.593852,0,0,0,0,1,0,0,0,0,0,0,0,0,0,0,0,0,0,1,0,0,0,0,0,0,0,0,0,0,0,0,0,0,0,0,0,0,0,0
76ers 2006-07,76ers,21,6,36.0,92.99236,4.5325174,315.5098,5.75419,38,0,0,0,0,2,0,0,0,0,120.44,299981,51225,5.8561444,1.7674915,309498,12.642707,0,0,0,0,0,1,0,0,0,0,0,0,0,0,0,0,0,0,1,0,0,0,0,0,0,0,0,0,0,0,0,0,0,0,0,0,0,0,0
76ers 2007-08,76ers,21,7,49.0,91.39616,4.5152035,283.64325,5.6477175,35,0,0,0,0,2,0,0,0,0,126.92,307394,52259,5.8821254,1.7719182,325868,12.694247,0,0,0,0,0,0,1,0,0,0,0,0,0,0,0,0,0,0,1,0,0,0,0,0,0,0,0,0,0,0,0,0,0,0,0,0,0,0,0
76ers 2008-09,76ers,21,8,64.0,92.52554,4.527485,276.77206,5.623194,40,1,0,0,0,2,0,0,0,0,124.29,307201,52007,5.906916,1.7761239,333047,12.716039,0,0,0,0,0,0,0,1,0,0,0,0,0,0,0,0,0,0,1,0,0,0,0,0,0,0,0,0,0,0,0,0,0,0,0,0,0,0,0
76ers 2009-10,76ers,21,9,81.0,87.621475,4.4730263,262.8644,5.5716386,41,1,0,0,0,2,0,0,0,0,125.54,304119,51185,5.941565,1.7819725,335638,12.723788,0,0,0,0,0,0,0,0,1,0,0,0,0,0,0,0,0,0,1,0,0,0,0,0,0,0,0,0,0,0,0,0,0,0,0,0,0,0,0
76ers 2010-11,76ers,21,10,100.0,89.2445,4.4913797,241.57564,5.4871826,27,0,0,0,0,3,0,0,0,0,129.98,311088,52096,5.9714375,1.7869877,346932,12.756884,0,0,0,0,0,0,0,0,0,1,0,0,0,0,0,0,0,0,1,0,0,0,0,0,0,0,0,0,0,0,0,0,0,0,0,0,0,0,0
Kings 2001-02,Kings,22,1,1.0,96.49953,4.569538,245.03313,5.5013933,55,1,0,2,0,0,0,0,0,0,105.7,70804,37938,1.8663082,0.6239623,63541,11.059441,1,0,0,0,0,0,0,0,0,0,0,0,0,0,0,0,0,1,0,0,0,0,0,0,0,0,0,0,0,0,0,0,0,0,0,0,0,0,0
Kings 2002-03,Kings,22,2,4.0,94.70753,4.5507936,255.33891,5.5425916,61,1,0,2,0,0,0,0,0,0,107.7,75687,39349,1.9234797,0.6541359,69403,11.147685,0,1,0,0,0,0,0,0,0,0,0,0,0,0,0,0,0,1,0,0,0,0,0,0,0,0,0,0,0,0,0,0,0,0,0,0,0,0,0
Kings 2003-04,Kings,22,3,9.0,106.5944,4.669031,298.103,5.697439,59,1,0,2,0,0,0,0,0,0,110.7,80566,40885,1.9705515,0.67831343,75748,11.2351675,0,0,1,0,0,0,0,0,0,0,0,0,0,0,0,0,0,1,0,0,0,0,0,0,0,0,0,0,0,0,0,0,0,0,0,0,0,0,0
Kings 2004-05,Kings,22,4,16.0,104.66139,4.65073,303.43008,5.7151513,55,1,0,0,0,0,0,0,0,0,113.7,83758,41698,2.0086815,0.69747853,81085,11.303253,0,0,0,1,0,0,0,0,0,0,0,0,0,0,0,0,0,1,0,0,0,0,0,0,0,0,0,0,0,0,0,0,0,0,0,0,0,0,0
Kings 2005-06,Kings,22,5,25.0,106.68925,4.6699204,320.9145,5.771175,50,1,0,0,0,0,0,0,0,0,118.1,88493,43489,2.0348363,0.71041536,88493,11.390678,0,0,0,0,1,0,0,0,0,0,0,0,0,0,0,0,0,1,0,0,0,0,0,0,0,0,0,0,0,0,0,0,0,0,0,0,0,0,0
Kings 2006-07,Kings,22,6,36.0,106.276985,4.6660485,319.66122,5.767262,44,1,0,0,0,0,0,0,0,0,120.44,90438,43947,2.0578878,0.7216801,93298,11.443554,0,0,0,0,0,1,0,0,0,0,0,0,0,0,0,0,0,1,0,0,0,0,0,0,0,0,0,0,0,0,0,0,0,0,0,0,0,0,0
Kings 2007-08,Kings,22,7,49.0,92.18405,4.523787,275.76425,5.6195464,33,0,0,0,0,0,0,0,0,0,126.92,89926,43188,2.0821989,0.7334245,95485,11.466724,0,0,0,0,0,0,1,0,0,0,0,0,0,0,0,0,0,1,0,0,0,0,0,0,0,0,0,0,0,0,0,0,0,0,0,0,0,0,0
Kings 2008-09,Kings,22,8,64.0,87.69813,4.4739003,245.39383,5.5028644,38,0,0,0,0,0,0,0,0,0,124.29,87611,41555,2.1083143,0.7458887,95007,11.461706,0,0,0,0,0,0,0,1,0,0,0,0,0,0,0,0,0,1,0,0,0,0,0,0,0,0,0,0,0,0,0,0,0,0,0,0,0,0,0
Kings 2009-10,Kings,22,9,81.0,82.04556,4.4072747,233.39174,5.4527183,17,0,0,0,0,0,0,0,0,0,125.54,84304,39530,2.1326587,0.7573694,93048,11.440871,0,0,0,0,0,0,0,0,1,0,0,0,0,0,0,0,0,1,0,0,0,0,0,0,0,0,0,0,0,0,0,0,0,0,0,0,0,0,0
Kings 2010-11,Kings,22,10,100.0,80.012314,4.3821807,230.80475,5.441572,25,0,0,0,0,0,0,0,0,0,129.98,83368,38697,2.154379,0.7675025,92873,11.438989,0,0,0,0,0,0,0,0,0,1,0,0,0,0,0,0,0,1,0,0,0,0,0,0,0,0,0,0,0,0,0,0,0,0,0,0,0,0,0
Hornets 2001-02,Hornets,23,1,1.0,60.548725,4.1034484,162.7247,5.0920596,46,1,0,1,0,1,0,0,0,0,105.7,84125,61210,1.3743669,0.31799316,77160,11.253636,1,0,0,0,0,0,0,0,0,0,0,0,0,0,0,0,1,0,0,0,0,0,0,0,0,0,0,0,0,0,0,0,0,0,0,0,0,0,0
Hornets 2002-03,Hornets,23,2,4.0,74.28041,4.3078475,200.55711,5.3010993,44,1,0,1,1,1,0,0,0,1,107.7,64196,48650,1.3195478,0.2772891,50799,10.835632,0,1,0,0,0,0,0,0,0,0,0,0,0,0,0,0,1,0,0,0,0,0,0,0,0,0,0,0,0,0,0,0,0,0,0,0,0,0,0
Hornets 2003-04,Hornets,23,3,9.0,72.267395,4.280373,203.25204,5.314447,47,1,0,2,1,1,0,0,0,0,110.7,66496,48149,1.3810463,0.3228414,56930,10.949577,0,0,1,0,0,0,0,0,0,0,0,0,0,0,0,0,1,0,0,0,0,0,0,0,0,0,0,0,0,0,0,0,0,0,0,0,0,0,0
Hornets 2004-05,Hornets,23,4,16.0,68.601585,4.228316,197.88919,5.2877073,41,1,0,0,1,1,0,0,0,0,113.7,69122,49481,1.3969402,0.3342843,62160,11.037467,0,0,0,1,0,0,0,0,0,0,0,0,0,0,0,0,1,0,0,0,0,0,0,0,0,0,0,0,0,0,0,0,0,0,0,0,0,0,0
Hornets 2005-06,Hornets,23,5,25.0,70.27943,4.252479,209.99153,5.3470674,18,0,0,0,1,0,0,0,0,1,118.1,46808,40306,1.1613159,0.14955378,46808,10.753809,0,0,0,0,1,0,0,0,0,0,0,0,0,0,0,0,1,0,0,0,0,0,0,0,0,0,0,0,0,0,0,0,0,0,0,0,0,0,0
Hornets 2006-07,Hornets,23,6,36.0,75.55629,4.3248777,225.8386,5.419821,38,0,0,0,1,0,0,0,0,0,120.44,49640,41973,1.182665,0.16777036,51677,10.852768,0,0,0,0,0,1,0,0,0,0,0,0,0,0,0,0,1,0,0,0,0,0,0,0,0,0,0,0,0,0,0,0,0,0,0,0,0,0,0
Hornets 2007-08,Hornets,23,7,49.0,74.8503,4.3154902,224.5509,5.4141026,39,0,0,2,1,1,0,0,0,0,126.92,61074,56855,1.0742064,0.07158211,67527,11.120283,0,0,0,0,0,0,1,0,0,0,0,0,0,0,0,0,1,0,0,0,0,0,0,0,0,0,0,0,0,0,0,0,0,0,0,0,0,0,0
Hornets 2008-09,Hornets,23,8,64.0,76.43414,4.3364296,214.82018,5.3698015,56,1,0,2,1,1,0,0,0,0,124.29,59846,53735,1.1137247,0.10770999,70067,11.1572075,0,0,0,0,0,0,0,1,0,0,0,0,0,0,0,0,1,0,0,0,0,0,0,0,0,0,0,0,0,0,0,0,0,0,0,0,0,0,0
Hornets 2009-10,Hornets,23,9,81.0,79.65588,4.377716,223.03648,5.4073353,49,1,0,1,1,1,0,0,0,0,125.54,63137,55112,1.1456126,0.13593951,66780,11.1091585,0,0,0,0,0,0,0,0,1,0,0,0,0,0,0,0,1,0,0,0,0,0,0,0,0,0,0,0,0,0,0,0,0,0,0,0,0,0,0
Hornets 2010-11,Hornets,23,10,100.0,83.859055,4.429137,219.26451,5.390279,37,0,0,1,1,1,0,0,0,0,129.98,64649,55099,1.1733243,0.15984105,71476,11.177117,0,0,0,0,0,0,0,0,0,1,0,0,0,0,0,0,1,0,0,0,0,0,0,0,0,0,0,0,0,0,0,0,0,0,0,0,0,0,0
Pacers 2001-02,Pacers,24,1,1.0,86.09272,4.455425,232.73416,5.449897,41,1,0,1,0,1,0,0,1,0,105.7,80063,51511,1.5542893,0.44101843,72632,11.193161,1,0,0,0,0,0,0,0,0,0,0,0,0,0,0,1,0,0,0,0,0,0,0,0,0,0,0,0,0,0,0,0,0,0,0,0,0,0,0
Pacers 2002-03,Pacers,24,2,4.0,87.27948,4.4691153,259.98145,5.5606103,42,1,0,2,0,1,0,0,0,1,107.7,80851,51315,1.5755821,0.45462483,74848,11.223215,0,1,0,0,0,0,0,0,0,0,0,0,0,0,0,1,0,0,0,0,0,0,0,0,0,0,0,0,0,0,0,0,0,0,0,0,0,0,0
Pacers 2003-04,Pacers,24,3,9.0,93.94761,4.5427375,280.93948,5.6381392,48,1,0,2,0,1,0,0,0,0,110.7,83139,52041,1.5975673,0.46848205,78531,11.271249,0,0,1,0,0,0,0,0,0,0,0,0,0,0,0,1,0,0,0,0,0,0,0,0,0,0,0,0,0,0,0,0,0,0,0,0,0,0,0
Pacers 2004-05,Pacers,24,4,16.0,94.98681,4.553738,284.96042,5.6523504,61,1,0,1,0,1,0,0,0,0,113.7,87012,53735,1.6192797,0.48198146,84231,11.341318,0,0,0,1,0,0,0,0,0,0,0,0,0,0,0,1,0,0,0,0,0,0,0,0,0,0,0,0,0,0,0,0,0,0,0,0,0,0,0
Pacers 2005-06,Pacers,24,5,25.0,93.1414,4.5341187,287.89163,5.6625843,44,1,0,1,0,1,0,0,0,0,118.1,88667,53996,1.6421031,0.4959778,88667,11.392643,0,0,0,0,1,0,0,0,0,0,0,0,0,0,0,1,0,0,0,0,0,0,0,0,0,0,0,0,0,0,0,0,0,0,0,0,0,0,0
Pacers 2006-07,Pacers,24,6,36.0,88.84091,4.4868474,276.4862,5.622161,41,1,0,1,0,1,0,0,0,0,120.44,90252,54060,1.6694784,0.51251125,93035,11.440731,0,0,0,0,0,1,0,0,0,0,0,0,0,0,0,1,0,0,0,0,0,0,0,0,0,0,0,0,0,0,0,0,0,0,0,0,0,0,0
Pacers 2007-08,Pacers,24,7,49.0,79.57769,4.376734,238.73306,5.475346,35,0,0,0,0,1,0,0,0,0,126.92,92533,54581,1.6953336,0.52787954,97699,11.489647,0,0,0,0,0,0,1,0,0,0,0,0,0,0,0,1,0,0,0,0,0,0,0,0,0,0,0,0,0,0,0,0,0,0,0,0,0,0,0
Pacers 2008-09,Pacers,24,8,64.0,78.04328,4.3572636,226.08415,5.4209075,36,0,0,1,0,1,0,0,0,0,124.29,91181,53050,1.7187748,0.54161173,99053,11.50341,0,0,0,0,0,0,0,1,0,0,0,0,0,0,0,1,0,0,0,0,0,0,0,0,0,0,0,0,0,0,0,0,0,0,0,0,0,0,0
Pacers 2009-10,Pacers,24,9,81.0,75.67309,4.3264227,214.27434,5.367257,36,0,0,0,0,1,0,0,0,0,125.54,89562,51417,1.7418753,0.5549623,100456,11.517475,0,0,0,0,0,0,0,0,1,0,0,0,0,0,0,1,0,0,0,0,0,0,0,0,0,0,0,0,0,0,0,0,0,0,0,0,0,0,0
Pacers 2010-11,Pacers,24,10,100.0,77.70426,4.35291,217.72581,5.3832364,32,0,0,0,0,1,0,0,0,0,129.98,92804,52704,1.760853,0.5657984,105163,11.563267,0,0,0,0,0,0,0,0,0,1,0,0,0,0,0,1,0,0,0,0,0,0,0,0,0,0,0,0,0,0,0,0,0,0,0,0,0,0,0
Bobcats 2005-06,Bobcats,25,5,25.0,75.35986,4.3222747,234.547,5.457656,18,0,0,0,0,1,1,0,0,0,118.1,101421,66788,1.5185512,0.41775674,101421,11.527036,0,0,0,0,1,0,0,0,0,0,0,0,0,0,1,0,0,0,0,0,0,0,0,0,0,0,0,0,0,0,0,0,0,0,0,0,0,0,0
Bobcats 2006-07,Bobcats,25,6,36.0,77.21687,4.346618,238.29292,5.4735007,26,0,0,0,0,1,0,1,0,0,120.44,105204,66478,1.5825386,0.45903027,107433,11.584622,0,0,0,0,0,1,0,0,0,0,0,0,0,0,1,0,0,0,0,0,0,0,0,0,0,0,0,0,0,0,0,0,0,0,0,0,0,0,0
Bobcats 2007-08,Bobcats,25,7,49.0,74.8503,4.3154902,223.763,5.4105873,33,0,0,0,0,1,0,0,1,0,126.92,104588,63450,1.648353,0.4997766,109222,11.601138,0,0,0,0,0,0,1,0,0,0,0,0,0,0,1,0,0,0,0,0,0,0,0,0,0,0,0,0,0,0,0,0,0,0,0,0,0,0,0
Bobcats 2008-09,Bobcats,25,8,64.0,77.238716,4.346901,223.67044,5.410174,32,0,0,0,0,1,0,0,0,1,124.29,103866,61014,1.7023306,0.5319983,111213,11.619203,0,0,0,0,0,0,0,1,0,0,0,0,0,0,1,0,0,0,0,0,0,0,0,0,0,0,0,0,0,0,0,0,0,0,0,0,0,0,0
Bobcats 2009-10,Bobcats,25,9,81.0,78.06277,4.3575134,223.83304,5.4109006,35,0,0,1,0,1,0,0,0,0,125.54,100791,57937,1.7396655,0.5536929,109882,11.607162,0,0,0,0,0,0,0,0,1,0,0,0,0,0,1,0,0,0,0,0,0,0,0,0,0,0,0,0,0,0,0,0,0,0,0,0,0,0,0
Bobcats 2010-11,Bobcats,25,10,100.0,77.70426,4.35291,213.10971,5.361807,44,1,0,0,0,1,0,0,0,0,129.98,103402,58607,1.7643285,0.5677701,113568,11.640157,0,0,0,0,0,0,0,0,0,1,0,0,0,0,1,0,0,0,0,0,0,0,0,0,0,0,0,0,0,0,0,0,0,0,0,0,0,0,0
Timberwolves 2001-02,Timberwolves,26,1,1.0,80.416275,4.3872166,201.51372,5.3058577,47,1,0,2,0,3,0,0,0,0,105.7,158983,52596,3.0227203,1.1061572,144668,11.882196,1,0,0,0,0,0,0,0,0,0,0,0,0,1,0,0,0,0,0,0,0,0,0,0,0,0,0,0,0,0,0,0,0,0,0,0,0,0,0
Timberwolves 2002-03,Timberwolves,26,2,4.0,78.922935,4.368472,213.55618,5.3639,50,1,0,1,0,3,0,0,0,0,107.7,161178,52822,3.0513422,1.1155816,149085,11.9122715,0,1,0,0,0,0,0,0,0,0,0,0,0,1,0,0,0,0,0,0,0,0,0,0,0,0,0,0,0,0,0,0,0,0,0,0,0,0,0
Timberwolves 2003-04,Timberwolves,26,3,9.0,87.624214,4.4730573,262.87265,5.5716696,51,1,0,2,0,3,0,0,0,0,110.7,166395,54068,3.0775135,1.1241219,156926,11.96353,0,0,1,0,0,0,0,0,0,0,0,0,0,1,0,0,0,0,0,0,0,0,0,0,0,0,0,0,0,0,0,0,0,0,0,0,0,0,0
Timberwolves 2004-05,Timberwolves,26,4,16.0,88.83026,4.486727,266.49078,5.5853395,58,1,0,1,0,3,0,0,0,0,113.7,173438,55855,3.1051474,1.1330612,167622,12.029467,0,0,0,1,0,0,0,0,0,0,0,0,0,1,0,0,0,0,0,0,0,0,0,0,0,0,0,0,0,0,0,0,0,0,0,0,0,0,0
Timberwolves 2005-06,Timberwolves,26,5,25.0,87.214226,4.4683676,260.79593,5.5637383,44,0,0,1,0,3,0,0,0,0,118.1,176706,56429,3.131475,1.1415042,176706,12.082243,0,0,0,0,1,0,0,0,0,0,0,0,0,1,0,0,0,0,0,0,0,0,0,0,0,0,0,0,0,0,0,0,0,0,0,0,0,0,0
Timberwolves 2006-07,Timberwolves,26,6,36.0,85.51976,4.4487476,255.72899,5.5441184,33,0,0,1,0,3,0,0,0,0,120.44,176857,55864,3.1658492,1.1524214,182400,12.113957,0,0,0,0,0,1,0,0,0,0,0,0,0,1,0,0,0,0,0,0,0,0,0,0,0,0,0,0,0,0,0,0,0,0,0,0,0,0,0
Timberwolves 2007-08,Timberwolves,26,7,49.0,78.78979,4.3667836,237.15727,5.4687233,32,0,0,0,0,3,0,0,0,0,126.92,178751,55853,3.2003832,1.1632706,189584,12.152588,0,0,0,0,0,0,1,0,0,0,0,0,0,1,0,0,0,0,0,0,0,0,0,0,0,0,0,0,0,0,0,0,0,0,0,0,0,0,0
Timberwolves 2008-09,Timberwolves,26,8,64.0,77.238716,4.346901,215.62474,5.3735394,22,0,0,0,0,3,0,0,0,0,124.29,179673,55592,3.231994,1.1730993,193814,12.174654,0,0,0,0,0,0,0,1,0,0,0,0,0,1,0,0,0,0,0,0,0,0,0,0,0,0,0,0,0,0,0,0,0,0,0,0,0,0,0
Timberwolves 2009-10,Timberwolves,26,9,81.0,75.67309,4.3264227,210.29153,5.348495,24,0,0,0,0,3,0,0,0,0,125.54,174789,53591,3.2615364,1.1821984,191191,12.161028,0,0,0,0,0,0,0,0,1,0,0,0,0,1,0,0,0,0,0,0,0,0,0,0,0,0,0,0,0,0,0,0,0,0,0,0,0,0,0
Timberwolves 2010-11,Timberwolves,26,10,100.0,74.62687,4.3125005,209.26297,5.3435917,15,0,0,1,0,3,0,0,0,0,129.98,180655,54974,3.2861898,1.1897287,199596,12.204051,0,0,0,0,0,0,0,0,0,1,0,0,0,1,0,0,0,0,0,0,0,0,0,0,0,0,0,0,0,0,0,0,0,0,0,0,0,0,0
Hawks 2001-02,Hawks,27,1,1.0,74.73983,4.314013,194.8912,5.2724414,25,0,0,1,0,3,0,0,1,0,105.7,222269,50671,4.386513,1.4785347,204395,12.22781,1,0,0,0,0,0,0,0,0,0,0,0,1,0,0,0,0,0,0,0,0,0,0,0,0,0,0,0,0,0,0,0,0,0,0,0,0,0,0
Hawks 2002-03,Hawks,27,2,4.0,72.4234,4.2825294,187.55804,5.2340884,33,0,0,0,0,3,0,0,0,1,107.7,226189,50567,4.4730554,1.4980717,211615,12.262524,0,1,0,0,0,0,0,0,0,0,0,0,1,0,0,0,0,0,0,0,0,0,0,0,0,0,0,0,0,0,0,0,0,0,0,0,0,0,0
Hawks 2003-04,Hawks,27,3,9.0,74.97742,4.317187,209.57544,5.3450837,35,0,0,0,0,3,0,0,0,0,110.7,229823,50442,4.5561833,1.5164853,218381,12.293997,0,0,1,0,0,0,0,0,0,0,0,0,1,0,0,0,0,0,0,0,0,0,0,0,0,0,0,0,0,0,0,0,0,0,0,0,0,0,0
Hawks 2004-05,Hawks,27,4,16.0,76.51715,4.337515,230.43097,5.4399514,28,0,0,0,0,3,0,0,0,0,113.7,236050,50840,4.6429977,1.5353602,229636,12.344251,0,0,0,1,0,0,0,0,0,0,0,0,1,0,0,0,0,0,0,0,0,0,0,0,0,0,0,0,0,0,0,0,0,0,0,0,0,0,0
Hawks 2005-06,Hawks,27,5,25.0,77.900085,4.3554273,232.85352,5.4504094,13,0,0,0,0,3,0,0,0,0,118.1,243691,51261,4.753926,1.5589708,243691,12.403656,0,0,0,0,1,0,0,0,0,0,0,0,1,0,0,0,0,0,0,0,0,0,0,0,0,0,0,0,0,0,0,0,0,0,0,0,0,0,0
Hawks 2006-07,Hawks,27,6,36.0,78.87745,4.3678956,237.46263,5.4700103,26,0,0,1,0,3,0,0,0,0,120.44,250230,50916,4.914565,1.5922033,257748,12.459738,0,0,0,0,0,1,0,0,0,0,0,0,1,0,0,0,0,0,0,0,0,0,0,0,0,0,0,0,0,0,0,0,0,0,0,0,0,0,0
Hawks 2007-08,Hawks,27,7,49.0,80.365585,4.386586,241.09676,5.4851985,30,0,0,1,0,3,0,0,0,0,126.92,258031,51108,5.04874,1.6191387,272079,12.513847,0,0,0,0,0,0,1,0,0,0,0,0,1,0,0,0,0,0,0,0,0,0,0,0,0,0,0,0,0,0,0,0,0,0,0,0,0,0,0
Hawks 2008-09,Hawks,27,8,64.0,82.06613,4.4075255,246.19841,5.506138,37,1,0,1,0,3,0,0,0,0,124.29,255769,49643,5.1521664,1.6394173,274878,12.524082,0,0,0,0,0,0,0,1,0,0,0,0,1,0,0,0,0,0,0,0,0,0,0,0,0,0,0,0,0,0,0,0,0,0,0,0,0,0,0
Hawks 2009-10,Hawks,27,9,81.0,83.63868,4.426506,234.98486,5.4595213,47,1,0,2,0,3,0,0,0,0,125.54,243238,46571,5.22295,1.6530623,266479,12.493051,0,0,0,0,0,0,0,0,1,0,0,0,1,0,0,0,0,0,0,0,0,0,0,0,0,0,0,0,0,0,0,0,0,0,0,0,0,0,0
Hawks 2010-11,Hawks,27,10,100.0,83.859055,4.429137,207.72427,5.3362117,53,1,0,1,0,3,0,0,0,0,129.98,247036,46723,5.287246,1.6652975,272362,12.514888,0,0,0,0,0,0,0,0,0,1,0,0,1,0,0,0,0,0,0,0,0,0,0,0,0,0,0,0,0,0,0,0,0,0,0,0,0,0,0
Grizzlies 2001-02,Grizzlies,28,1,1.0,62.440872,4.13422,187.32262,5.2328324,23,0,0,0,1,0,0,0,0,0,105.7,52842,43434,1.2166045,0.19606376,48063,10.780268,1,0,0,0,0,0,0,0,0,0,0,1,0,0,0,0,0,0,0,0,0,0,0,0,0,0,0,0,0,0,0,0,0,0,0,0,0,0,0
Grizzlies 2002-03,Grizzlies,28,2,4.0,58.495823,4.0689554,210.77066,5.3507705,23,0,0,0,1,0,0,0,0,0,107.7,54978,44802,1.2271327,0.2046803,51030,10.840169,0,1,0,0,0,0,0,0,0,0,0,1,0,0,0,0,0,0,0,0,0,0,0,0,0,0,0,0,0,0,0,0,0,0,0,0,0,0,0
Grizzlies 2003-04,Grizzlies,28,3,9.0,67.75068,4.2158346,214.99548,5.370617,28,0,0,0,1,0,0,0,0,0,110.7,55783,45010,1.2393469,0.21458451,52697,10.8723135,0,0,1,0,0,0,0,0,0,0,0,1,0,0,0,0,0,0,0,0,0,0,0,0,0,0,0,0,0,0,0,0,0,0,0,0,0,0,0
Grizzlies 2004-05,Grizzlies,28,4,16.0,86.191734,4.4565744,258.5752,5.5551867,50,1,0,0,1,0,1,0,0,0,113.7,57264,45782,1.2507973,0.22378117,55545,10.924949,0,0,0,1,0,0,0,0,0,0,0,1,0,0,0,0,0,0,0,0,0,0,0,0,0,0,0,0,0,0,0,0,0,0,0,0,0,0,0
Grizzlies 2005-06,Grizzlies,28,5,25.0,85.520744,4.448759,265.02963,5.5798416,45,1,0,1,1,0,0,1,0,0,118.1,58119,45993,1.2636489,0.23400347,58119,10.970248,0,0,0,0,1,0,0,0,0,0,0,1,0,0,0,0,0,0,0,0,0,0,0,0,0,0,0,0,0,0,0,0,0,0,0,0,0,0,0
Grizzlies 2006-07,Grizzlies,28,6,36.0,81.36832,4.398986,252.40784,5.5310464,49,1,0,0,1,0,0,0,1,0,120.44,59245,46163,1.2833872,0.24950282,61085,11.020021,0,0,0,0,0,1,0,0,0,0,0,1,0,0,0,0,0,0,0,0,0,0,0,0,0,0,0,0,0,0,0,0,0,0,0,0,0,0,0
Grizzlies 2007-08,Grizzlies,28,7,49.0,74.8503,4.3154902,231.64198,5.445193,22,0,0,0,1,0,0,0,0,1,126.92,59790,46217,1.2936798,0.25749075,63443,11.057898,0,0,0,0,0,0,1,0,0,0,0,1,0,0,0,0,0,0,0,0,0,0,0,0,0,0,0,0,0,0,0,0,0,0,0,0,0,0,0
Grizzlies 2008-09,Grizzlies,28,8,64.0,70.802155,4.2598896,206.77448,5.331629,22,0,0,0,1,0,0,0,0,0,124.29,59279,45527,1.3020625,0.26394954,64343,11.071983,0,0,0,0,0,0,0,1,0,0,0,1,0,0,0,0,0,0,0,0,0,0,0,0,0,0,0,0,0,0,0,0,0,0,0,0,0,0,0
Grizzlies 2009-10,Grizzlies,28,9,81.0,73.28342,4.2943344,211.88466,5.356042,24,0,0,0,1,0,0,0,0,0,125.54,56937,43495,1.309047,0.2692994,63266,11.055103,0,0,0,0,0,0,0,0,1,0,0,1,0,0,0,0,0,0,0,0,0,0,0,0,0,0,0,0,0,0,0,0,0,0,0,0,0,0,0
Grizzlies 2010-11,Grizzlies,28,10,100.0,76.165565,4.3329096,206.95493,5.332501,40,0,0,0,1,0,0,0,0,0,129.98,58010,44011,1.3180796,0.27617583,65025,11.082527,0,0,0,0,0,0,0,0,0,1,0,1,0,0,0,0,0,0,0,0,0,0,0,0,0,0,0,0,0,0,0,0,0,0,0,0,0,0,0
Bucks 2001-02,Bucks,29,1,1.0,63.386948,4.149258,158.9404,5.068529,52,1,0,1,0,1,0,0,0,0,105.7,69298,45976,1.5072646,0.4102965,63523,11.059157,1,0,0,0,0,0,0,0,0,0,1,0,0,0,0,0,0,0,0,0,0,0,0,0,0,0,0,0,0,0,0,0,0,0,0,0,0,0,0
Bucks 2002-03,Bucks,29,2,4.0,64.99536,4.174316,161.55989,5.084876,41,0,0,0,0,1,0,0,0,0,107.7,69668,46009,1.5142255,0.4149041,65031,11.08262,0,1,0,0,0,0,0,0,0,0,1,0,0,0,0,0,0,0,0,0,0,0,0,0,0,0,0,0,0,0,0,0,0,0,0,0,0,0,0
Bucks 2003-04,Bucks,29,3,9.0,69.557365,4.2421517,179.76514,5.1916513,42,1,0,1,0,1,0,0,0,0,110.7,71189,46843,1.5197362,0.41853675,67513,11.120075,0,0,1,0,0,0,0,0,0,0,1,0,0,0,0,0,0,0,0,0,0,0,0,0,0,0,0,0,0,0,0,0,0,0,0,0,0,0,0
Bucks 2004-05,Bucks,29,4,16.0,68.601585,4.228316,203.16623,5.3140244,41,1,0,0,0,1,0,0,0,0,113.7,72687,47748,1.5223047,0.4202254,70583,11.164545,0,0,0,1,0,0,0,0,0,0,1,0,0,0,0,0,0,0,0,0,0,0,0,0,0,0,0,0,0,0,0,0,0,0,0,0,0,0,0
Bucks 2005-06,Bucks,29,5,25.0,73.66638,4.2995467,220.15242,5.39432,30,0,0,0,0,1,0,0,0,0,118.1,74346,48835,1.5223917,0.42028257,74346,11.216485,0,0,0,0,1,0,0,0,0,0,1,0,0,0,0,0,0,0,0,0,0,0,0,0,0,0,0,0,0,0,0,0,0,0,0,0,0,0,0
Bucks 2006-07,Bucks,29,6,36.0,73.06542,4.291355,219.19627,5.3899674,40,1,0,0,0,1,0,0,0,0,120.44,76806,50401,1.5238984,0.42127177,78902,11.275962,0,0,0,0,0,1,0,0,0,0,1,0,0,0,0,0,0,0,0,0,0,0,0,0,0,0,0,0,0,0,0,0,0,0,0,0,0,0,0
Bucks 2007-08,Bucks,29,7,49.0,74.0624,4.304908,219.03561,5.3892345,28,0,0,0,0,1,0,0,0,0,126.92,77365,50549,1.5304952,0.42559132,81390,11.307008,0,0,0,0,0,0,1,0,0,0,1,0,0,0,0,0,0,0,0,0,0,0,0,0,0,0,0,0,0,0,0,0,0,0,0,0,0,0,0
Bucks 2008-09,Bucks,29,8,64.0,73.215866,4.293412,204.36076,5.3198867,26,0,0,0,0,1,0,0,0,0,124.29,77461,50357,1.538237,0.43063694,82909,11.325499,0,0,0,0,0,0,0,1,0,0,1,0,0,0,0,0,0,0,0,0,0,0,0,0,0,0,0,0,0,0,0,0,0,0,0,0,0,0,0
Bucks 2009-10,Bucks,29,9,81.0,73.28342,4.2943344,205.51219,5.3255053,34,0,0,0,0,1,0,0,0,0,125.54,75222,48542,1.5496272,0.4380144,82728,11.323314,0,0,0,0,0,0,0,0,1,0,1,0,0,0,0,0,0,0,0,0,0,0,0,0,0,0,0,0,0,0,0,0,0,0,0,0,0,0,0
Bucks 2010-11,Bucks,29,10,100.0,70.78012,4.259578,206.18558,5.328777,46,1,0,0,0,1,0,0,0,0,129.98,76264,48974,1.5572344,0.44291145,84574,11.345382,0,0,0,0,0,0,0,0,0,1,1,0,0,0,0,0,0,0,0,0,0,0,0,0,0,0,0,0,0,0,0,0,0,0,0,0,0,0,0
