sch_code,api99,edparent,meals,englearn,yearround,credteach,emerteach,avg_ed_raw,pct_af_am,pct_am_ind,pct_asian,pct_fil,pct_hisp,pct_pac,pct_white,mobility
130054,633,12.78,21,6,0,88,13,2.89,6,1,12,9,30,3,39,0.0
130062,646,13.42,16,17,0,86,24,3.21,5,1,27,6,17,1,43,12.0
130096,797,14.9,1,2,0,100,4,3.95,1,1,9,2,5,0,81,0.0
130229,693,13.66,0,18,0,93,7,3.33,5,1,33,7,10,1,38,7.0
130450,773,14.94,0,9,0,98,7,3.97,8,0,28,1,9,1,46,0.0
130583,788,14.54,3,2,0,100,0,3.77,3,1,9,1,7,0,79,25.0
130849,642,12.88,14,6,0,91,9,2.94,4,1,13,7,25,1,49,10.0
131177,728,14.5,0,9,0,89,15,3.75,36,0,10,1,10,0,40,9.0
132092,433,11.8,48,27,0,83,17,2.4,63,0,6,0,28,1,1,13.0
132225,723,13.82,0,3,0,88,11,3.41,4,1,17,3,11,1,62,9.0
132704,726,12.22,11,2,0,96,8,2.61,5,2,7,4,13,1,68,
132746,443,13.14,19,7,0,81,19,3.07,75,0,18,0,6,0,2,10.0
132878,589,13.04,0,21,0,94,8,3.02,24,1,18,14,13,2,24,18.0
133132,442,11.24,50,49,0,86,14,2.12,34,0,15,1,48,1,1,7.0
133397,760,14.04,5,3,0,100,0,3.52,2,1,3,3,10,1,81,
133629,586,12.86,27,13,0,84,13,2.93,23,2,6,3,32,2,32,7.0
134270,692,13.64,9,5,0,73,26,3.32,4,1,17,7,14,1,57,11.0
134452,689,13.12,16,23,0,77,23,3.06,5,0,27,9,18,0,40,12.0
134536,729,13.98,7,5,0,100,0,3.49,3,0,5,2,12,0,77,7.0
134668,665,13.36,23,16,0,94,0,3.18,13,0,23,18,25,2,20,13.0
134791,386,11.6,55,14,0,76,16,2.3,79,0,9,1,11,0,1,18.0
135244,888,15.3,1,4,0,93,20,4.15,1,0,49,2,3,0,44,4.0
135319,591,12.68,29,18,0,85,13,2.84,15,1,12,14,33,5,21,5.0
135905,516,11.02,56,46,0,88,8,2.01,29,0,54,1,11,0,4,10.0
136051,506,12.34,39,19,0,92,12,2.67,61,1,20,1,12,0,5,18.0
136515,906,16.0,0,1,0,94,4,4.5,2,0,23,0,2,0,73,4.0
137588,562,12.46,23,21,0,82,18,2.73,18,1,14,8,26,1,32,0.0
137810,546,12.32,20,10,0,87,13,2.66,27,1,9,5,33,2,24,16.0
137943,613,12.96,28,15,0,78,16,2.98,50,1,24,2,11,1,11,13.0
138339,531,12.02,44,29,0,85,10,2.51,18,1,11,9,39,7,16,8.0
138693,767,13.94,11,8,0,75,26,3.47,5,0,18,4,13,1,59,13.0
330753,750,13.5,0,0,0,95,5,3.25,1,2,1,0,5,0,91,3.0
334755,722,13.52,12,1,0,96,8,3.26,1,4,0,0,9,1,85,6.0
430827,616,12.74,42,9,0,94,0,2.87,0,0,3,0,20,0,77,50.0
431676,702,13.8,16,14,0,97,3,3.4,2,2,9,0,16,0,70,7.0
433201,763,14.08,12,0,0,100,0,3.54,0,1,2,0,6,0,89,14.0
433953,596,12.36,0,9,0,93,10,2.68,0,1,6,0,31,0,61,
434803,590,12.46,35,8,0,97,3,2.73,2,6,10,0,10,0,71,100.0
435602,571,12.66,35,12,0,89,9,2.83,5,5,18,0,7,1,66,
437350,684,13.64,20,0,0,97,1,3.32,0,2,1,0,4,0,92,8.0
437558,722,14.14,6,5,0,100,1,3.57,2,2,4,0,8,0,83,5.0
531509,656,13.28,0,1,0,89,9,3.14,2,2,1,0,6,0,90,
532507,723,13.64,5,1,0,95,5,3.32,0,2,1,0,4,1,92,
631259,585,12.8,35,24,0,100,4,2.9,0,1,0,0,38,2,58,1.0
635250,512,10.94,45,35,0,90,10,1.97,3,0,1,0,58,0,36,9.0
637504,420,10.26,80,47,0,91,14,1.63,0,1,2,0,79,0,18,4.0
730044,834,15.32,2,3,0,94,6,4.16,2,0,18,3,4,0,73,6.0
730051,803,14.52,0,2,0,93,8,3.76,3,1,13,3,8,1,71,0.0
730283,850,15.62,0,11,0,94,6,4.31,1,1,12,1,3,0,82,5.0
730291,755,12.62,0,11,0,100,0,2.81,20,0,31,7,24,2,17,26.0
730457,684,13.04,0,0,0,89,11,3.02,4,1,2,2,22,0,69,9.0
730465,673,13.9,0,2,0,84,13,3.45,15,1,5,6,16,2,54,2.0
730549,699,13.5,0,2,0,96,4,3.25,3,3,3,1,12,1,76,10.0
730861,610,12.92,28,5,0,90,8,2.96,8,2,3,2,23,1,61,31.0
731125,856,15.72,0,0,0,92,10,4.36,1,1,14,0,4,0,76,5.0
731380,706,14.12,9,3,0,89,11,3.56,2,0,6,3,9,0,79,8.0
731646,758,14.12,6,3,0,89,11,3.56,1,1,8,2,7,0,82,10.0
731836,668,13.4,15,4,0,82,15,3.2,3,1,6,4,17,1,69,9.0
732164,502,12.98,0,14,0,82,18,2.99,36,0,12,7,18,0,27,12.0
732941,608,13.72,0,11,0,87,14,3.36,39,1,23,3,11,0,23,14.0
733659,378,11.52,0,29,0,70,20,2.26,61,0,9,1,27,0,3,14.0
733725,802,14.98,0,4,0,92,11,3.99,1,1,10,1,8,0,79,0.0
733980,681,13.24,0,1,0,94,7,3.12,2,1,1,1,26,1,69,100.0
734244,867,15.9,0,0,0,89,9,4.45,1,0,15,1,2,0,80,100.0
734368,842,15.48,0,1,0,92,10,4.24,2,0,15,2,4,1,76,67.0
734566,547,12.1,44,24,0,75,21,2.55,15,0,9,6,36,1,33,17.0
735316,613,13.52,0,8,0,88,11,3.26,18,0,16,17,14,0,34,9.0
735407,524,12.58,0,6,0,71,28,2.79,25,0,6,11,33,1,25,0.0
735902,385,10.94,0,46,0,79,17,1.97,26,0,18,3,50,0,4,14.0
736504,812,15.4,0,1,0,97,3,4.2,1,1,8,1,4,0,86,
737023,573,13.18,0,7,0,97,19,3.09,20,0,9,13,15,0,42,100.0
737809,604,13.24,24,16,0,83,17,3.12,4,1,10,6,23,1,56,12.0
833004,651,12.8,21,2,0,100,2,2.9,0,12,4,0,10,0,74,15.0
930073,679,13.56,23,0,0,97,3,3.28,0,1,1,0,3,0,93,7.0
930081,760,14.68,2,0,0,97,3,3.84,2,1,3,1,3,1,90,6.0
932756,717,13.7,16,1,0,93,7,3.35,0,2,1,1,7,0,89,5.0
936302,733,14.12,7,0,0,99,3,3.56,1,3,1,1,5,0,90,5.0
937805,636,13.08,25,12,0,94,13,3.04,1,1,2,4,20,0,73,5.0
1030121,459,10.58,78,15,0,94,10,1.79,1,0,1,0,89,0,9,6.0
1030196,740,14.6,8,6,0,92,10,3.8,3,1,12,2,17,0,64,8.0
1030279,749,14.4,14,4,0,95,9,3.7,10,1,7,1,19,0,61,9.0
1030295,624,10.66,87,31,0,98,2,1.83,4,0,57,1,28,0,11,2.0
1030493,414,10.3,0,30,0,52,41,1.65,0,0,1,0,99,0,0,50.0
1030501,720,13.92,16,5,0,87,17,3.46,2,2,10,1,16,0,69,8.0
1030535,517,11.4,52,8,0,86,14,2.2,1,1,8,0,61,0,30,0.0
1030626,580,12.56,27,7,0,88,18,2.78,8,1,12,2,42,0,36,9.0
1030642,355,11.14,41,18,0,33,56,2.07,16,1,0,0,72,0,12,95.0
1031053,697,13.54,19,8,0,93,8,3.27,3,1,13,1,20,0,62,8.0
1031376,501,11.46,13,9,0,81,19,2.23,1,0,0,0,66,0,32,0.0
1031897,623,12.52,57,19,0,90,8,2.76,27,1,24,1,29,0,18,8.0
1032150,570,11.62,53,16,0,79,21,2.31,1,1,7,0,70,0,22,63.0
1032507,473,11.42,63,30,0,95,6,2.21,9,1,17,0,53,0,20,12.0
1032911,592,12.64,39,15,0,95,5,2.82,10,1,18,1,27,0,42,13.0
1033430,501,11.34,86,33,0,98,3,2.17,0,0,7,0,64,0,29,5.0
1033695,608,12.8,20,9,0,93,4,2.9,0,0,3,0,43,0,54,0.0
1033950,485,10.56,67,37,0,88,19,1.78,2,0,1,1,66,0,30,7.0
1034214,464,10.78,78,38,0,92,10,1.89,9,1,30,0,46,0,13,24.0
1034990,454,10.48,0,62,0,82,12,1.74,0,0,1,0,99,0,0,12.0
1035310,553,11.92,55,20,0,88,11,2.46,1,1,2,2,66,0,28,0.0
1035575,560,10.82,67,31,0,74,19,1.91,3,1,1,1,70,0,25,6.0
1035831,460,10.88,68,36,0,97,8,1.94,8,1,22,0,61,0,8,13.0
1036094,576,12.04,44,9,0,89,14,2.52,0,0,5,0,66,0,27,5.0
1036672,548,12.04,53,22,0,97,3,2.52,1,1,4,0,73,0,20,8.0
1036938,723,13.56,0,0,0,92,15,3.28,0,7,0,0,10,0,83,7.0
1037456,440,9.92,89,40,0,86,14,1.46,0,0,2,0,92,0,6,6.0
1038306,501,11.46,44,7,0,91,16,2.23,18,1,13,0,47,0,22,8.0
1132851,630,12.16,0,8,0,89,4,2.58,1,2,19,0,20,0,57,6.0
1135656,603,12.36,27,11,0,97,0,2.68,1,0,2,0,27,0,70,6.0
1230135,657,13.58,0,0,0,72,27,3.29,0,1,3,5,1,0,47,93.0
1230705,791,14.3,0,0,0,96,4,3.65,1,3,1,0,2,0,92,9.0
1232206,704,13.58,10,7,0,100,0,3.29,1,10,7,0,5,1,77,7.0
1232909,758,13.76,2,0,0,100,0,3.38,0,0,1,0,2,0,97,12.0
1233402,712,12.86,0,1,0,100,2,2.93,0,12,1,0,9,0,77,7.0
1234004,599,12.56,0,0,0,100,0,2.78,0,63,1,0,4,0,31,0.0
1235209,694,13.42,0,0,0,100,0,3.21,1,7,1,0,4,0,87,
1237007,665,12.9,0,0,0,100,5,2.95,0,9,0,0,4,0,85,0.0
1330133,526,12.6,36,27,0,87,10,2.8,1,0,2,0,78,0,19,10.0
1331404,527,11.8,31,30,0,76,26,2.4,2,0,0,0,78,0,19,6.0
1332204,459,11.38,75,57,0,78,25,2.19,0,0,2,0,98,0,0,19.0
1332501,509,11.46,57,21,0,74,26,2.23,6,1,1,1,74,0,18,8.0
1333004,511,12.06,52,26,0,85,15,2.53,3,0,1,0,80,0,14,14.0
1335306,525,12.02,0,40,0,63,41,2.51,0,1,1,1,67,0,30,0.0
1335900,621,12.86,25,19,0,89,17,2.93,4,0,1,0,56,0,38,15.0
1337609,485,11.68,0,27,0,100,6,2.34,2,45,0,0,37,0,17,14.0
1434901,660,12.62,17,6,0,100,0,2.81,0,8,1,0,21,0,70,4.0
1530252,409,10.14,76,37,0,91,26,1.57,0,0,0,0,93,0,6,2.0
1530344,723,14.28,4,1,0,98,5,3.64,4,1,7,1,12,0,75,5.0
1530369,646,13.66,15,4,0,99,15,3.33,2,1,1,0,20,0,77,5.0
1530385,582,12.5,31,8,0,99,16,2.75,8,1,6,1,32,0,52,4.0
1530401,620,11.7,27,0,0,58,42,2.35,1,0,1,0,12,0,82,5.0
1530708,609,13.22,30,10,0,94,8,3.11,15,1,5,1,33,0,45,3.0
1530997,597,12.72,0,0,0,73,27,2.86,0,2,0,1,7,0,89,
1531367,698,13.64,12,3,0,83,14,3.32,3,1,3,2,9,0,81,8.0
1531672,447,10.86,34,40,0,74,26,1.93,1,0,1,17,77,0,4,4.0
1531987,704,13.68,0,0,0,89,11,3.34,17,0,5,4,7,2,65,22.0
1532290,518,11.94,52,15,0,97,13,2.47,6,1,1,0,68,0,25,4.0
1532605,497,11.4,57,14,0,91,17,2.2,4,2,1,1,59,0,34,3.0
1533330,522,12.34,46,14,0,97,5,2.67,8,1,3,1,51,0,35,3.0
1533538,588,12.94,39,0,0,94,16,2.97,0,5,1,0,6,0,89,6.0
1534155,448,10.56,32,45,0,86,17,1.78,0,0,1,0,89,0,10,3.0
1534460,603,12.58,32,7,0,93,14,2.79,15,1,2,3,23,0,57,27.0
1534775,529,12.42,36,4,0,99,16,2.71,1,1,1,0,14,0,83,5.0
1534957,594,12.76,37,2,0,82,21,2.88,8,0,1,1,34,1,56,0.0
1535087,473,11.38,55,28,0,96,18,2.19,1,1,1,0,69,0,29,4.0
1535392,508,11.74,53,14,0,97,16,2.37,16,1,10,1,43,0,29,5.0
1535905,591,12.92,37,4,0,96,8,2.96,0,1,0,1,15,0,82,23.0
1536135,648,13.42,0,1,0,86,14,3.21,2,0,1,0,16,0,80,6.0
1536440,474,10.76,65,24,0,80,22,1.88,4,0,1,0,77,0,18,6.0
1536606,530,12.5,37,6,0,95,14,2.75,15,1,3,1,33,0,48,4.0
1630953,413,10.32,0,29,0,81,22,1.66,1,0,0,0,87,0,13,
1632207,487,11.38,0,11,0,90,15,2.19,4,0,1,1,79,0,16,
1634401,540,12.64,0,5,0,84,17,2.82,6,0,3,2,39,0,51,50.0
1635606,592,12.82,0,3,0,84,16,2.91,8,2,1,8,29,1,50,0.0
1732304,693,13.42,0,2,0,100,0,3.21,2,3,1,0,13,0,81,0.0
1734359,662,12.92,28,3,0,97,3,2.96,1,1,0,0,21,0,77,6.0
1735000,601,12.56,54,2,0,100,12,2.78,5,4,1,1,9,1,78,14.0
1736008,659,13.34,5,0,0,92,12,3.17,1,2,1,0,7,1,88,8.0
1737006,617,12.76,0,0,0,100,0,2.88,3,6,2,0,11,0,78,
1833805,641,13.52,0,0,0,78,13,3.26,1,5,1,1,8,0,84,12.0
1838507,636,12.96,51,0,0,92,0,2.98,0,3,1,0,6,0,89,
1930056,758,14.58,4,4,0,92,7,3.79,7,0,62,8,8,0,14,6.0
1930080,825,15.08,0,2,0,97,3,4.04,1,0,8,1,6,0,84,
1930155,528,11.8,41,24,0,84,18,2.4,0,0,19,1,75,0,5,8.0
1930163,609,12.26,58,34,0,93,7,2.63,1,0,49,2,38,0,11,9.0
1930213,545,12.44,0,4,0,74,25,2.72,22,1,1,2,30,0,43,29.0
1930288,795,14.62,5,15,0,87,13,3.81,1,0,58,0,7,1,33,10.0
1930320,520,11.38,55,24,0,89,15,2.19,1,0,19,1,68,0,10,8.0
1930361,513,11.82,24,24,0,89,10,2.41,15,1,16,5,48,1,14,18.0
1930411,596,12.22,32,33,0,79,21,2.61,1,0,1,1,46,0,51,19.0
1930528,493,11.4,32,30,0,83,10,2.2,2,0,1,2,79,1,15,12.0
1930601,486,11.0,54,11,0,80,18,2.0,1,0,6,3,83,0,6,6.0
1930650,507,10.8,84,21,0,82,12,1.9,10,0,0,2,83,2,3,7.0
1930700,452,10.92,64,26,0,80,17,1.96,2,0,4,2,88,0,4,10.0
1930775,528,12.28,50,17,0,82,16,2.64,22,0,6,5,46,1,21,17.0
1930825,469,10.14,46,42,0,82,19,1.57,0,0,0,0,97,0,2,5.0
1930866,483,10.34,83,33,1,78,17,1.67,0,0,0,0,98,0,1,4.0
1930924,464,10.4,87,45,1,85,13,1.7,2,0,6,3,88,0,1,14.0
1930981,820,15.08,10,6,0,95,8,4.04,5,0,14,1,4,0,77,15.0
1931047,552,12.1,31,21,0,82,8,2.55,10,1,4,3,55,1,27,16.0
1931062,554,10.76,62,14,0,71,29,1.88,30,0,2,2,56,0,9,
1931088,687,13.98,0,1,0,89,13,3.49,6,1,6,1,24,1,61,11.0
1931187,650,13.14,30,17,0,85,20,3.07,2,0,8,3,32,0,55,1.0
1931237,638,13.18,26,10,0,83,21,3.09,2,0,5,4,37,0,52,0.0
1931302,601,12.1,31,9,0,84,15,2.55,1,0,2,1,65,0,29,9.0
1931476,506,11.42,68,31,0,84,14,2.21,6,0,5,2,70,0,16,16.0
1931492,695,13.5,7,6,0,95,4,3.25,3,0,3,1,20,0,72,0.0
1931526,532,12.42,18,9,0,77,18,2.71,20,1,3,25,41,7,5,12.0
1931567,400,10.94,0,23,0,65,33,1.97,42,0,0,0,50,0,0,0.0
1931666,654,13.46,15,5,0,91,7,3.23,4,0,6,3,34,0,53,8.0
1931674,589,12.94,61,25,0,73,32,2.97,21,0,4,3,45,0,27,0.0
1931708,582,12.7,28,21,0,77,20,2.85,11,0,14,2,41,0,32,11.0
1931740,669,14.14,0,2,0,87,19,3.57,2,0,3,1,10,0,83,0.0
1931781,818,15.14,0,3,0,95,8,4.07,2,0,11,0,4,0,83,33.0
1931823,749,14.7,12,7,0,85,16,3.85,11,0,14,1,17,0,57,8.0
1931864,604,12.5,68,27,0,74,11,2.75,11,1,12,3,50,0,23,13.0
1931880,966,15.38,2,0,0,93,2,4.19,3,0,67,9,8,0,13,5.0
1931963,410,10.86,0,27,0,72,24,1.93,37,0,0,0,61,2,0,15.0
1932086,613,12.92,29,7,0,70,21,2.96,6,0,8,2,51,0,33,55.0
1932128,459,12.48,62,9,0,73,20,2.74,78,0,1,0,20,0,0,13.0
1932144,759,14.32,11,12,0,92,8,3.66,0,0,22,2,9,0,67,9.0
1932201,649,13.42,0,10,0,89,14,3.21,20,0,11,2,38,1,28,10.0
1932326,383,10.9,0,28,0,69,31,1.95,37,0,0,0,62,1,0,4.0
1932383,439,12.08,58,16,0,75,19,2.54,70,0,0,0,29,0,1,20.0
1932441,585,12.66,0,19,0,84,16,2.83,6,1,7,2,59,1,25,14.0
1932482,503,11.76,33,4,0,74,29,2.38,13,0,2,4,62,0,19,8.0
1932540,611,12.74,48,18,0,83,13,2.87,2,1,8,17,60,0,13,22.0
1932623,716,13.7,17,13,0,82,16,3.35,8,1,14,2,25,0,50,9.0
1932664,453,10.3,73,36,0,83,16,1.65,0,0,16,0,81,0,2,10.0
1932680,459,10.42,67,22,0,87,13,1.71,0,0,7,1,89,0,2,11.0
1932706,484,11.52,30,31,0,77,21,2.26,0,0,1,1,94,0,3,7.0
1932763,775,13.76,9,10,0,93,11,3.38,4,1,8,0,17,1,69,10.0
1932862,768,14.84,0,8,0,94,6,3.92,6,0,47,4,12,1,30,7.0
1932888,595,11.62,70,20,0,88,5,2.31,16,1,24,3,48,0,8,13.0
1932920,545,12.58,54,33,0,84,13,2.79,21,0,12,2,48,0,16,24.0
1932987,468,10.44,76,37,1,79,15,1.72,2,0,3,3,87,0,5,8.0
1933001,630,13.42,46,4,0,66,22,3.21,72,0,4,1,22,0,1,73.0
1933043,506,10.66,80,28,1,78,17,1.83,2,0,6,3,85,0,2,17.0
1933118,399,10.02,70,52,1,77,19,1.51,11,0,0,0,89,0,0,6.0
1933159,599,13.32,15,11,0,83,17,3.16,14,0,25,8,29,1,22,13.0
1933175,463,10.58,72,48,0,92,8,1.79,10,0,3,1,81,0,4,11.0
1933241,488,11.78,57,18,0,78,15,2.39,45,0,6,2,44,1,3,13.0
1933324,473,10.38,71,49,0,85,15,1.69,6,0,11,0,80,0,2,8.0
1933381,484,10.14,81,34,1,83,13,1.57,0,0,0,0,99,0,0,3.0
1933449,485,11.52,31,24,0,84,14,2.26,3,0,1,2,77,0,16,6.0
1933530,585,13.14,56,37,0,87,10,3.07,1,0,9,7,24,0,59,12.0
1933597,735,14.2,7,3,0,84,26,3.6,1,0,4,1,14,0,78,6.0
1933647,471,11.22,1,20,0,83,17,2.11,6,0,5,4,74,1,9,10.0
1933746,724,13.76,20,9,0,81,16,3.38,6,1,24,3,26,0,40,10.0
1933795,556,13.0,41,27,0,83,13,3.0,6,0,4,3,51,0,35,13.0
1933852,606,13.22,21,14,0,92,6,3.11,40,0,5,1,33,1,20,16.0
1933902,666,13.82,0,12,0,85,15,3.41,2,0,6,2,25,0,65,0.0
1933951,446,11.14,48,11,0,75,27,2.07,11,0,2,2,75,2,7,6.0
1934033,486,11.22,66,44,1,79,17,2.11,8,0,2,2,63,0,24,16.0
1934082,606,13.0,55,34,0,80,19,3.0,1,0,11,5,22,0,60,9.0
1934157,454,10.14,84,29,1,89,8,1.57,1,0,1,0,98,0,0,7.0
1934231,433,11.36,0,36,0,75,27,2.18,41,0,0,0,56,0,1,0.0
1934371,413,9.62,64,52,1,73,25,1.31,7,0,1,0,93,0,0,8.0
1934454,410,10.18,68,40,0,69,21,1.59,23,0,0,0,77,0,0,12.0
1934470,472,11.54,52,28,0,81,21,2.27,31,0,14,3,42,4,5,17.0
1934553,646,12.26,57,34,0,91,9,2.63,0,0,68,1,26,0,4,10.0
1934611,858,15.8,0,4,0,93,6,4.4,1,0,29,1,3,0,67,5.0
1934678,592,12.48,31,19,0,81,15,2.74,11,0,11,4,38,1,36,13.0
1934728,655,13.2,0,7,0,83,17,3.1,4,0,8,3,40,1,44,8.0
1934801,456,11.1,0,18,0,84,19,2.05,1,0,3,1,90,0,4,2.0
1934868,600,13.16,13,22,0,91,9,3.08,1,0,3,1,54,0,41,9.0
1934926,448,12.04,50,4,0,54,54,2.52,32,0,2,1,53,2,9,
1935048,432,11.2,48,15,0,84,20,2.1,28,1,7,1,58,1,3,10.0
1935121,468,10.1,79,40,0,80,14,1.55,2,0,19,0,79,0,0,10.0
1935154,380,10.9,62,33,0,73,20,1.95,44,0,0,0,56,0,0,18.0
1935246,590,13.44,0,14,0,87,16,3.22,2,0,30,3,47,1,17,1.0
1935352,445,10.8,68,42,1,79,14,1.9,14,0,8,2,73,0,2,14.0
1935436,451,10.8,0,10,0,88,13,1.9,15,0,0,0,83,0,0,50.0
1935519,414,10.3,75,41,1,76,21,1.65,21,0,0,0,79,0,0,13.0
1935568,535,11.86,47,32,1,78,17,2.43,3,0,10,10,63,0,14,6.0
1935618,623,13.26,25,3,0,75,30,3.13,15,0,7,4,25,1,47,10.0
1935758,586,12.32,35,27,0,90,8,2.66,10,1,11,5,44,1,29,11.0
1935808,766,14.82,0,5,0,96,6,3.91,3,0,6,0,14,0,76,40.0
1935865,498,11.2,65,37,1,76,20,2.1,7,0,5,5,74,0,9,15.0
1935923,569,12.72,25,9,0,80,16,2.86,14,0,2,2,42,0,37,10.0
1935998,471,11.34,46,30,0,87,14,2.17,1,0,2,0,90,0,6,7.0
1936046,449,11.26,0,24,0,91,9,2.13,38,0,0,0,60,1,0,11.0
1936103,495,12.8,51,19,0,75,28,2.9,50,0,1,1,40,0,8,50.0
1936160,591,12.22,46,15,0,85,12,2.61,18,1,7,8,50,2,14,7.0
1936228,556,11.92,47,18,0,93,9,2.46,8,0,7,12,65,0,7,8.0
1936277,680,13.58,17,12,0,85,18,3.29,8,0,35,2,22,1,31,8.0
1936350,553,11.86,59,28,0,84,13,2.43,5,0,6,1,68,0,19,8.0
1936418,564,12.26,41,5,0,76,17,2.63,6,1,5,3,57,0,28,60.0
1936467,483,11.6,2,17,0,84,16,2.3,7,0,6,4,66,1,16,12.0
1936624,564,12.44,0,2,0,66,27,2.72,15,1,1,2,38,0,42,0.0
1936749,465,10.84,0,28,0,79,20,1.92,13,0,2,1,78,1,4,13.0
1936822,553,13.26,48,13,0,66,35,3.13,25,0,3,3,43,0,26,0.0
1936889,480,11.4,50,16,0,85,15,2.2,1,0,2,1,88,0,8,12.0
1936947,635,12.78,44,15,0,84,13,2.89,27,0,37,7,13,2,14,18.0
1937028,483,11.28,62,38,0,86,14,2.14,20,0,6,1,66,0,7,15.0
1937051,673,13.7,0,2,0,80,18,3.35,8,1,3,2,13,1,73,25.0
1937143,673,14.14,0,6,0,99,2,3.57,6,0,9,1,26,1,56,11.0
1937226,548,11.8,58,29,0,82,10,2.4,8,0,9,2,62,1,18,12.0
1937424,461,9.92,72,41,1,73,20,1.46,0,0,0,0,99,0,0,5.0
1937481,568,11.44,55,27,0,86,19,2.22,1,0,35,2,55,0,7,12.0
1937564,694,13.34,24,15,0,89,13,3.17,6,0,37,8,32,1,16,10.0
1937622,476,10.16,89,29,1,81,11,1.58,1,0,0,0,97,0,1,11.0
1937697,542,11.24,70,46,0,91,9,2.12,1,0,54,1,41,0,3,14.0
1937739,663,13.74,0,2,0,90,15,3.37,6,1,8,3,28,1,53,12.0
1937754,868,14.84,0,6,0,84,18,3.92,1,0,70,0,3,0,26,5.0
1937838,620,12.54,35,11,0,88,7,2.77,11,1,3,2,53,1,30,8.0
1937903,536,12.0,33,14,0,89,11,2.5,2,1,3,2,77,0,15,9.0
1938000,683,13.94,20,13,0,88,14,3.47,13,0,7,0,33,0,47,13.0
1938166,484,10.54,55,9,0,79,21,1.77,1,0,8,5,81,0,4,8.0
1938307,489,10.5,71,18,1,83,13,1.75,0,0,0,0,98,0,1,10.0
1938356,752,14.68,6,11,0,87,11,3.84,1,0,29,2,10,0,57,14.0
1938372,673,13.72,18,4,0,73,23,3.36,6,0,16,1,35,0,41,53.0
1938455,790,14.82,6,5,0,88,12,3.91,4,0,37,2,17,0,37,9.0
1938554,499,10.84,66,26,0,84,15,1.92,4,0,1,1,88,0,6,12.0
1938612,640,13.12,22,13,0,81,12,3.06,14,0,8,2,29,1,46,16.0
1938679,724,13.32,21,9,0,92,8,3.16,2,0,44,2,16,0,36,7.0
1938752,668,13.78,11,11,0,89,11,3.39,4,1,21,4,20,2,49,12.0
1938885,595,12.72,21,21,0,82,12,2.86,17,0,12,2,41,0,28,16.0
1938968,625,12.44,47,27,0,83,16,2.72,5,0,18,4,53,1,20,9.0
1939040,569,11.54,37,21,0,92,8,2.27,9,1,9,1,65,1,14,9.0
1939107,528,11.76,52,20,0,80,20,2.38,5,1,6,3,53,0,32,14.0
1939149,747,14.22,0,8,0,92,9,3.61,5,0,43,9,21,0,22,7.0
1939164,608,12.68,0,21,0,89,13,2.84,3,0,7,1,62,0,25,10.0
1939305,426,11.8,69,14,1,72,23,2.4,64,0,0,0,36,0,0,12.0
1939479,572,13.58,24,4,0,84,11,3.29,70,0,2,1,15,0,12,19.0
1939537,576,12.72,32,10,0,87,14,2.86,8,0,12,5,55,0,19,11.0
1939602,745,14.52,8,13,0,89,10,3.76,3,0,36,2,11,0,46,12.0
1939701,518,11.94,34,18,0,85,15,2.47,1,1,1,1,74,0,21,9.0
1939834,664,14.24,0,10,0,87,19,3.62,3,0,45,2,36,0,14,2.0
1939859,486,10.62,66,29,0,77,18,1.81,3,0,6,1,90,0,1,10.0
1939875,582,12.32,40,22,0,88,12,2.66,20,0,20,2,33,1,24,19.0
1939925,449,11.36,0,16,0,86,12,2.18,3,0,5,4,81,0,7,2.0
1939941,563,11.66,49,21,0,85,10,2.33,8,1,4,2,69,1,15,9.0
1995398,615,13.16,0,1,0,82,17,3.08,15,1,3,3,26,0,52,0.0
1995406,529,12.32,0,6,0,68,31,2.66,16,0,1,1,39,1,41,0.0
1995448,715,12.66,78,7,0,90,3,2.83,8,0,17,8,47,0,18,0.0
1995539,909,13.82,37,0,0,91,9,3.41,20,1,31,8,28,1,13,0.0
1995588,840,15.54,0,12,0,94,6,4.27,2,0,33,2,4,0,60,0.0
1995661,470,10.48,74,26,0,86,21,1.74,0,0,7,0,91,0,1,7.0
1995737,793,15.1,8,4,0,87,13,4.05,3,1,4,0,10,0,83,0.0
1995786,620,13.16,0,1,0,52,43,3.08,2,0,1,1,13,0,83,10.0
1995802,688,14.1,0,7,0,84,20,3.55,4,0,3,3,18,0,72,11.0
1995810,621,12.44,52,31,0,74,23,2.72,2,0,43,2,39,0,14,11.0
1995844,627,13.22,0,2,0,71,29,3.11,16,1,3,3,20,1,57,50.0
1995851,468,11.96,59,21,0,60,40,2.48,42,1,4,9,35,2,7,47.0
1995901,679,13.54,19,10,0,79,21,3.27,13,0,11,6,36,1,34,10.0
1995935,429,11.32,60,36,0,77,28,2.16,27,0,4,10,51,4,4,34.0
1996131,771,14.9,34,18,0,88,12,3.95,0,0,29,5,8,0,58,100.0
2030013,695,13.72,0,0,0,96,8,3.36,1,6,1,0,8,0,84,0.0
2032357,605,12.04,0,1,0,81,28,2.52,3,3,1,0,35,0,57,20.0
2035707,532,11.8,35,26,0,92,8,2.4,4,0,1,0,64,0,31,6.0
2131340,754,14.94,3,0,0,96,4,3.97,2,1,3,0,6,0,87,7.0
2132272,748,14.3,11,1,0,100,0,3.65,5,0,6,0,10,2,76,
2132587,812,15.56,1,1,0,96,3,4.28,3,1,5,1,6,0,84,7.0
2133056,788,14.6,4,4,0,100,0,3.8,1,0,5,0,8,2,83,7.0
2133262,580,12.82,11,24,0,94,4,2.91,4,0,11,0,40,0,45,11.0
2133692,817,15.22,4,2,0,91,7,4.11,10,1,8,0,7,0,74,8.0
2134005,749,14.46,5,7,0,98,2,3.73,3,1,9,1,17,0,69,11.0
2134310,649,12.9,0,11,0,95,0,2.95,2,0,1,0,22,0,75,16.0
2235356,726,13.84,14,0,0,95,5,3.42,0,8,1,0,6,0,85,9.0
2330900,679,12.08,61,40,0,100,0,2.54,2,1,1,0,42,0,53,
2331361,634,12.78,20,12,0,92,3,2.89,0,1,1,0,19,0,78,5.0
2333185,790,14.48,8,0,0,95,5,3.74,1,0,1,1,2,0,94,10.0
2335024,625,13.18,24,8,0,100,2,3.09,1,5,1,0,18,0,75,0.0
2335487,706,13.18,18,1,0,100,3,3.09,0,5,1,0,8,0,85,10.0
2430098,558,12.14,0,23,0,90,15,2.57,7,0,23,0,35,0,35,0.0
2430114,469,10.74,58,18,0,85,15,1.87,1,0,1,0,65,0,33,94.0
2430601,569,12.16,0,13,0,87,14,2.58,4,1,10,1,37,0,47,33.0
2431203,495,10.64,0,43,0,86,17,1.82,8,0,0,0,59,1,32,
2431807,524,11.88,23,29,0,83,17,2.44,1,0,1,0,41,0,57,7.0
2432409,588,12.18,23,19,0,89,9,2.59,1,0,1,0,15,0,83,9.0
2433001,504,10.62,0,14,0,80,20,1.81,0,0,0,0,89,0,10,
2433605,534,11.54,0,14,0,92,10,2.27,1,1,12,2,70,0,15,
2434207,506,12.06,4,9,0,87,14,2.53,4,0,2,1,51,0,43,9.0
2435204,550,12.52,0,17,0,88,17,2.76,7,0,22,1,38,0,33,0.0
2535409,620,13.2,0,3,0,100,0,3.1,0,6,1,0,11,0,82,
2630010,740,13.42,0,7,0,95,5,3.21,0,0,0,0,16,0,84,50.0
2730034,602,12.36,22,11,0,89,11,2.68,2,0,2,2,40,1,53,7.0
2730109,433,9.86,73,66,0,87,13,1.43,1,0,1,2,95,0,2,59.0
2730166,491,11.52,48,42,0,83,19,2.26,2,1,2,4,75,0,15,22.0
2730414,779,14.62,0,0,0,100,0,3.81,1,1,3,0,5,1,90,6.0
2730885,480,10.38,61,37,0,86,14,1.69,1,1,0,2,92,0,5,3.0
2732170,516,10.82,0,9,0,91,12,1.91,0,1,0,1,77,0,21,6.0
2732808,639,13.82,18,7,0,93,12,3.41,12,1,7,6,17,2,55,
2733178,536,11.86,0,30,0,92,5,2.43,4,0,3,9,58,1,24,35.0
2733657,770,14.24,0,1,0,96,7,3.62,2,1,7,2,8,1,79,0.0
2734556,562,12.5,19,26,0,91,10,2.75,2,1,4,3,52,1,38,9.0
2735348,531,12.08,45,24,0,95,5,2.54,22,1,16,8,28,4,20,
2830016,660,13.66,11,6,0,91,9,3.33,2,1,2,4,14,0,76,9.0
2831758,615,12.16,0,21,0,94,6,2.58,0,1,0,0,42,1,56,
2835601,596,12.38,32,21,0,97,4,2.69,1,1,1,0,34,0,63,10.0
2837102,708,13.28,0,10,0,100,0,3.14,1,0,1,0,32,0,67,7.0
2930048,757,14.02,5,0,0,98,2,3.51,0,1,1,0,2,0,95,6.0
2935500,754,14.04,9,0,0,98,2,3.52,0,2,1,0,3,0,93,3.0
3030038,683,12.86,0,6,0,99,3,2.93,4,1,17,4,15,0,58,7.0
3030046,758,13.94,0,4,0,92,8,3.47,3,0,22,3,11,0,62,50.0
3030053,770,13.0,4,3,0,100,3,3.0,1,0,12,2,8,0,77,40.0
3030061,760,14.5,10,7,0,98,3,3.75,2,0,8,1,14,0,75,50.0
3030145,647,13.16,25,25,0,100,2,3.08,3,3,21,2,29,1,41,13.0
3030152,794,14.64,5,7,0,99,4,3.82,2,0,26,2,7,0,63,0.0
3030228,486,10.74,0,47,0,99,6,1.87,2,0,2,1,88,0,7,8.0
3030244,777,14.68,9,8,0,99,2,3.84,2,0,14,2,14,0,68,29.0
3030285,770,14.88,6,13,0,95,5,3.94,2,0,21,1,7,0,69,0.0
3030392,744,14.24,6,4,0,99,3,3.62,3,0,9,3,14,0,71,0.0
3030434,585,11.78,68,47,0,92,9,2.39,1,1,57,1,28,1,12,15.0
3030491,487,10.28,69,56,0,89,10,1.64,1,0,9,0,87,0,3,10.0
3030616,874,13.96,0,1,0,100,0,3.48,4,1,28,5,16,0,46,15.0
3030640,742,14.4,11,10,0,90,9,3.7,2,1,11,1,17,1,67,6.0
3030855,504,11.98,9,16,0,96,7,2.49,8,1,10,4,51,1,26,15.0
3031697,820,15.44,1,3,0,96,6,4.22,0,0,7,0,2,0,90,15.0
3031853,653,12.9,37,26,0,89,11,2.95,2,1,14,2,33,2,46,15.0
3031895,729,14.34,1,5,0,98,4,3.67,1,8,12,1,9,1,68,6.0
3031929,759,13.58,6,3,0,100,2,3.29,1,0,7,0,11,0,80,0.0
3031952,714,13.7,0,17,0,95,10,3.35,2,0,10,1,31,0,56,0.0
3032000,545,11.7,40,42,0,96,7,2.35,1,0,4,1,61,1,32,12.0
3032109,706,14.26,18,16,0,96,6,3.63,2,1,9,1,27,0,60,11.0
3032158,739,14.12,5,9,0,98,3,3.56,1,3,31,1,11,1,51,6.0
3032505,574,12.56,4,21,0,93,14,2.78,3,0,5,1,49,0,41,14.0
3032752,660,12.76,42,28,0,93,7,2.88,1,0,31,2,32,1,33,7.0
3032943,703,14.0,8,6,0,99,1,3.5,1,7,8,1,14,1,68,9.0
3033057,578,11.8,0,30,0,99,1,2.4,2,1,8,2,60,0,29,7.0
3033115,695,13.58,0,10,0,97,8,3.29,5,1,29,8,18,1,39,0.0
3033206,822,14.7,6,2,0,97,6,3.85,1,0,2,1,7,1,88,0.0
3033362,644,12.78,1,14,0,94,7,2.89,2,1,1,1,51,0,45,9.0
3033578,648,12.24,59,36,0,95,5,2.62,1,0,60,0,19,2,18,10.0
3033784,557,12.2,0,28,0,99,3,2.6,3,0,14,3,48,0,32,8.0
3033917,746,14.04,7,3,0,98,2,3.52,3,0,11,1,10,1,73,20.0
3033933,567,11.32,70,45,0,94,9,2.16,1,0,32,1,55,2,9,9.0
3034204,519,12.28,0,30,0,97,3,2.64,4,1,16,2,49,2,26,9.0
3034410,733,14.04,9,6,0,98,7,3.52,1,6,17,1,11,1,61,9.0
3034956,763,14.54,6,4,0,100,3,3.77,2,0,7,1,13,0,77,44.0
3035045,733,14.12,16,11,0,92,8,3.56,1,0,2,0,20,0,77,100.0
3035102,836,14.78,5,13,0,92,8,3.89,2,0,41,1,5,0,50,75.0
3035409,569,12.74,0,33,0,91,10,2.87,3,0,10,2,54,0,31,
3035581,701,13.62,12,7,0,97,6,3.31,1,1,16,2,13,0,67,7.0
3035706,560,12.02,55,37,0,92,8,2.51,2,0,28,2,38,1,28,12.0
3035821,533,10.76,59,47,0,93,7,1.88,1,0,8,0,86,0,5,100.0
3036357,453,10.14,76,64,0,86,14,1.57,1,0,1,0,96,0,2,0.0
3036456,464,10.22,61,60,0,97,4,1.61,2,0,7,0,88,0,2,0.0
3036555,524,10.7,70,53,0,95,8,1.85,0,0,23,1,67,1,7,9.0
3036712,573,12.4,0,21,0,93,7,2.7,5,0,12,4,44,1,34,11.0
3037090,642,13.18,2,16,0,89,13,3.09,2,0,6,1,40,0,51,19.0
3037348,764,14.56,1,9,0,95,6,3.78,1,0,53,2,11,0,32,13.0
3037496,825,15.04,1,9,0,87,14,4.02,2,0,31,2,13,0,51,3.0
3037553,626,12.84,26,18,0,94,10,2.92,8,1,13,4,42,1,32,14.0
3038023,589,12.64,40,31,0,100,4,2.82,2,0,10,1,52,0,35,100.0
3038098,780,14.12,0,7,0,95,5,3.56,2,0,13,1,14,0,70,50.0
3038239,562,12.52,0,20,0,100,5,2.76,6,1,13,5,39,2,35,10.0
3038445,544,11.98,51,46,0,99,1,2.49,1,3,44,1,32,1,18,11.0
3130010,717,13.66,9,10,0,96,4,3.33,0,0,1,0,17,0,82,6.0
3130150,764,14.46,0,1,0,92,9,3.73,1,1,4,1,7,0,86,8.0
3130176,692,13.94,0,0,0,97,3,3.47,7,1,5,4,10,1,72,
3130184,780,14.4,0,0,0,96,4,3.7,1,1,4,1,4,0,89,0.0
3131851,690,13.98,0,1,0,100,4,3.49,0,2,1,0,5,0,92,20.0
3132453,758,14.32,0,0,0,93,14,3.66,0,1,3,0,5,0,90,4.0
3134657,609,12.98,15,9,0,100,0,2.99,0,0,1,0,23,0,75,7.0
3135308,677,13.98,0,0,0,100,0,3.49,2,2,3,1,7,0,86,0.0
3135704,664,14.02,0,0,0,94,4,3.51,0,2,2,0,4,0,91,0.0
3136504,686,13.54,0,6,0,98,4,3.27,2,2,3,1,16,0,75,
3138500,720,13.82,9,5,0,97,5,3.41,0,2,1,0,11,0,86,8.0
3232006,696,13.48,0,0,0,90,10,3.24,1,2,1,0,4,1,92,0.0
3233509,715,12.64,0,2,0,88,0,2.82,0,12,1,0,9,0,78,
3235603,687,13.44,0,1,0,94,0,3.22,1,2,1,0,12,0,83,0.0
3236007,693,13.68,0,1,0,97,3,3.34,2,3,1,1,4,0,89,2.0
3330008,591,12.76,13,15,0,85,16,2.88,7,0,5,3,38,1,45,11.0
3330024,595,13.14,21,3,0,95,11,3.07,7,1,5,1,28,0,58,13.0
3330214,500,11.88,59,26,0,88,18,2.44,13,5,16,0,35,0,30,6.0
3330370,710,13.54,0,3,1,96,5,3.27,4,1,2,3,17,1,71,14.0
3330388,672,13.8,0,7,0,91,4,3.4,1,1,3,0,21,0,73,11.0
3330396,619,13.46,23,11,0,82,12,3.23,23,0,4,3,25,0,44,10.0
3330412,546,12.1,26,12,0,87,17,2.55,2,0,2,0,46,0,49,10.0
3330438,579,13.26,29,9,0,69,21,3.13,20,0,3,2,29,1,44,8.0
3330446,564,12.38,35,15,0,86,42,2.69,9,0,5,2,49,1,35,13.0
3330453,577,12.16,62,9,0,95,5,2.58,2,9,0,0,19,0,69,11.0
3330479,612,12.66,0,2,0,92,11,2.83,2,1,2,0,32,0,63,
3330487,629,13.06,26,9,0,85,25,3.03,1,4,1,1,27,2,64,15.0
3330529,703,13.58,0,3,0,95,5,3.29,4,0,2,2,16,1,75,8.0
3330537,591,12.5,42,8,0,95,6,2.75,4,0,2,0,33,0,60,15.0
3330552,532,12.4,3,8,0,89,11,2.7,24,1,3,4,43,1,25,13.0
3330578,522,12.06,41,5,0,68,38,2.53,5,1,1,2,57,0,34,9.0
3330669,612,12.88,20,7,0,92,10,2.94,3,0,1,1,50,0,45,8.0
3330701,698,13.78,16,1,0,85,47,3.39,4,0,8,2,21,0,64,5.0
3330727,641,12.96,1,0,0,90,14,2.98,2,1,2,1,23,1,68,11.0
3330743,698,13.7,0,5,0,98,2,3.35,4,1,3,2,16,1,74,15.0
3330990,401,10.26,0,51,0,81,19,1.63,0,1,0,0,97,0,1,6.0
3331600,620,12.76,27,13,0,82,51,2.88,6,0,4,2,42,0,46,12.0
3332350,623,12.64,1,9,0,96,9,2.82,3,0,1,1,29,1,65,3.0
3332673,681,13.46,13,2,0,93,6,3.23,1,0,3,0,20,1,75,9.0
3333192,478,11.14,53,29,0,80,15,2.07,2,0,1,0,86,0,9,4.0
3333770,516,12.12,52,26,0,82,13,2.56,23,0,5,2,42,1,27,18.0
3334232,628,12.86,21,5,0,87,40,2.93,3,0,1,1,25,0,69,11.0
3334299,515,11.84,21,26,0,89,11,2.42,5,0,5,1,53,1,34,11.0
3334406,620,13.04,36,10,0,87,24,3.02,14,0,5,1,40,0,38,10.0
3335130,542,12.62,35,13,0,81,17,2.81,7,1,2,3,40,0,46,11.0
3335759,544,12.28,0,4,0,74,24,2.64,10,1,1,0,52,0,36,12.0
3335973,545,11.44,0,8,0,75,23,2.22,14,1,1,1,60,1,23,100.0
3336237,644,13.94,21,12,0,93,11,3.47,8,0,5,1,30,0,55,13.0
3336492,577,12.28,38,7,0,90,18,2.64,11,0,4,0,39,1,45,11.0
3337136,527,12.06,37,19,0,88,11,2.53,8,0,2,1,53,0,34,15.0
3337656,566,11.86,47,2,0,79,27,2.43,3,3,1,0,50,0,43,12.0
3430048,598,12.82,23,3,0,96,4,2.91,5,3,2,1,9,0,81,13.0
3430170,527,12.7,45,30,0,98,4,2.85,32,1,25,7,16,5,14,9.0
3430378,686,13.28,0,7,0,97,4,3.14,13,1,7,2,9,1,68,13.0
3430477,564,12.48,49,27,0,100,3,2.74,19,1,32,6,16,3,24,12.0
3430493,773,14.34,7,1,0,97,1,3.67,2,1,6,1,5,0,86,8.0
3430584,582,12.9,18,3,0,89,11,2.95,25,0,10,3,29,2,25,18.0
3430592,694,14.1,14,8,0,93,14,3.55,16,1,13,10,15,1,45,10.0
3430618,641,13.78,20,10,0,98,3,3.39,13,2,10,6,14,1,54,13.0
3431012,463,11.32,0,35,0,97,14,2.16,26,1,37,2,20,5,10,33.0
3431111,678,13.8,9,1,0,90,9,3.4,2,1,3,0,6,0,88,8.0
3431533,622,13.14,17,17,0,96,4,3.07,14,0,8,2,9,1,65,15.0
3432051,715,14.08,10,2,0,99,1,3.54,2,2,4,1,5,0,86,9.0
3432317,755,14.28,9,1,0,94,6,3.64,2,1,4,1,8,1,84,5.0
3432572,665,13.88,12,5,0,95,6,3.44,4,1,3,2,12,1,77,10.0
3432838,434,12.32,69,29,0,89,11,2.66,21,3,6,1,22,1,46,27.0
3433216,759,14.56,0,0,0,100,2,3.78,2,0,5,1,6,1,85,10.0
3433265,634,13.0,28,11,0,93,7,3.0,16,2,9,1,10,1,62,11.0
3433471,603,12.52,13,2,0,91,4,2.76,1,2,2,1,30,0,64,6.0
3433794,444,11.16,95,29,0,86,20,2.08,28,1,33,1,21,3,13,18.0
3434370,506,12.54,30,16,0,89,17,2.77,18,1,8,1,14,2,56,11.0
3434768,639,13.24,0,14,0,100,3,3.12,22,1,36,2,13,2,24,0.0
3435419,643,13.4,0,18,0,98,4,3.2,13,1,23,1,27,1,34,0.0
3435930,694,14.02,27,15,0,91,7,3.51,8,1,11,1,8,1,69,17.0
3436714,801,15.14,6,2,0,93,7,4.07,2,1,13,1,5,0,79,6.0
3436979,583,12.46,14,6,0,92,9,2.73,6,3,8,2,15,1,65,9.0
3437555,580,12.36,0,22,0,97,8,2.68,20,2,20,1,24,1,33,0.0
3438504,589,13.06,40,20,0,94,6,3.03,7,1,6,1,13,1,72,18.0
3530060,597,12.88,0,10,0,88,19,2.94,0,1,3,0,43,0,53,8.0
3630035,605,12.6,27,14,0,91,8,2.8,5,0,3,2,48,0,42,10.0
3630225,661,13.56,11,4,0,94,9,3.28,8,0,3,1,26,0,63,10.0
3630233,688,13.2,18,3,0,80,16,3.1,2,1,1,0,17,0,79,9.0
3630274,631,13.1,0,0,0,100,3,3.05,14,2,3,3,14,4,60,
3630373,657,13.9,11,4,0,88,11,3.45,14,0,6,3,24,0,53,12.0
3630407,591,12.32,31,8,0,97,4,2.66,6,1,2,0,38,0,53,9.0
3630423,602,13.32,0,2,0,90,13,3.16,8,1,2,1,18,0,70,2.0
3630522,688,14.18,8,7,0,95,7,3.59,6,0,11,6,24,0,53,9.0
3630555,504,11.78,0,17,0,82,14,2.39,14,0,2,1,62,0,20,3.0
3630563,552,12.16,41,2,0,81,19,2.58,2,1,1,0,18,1,77,10.0
3630571,630,13.66,9,4,0,87,13,3.33,12,0,6,3,25,1,54,9.0
3630597,512,11.9,0,23,0,79,21,2.45,22,0,5,1,59,0,14,18.0
3630746,625,12.9,23,5,0,94,8,2.95,6,1,1,1,25,0,65,6.0
3630779,698,13.8,14,6,0,90,11,3.4,7,1,5,2,32,3,50,14.0
3630787,537,12.6,39,3,0,72,31,2.8,16,1,2,3,38,0,40,67.0
3630803,533,12.66,0,5,0,85,18,2.83,12,3,2,2,36,0,45,0.0
3631066,677,13.34,18,1,0,90,14,3.17,1,1,0,0,10,0,88,9.0
3631322,535,11.92,0,15,0,82,20,2.46,9,1,2,1,62,0,23,8.0
3632205,496,11.24,30,35,0,85,18,2.12,8,1,2,0,69,1,20,13.0
3632221,558,12.36,47,11,0,89,9,2.68,17,1,4,1,41,1,35,9.0
3632502,592,12.76,21,13,0,90,10,2.88,6,0,3,1,44,0,47,9.0
3632742,546,12.24,0,12,0,88,16,2.62,5,0,2,1,65,0,23,5.0
3633005,508,12.6,0,15,0,89,9,2.8,35,0,3,1,41,1,20,18.0
3633302,488,11.68,0,18,0,86,14,2.34,8,0,1,1,67,1,21,1.0
3633906,485,11.36,44,35,0,82,16,2.18,9,0,7,1,66,1,16,11.0
3634169,594,12.74,0,0,0,93,20,2.87,4,7,1,1,18,0,69,
3634482,541,12.08,30,23,0,92,8,2.54,11,0,5,2,58,0,24,9.0
3634680,505,11.68,66,18,0,82,15,2.34,19,1,6,0,49,1,24,9.0
3635042,705,14.0,28,11,0,94,4,3.5,8,1,14,3,24,0,51,13.0
3635265,682,13.86,12,1,0,93,13,3.43,1,0,1,0,11,0,87,8.0
3635844,517,11.66,68,18,0,83,14,2.33,21,1,4,0,56,1,18,11.0
3636081,530,12.16,50,14,0,85,13,2.58,16,2,6,1,48,0,27,12.0
3636487,547,11.74,35,2,0,100,0,2.37,3,0,0,1,23,0,72,12.0
3636743,601,13.0,31,0,0,100,3,3.0,14,1,3,5,11,3,64,10.0
3637584,663,13.66,15,7,0,86,13,3.33,9,0,10,1,26,0,54,10.0
3638012,537,12.84,36,2,0,94,7,2.92,13,1,2,2,39,1,43,65.0
3638509,659,13.36,0,3,0,95,5,3.18,1,1,1,0,18,0,79,4.0
3638616,655,12.9,33,0,0,97,3,2.95,4,1,1,0,13,0,81,12.0
3730033,854,15.44,3,3,0,99,1,4.22,0,0,11,1,8,0,80,16.0
3730058,678,13.3,0,6,0,99,3,3.15,2,1,4,1,32,1,60,12.0
3730066,710,14.32,8,4,0,99,3,3.66,2,1,3,2,13,0,78,5.0
3730074,786,14.84,8,3,0,100,1,3.92,3,0,12,15,8,0,61,5.0
3730124,452,11.24,0,36,0,91,12,2.12,3,0,0,11,81,0,4,100.0
3730173,665,13.4,40,5,0,97,3,3.2,14,1,18,7,19,2,39,12.0
3730181,719,13.64,18,10,0,98,5,3.32,6,0,21,33,8,1,31,8.0
3730314,707,14.12,22,9,0,96,1,3.56,11,1,12,13,19,1,43,14.0
3730348,476,11.92,64,31,0,91,9,2.46,36,0,13,1,40,3,8,17.0
3730371,657,13.96,27,4,0,95,6,3.48,32,1,3,7,17,0,41,15.0
3730405,636,14.18,0,6,0,95,5,3.59,5,1,7,11,43,1,32,33.0
3730694,737,13.84,18,5,0,99,2,3.42,2,1,3,1,22,0,71,8.0
3730702,697,13.68,10,0,0,94,7,3.34,2,3,2,1,11,1,81,5.0
3730728,680,13.42,20,14,0,96,2,3.21,8,1,4,2,23,1,61,10.0
3730801,506,11.6,0,26,0,89,13,2.3,5,0,1,4,80,1,9,0.0
3730819,803,14.9,5,1,0,100,2,3.95,4,1,11,8,7,1,69,8.0
3730843,649,13.9,0,9,0,99,2,3.45,6,1,5,19,44,1,24,0.0
3730884,750,14.56,16,5,0,94,1,3.78,8,0,17,13,9,1,51,9.0
3730942,644,13.66,10,4,1,85,5,3.33,15,1,2,2,28,0,51,18.0
3731007,730,14.62,8,6,0,97,4,3.81,1,0,4,1,15,0,80,21.0
3731064,576,12.52,0,18,0,92,9,2.76,7,0,2,4,69,1,17,100.0
3731114,703,13.12,0,10,0,94,6,3.06,1,13,1,0,26,0,59,32.0
3731213,595,12.64,48,17,0,93,4,2.82,5,1,5,1,43,0,45,9.0
3731478,798,15.32,5,1,0,98,2,4.16,3,0,2,2,10,1,82,0.0
3731585,537,11.1,81,50,0,100,1,2.05,22,0,35,1,30,0,11,9.0
3731692,526,12.0,54,18,0,96,5,2.5,9,2,3,2,30,1,53,9.0
3731809,650,13.1,12,2,0,97,3,3.05,1,2,1,1,10,0,85,3.0
3732062,629,12.62,0,18,0,92,7,2.81,3,1,5,3,39,0,49,14.0
3732179,651,12.86,0,16,0,97,5,2.93,2,1,1,1,34,0,60,7.0
3732336,674,13.42,12,1,0,94,8,3.21,1,2,2,1,11,1,83,4.0
3732625,689,13.84,17,5,0,99,1,3.42,4,2,3,1,17,0,73,6.0
3732732,626,13.32,25,6,0,93,8,3.16,14,1,4,1,19,0,60,7.0
3732781,691,13.74,22,12,0,99,1,3.37,11,1,6,1,27,0,54,7.0
3732849,633,12.92,0,9,0,94,7,2.96,3,1,2,3,59,1,31,0.0
3732997,444,10.94,26,46,0,98,11,1.97,21,0,20,0,54,0,4,14.0
3733326,557,12.08,64,27,0,97,4,2.54,21,1,24,5,28,1,20,15.0
3733508,812,15.0,11,7,0,91,1,4.0,2,0,9,1,22,0,67,7.0
3733581,477,12.12,60,15,0,94,2,2.56,68,0,6,1,21,1,2,31.0
3733698,601,12.8,40,13,0,97,0,2.9,10,1,11,2,33,1,41,10.0
3733953,550,11.84,0,20,0,93,9,2.42,5,1,1,5,61,0,27,33.0
3734431,599,12.2,58,21,0,96,3,2.6,13,1,14,1,43,1,28,11.0
3734548,665,13.34,28,4,0,100,3,3.17,15,1,3,5,23,1,52,7.0
3734654,604,13.2,40,12,0,97,4,3.1,24,0,4,44,17,2,8,29.0
3734761,578,12.76,39,7,0,97,10,2.88,16,3,4,8,30,1,38,14.0
3734878,659,12.58,46,8,0,86,14,2.79,1,7,0,0,29,0,63,18.0
3735206,593,11.92,46,9,0,97,1,2.46,14,1,2,4,48,3,28,30.0
3735313,641,12.46,0,9,0,95,6,2.73,3,2,3,1,36,0,55,17.0
3735750,665,13.24,28,16,0,98,1,3.12,6,1,3,2,38,0,51,8.0
3735867,743,14.62,8,3,0,100,1,3.81,2,1,5,3,8,0,81,5.0
3735974,701,13.44,0,2,0,99,2,3.22,0,1,1,0,18,0,79,21.0
3737152,538,11.78,62,38,0,96,10,2.39,13,0,3,0,60,1,22,65.0
3737418,792,14.76,7,0,0,95,3,3.88,0,0,2,0,11,0,86,17.0
3737632,633,12.48,29,19,0,98,5,2.74,2,1,3,3,42,1,50,12.0
3737905,636,13.14,12,1,0,99,3,3.07,1,1,2,1,9,0,86,3.0
3738226,461,11.36,0,25,0,98,2,2.18,4,1,1,14,74,2,5,0.0
3738234,512,11.9,0,26,0,98,4,2.45,5,0,2,15,69,1,9,75.0
3738705,600,12.84,27,19,0,95,3,2.92,5,1,3,3,37,1,50,7.0
3739018,648,13.04,28,6,0,97,3,3.02,16,0,3,8,30,4,39,20.0
3830072,474,11.98,28,33,0,89,12,2.49,23,1,25,6,31,3,12,16.0
3830205,668,12.86,38,6,0,92,4,2.93,17,0,50,6,18,0,9,6.0
3830254,574,12.32,21,16,0,79,4,2.66,21,1,27,20,28,1,3,1.0
3830353,553,12.1,37,27,0,86,0,2.55,18,2,30,6,33,0,11,11.0
3830387,766,14.16,5,5,0,80,5,3.58,12,2,28,5,15,0,38,9.0
3830403,611,12.02,19,7,0,72,10,2.51,27,1,42,9,17,1,3,5.0
3831765,550,11.14,23,32,0,83,3,2.07,13,0,61,5,13,0,7,8.0
3833241,684,13.06,16,21,0,87,2,3.03,6,0,66,5,6,0,16,5.0
3833407,925,13.92,18,1,0,88,1,3.46,4,0,61,6,11,0,17,3.0
3834082,435,11.06,36,41,0,72,15,2.03,16,1,26,9,44,1,3,8.0
3834769,497,11.8,12,18,0,90,0,2.4,18,2,22,6,40,0,13,13.0
3839081,699,12.96,22,20,0,85,2,2.98,9,0,64,2,4,0,19,4.0
3930237,614,12.78,35,27,0,91,13,2.89,10,1,34,7,14,1,33,12.0
3930302,639,13.1,13,9,0,86,13,3.05,7,1,6,4,25,0,56,20.0
3930310,609,12.82,0,5,0,95,8,2.91,5,2,3,7,31,1,51,9.0
3932001,639,13.04,12,3,0,96,5,3.02,6,2,4,4,25,0,59,9.0
3932100,495,11.36,38,14,0,88,20,2.18,15,2,21,14,42,0,6,24.0
3932308,665,12.74,0,3,0,90,8,2.87,1,1,1,1,24,0,72,7.0
3932654,443,11.02,43,23,0,91,22,2.01,13,3,15,2,54,0,13,13.0
3933801,655,13.64,23,15,0,85,14,3.32,9,1,22,4,16,1,48,17.0
3933959,565,12.46,0,17,0,90,10,2.73,0,1,1,1,34,0,63,
3934759,589,12.56,28,23,0,97,3,2.78,5,1,27,3,21,1,43,9.0
3934783,646,12.9,17,14,0,94,10,2.95,1,1,1,1,27,0,69,7.0
3935103,609,12.62,0,5,0,97,13,2.81,2,2,2,2,27,0,64,11.0
3935756,685,12.86,18,1,0,94,6,2.93,0,0,1,1,23,0,74,0.0
3937406,551,11.78,35,16,0,90,21,2.39,12,2,35,5,24,1,22,6.0
3938008,654,13.22,10,11,0,96,4,3.11,5,1,3,2,27,0,61,13.0
4030557,702,13.24,25,7,0,98,2,3.12,1,1,1,2,24,0,70,6.0
4030755,767,13.94,0,1,0,99,5,3.47,1,0,1,1,9,0,88,6.0
4032009,665,13.46,28,8,0,100,4,3.23,1,0,1,0,16,1,81,4.0
4034807,718,13.68,18,2,0,100,0,3.34,2,0,2,3,11,0,83,11.0
4035754,686,13.04,24,8,0,100,2,3.02,3,1,2,0,23,0,71,6.0
4036703,771,14.66,17,2,0,100,0,3.83,2,0,3,1,10,0,85,8.0
4037008,491,11.42,58,5,0,90,10,2.21,1,0,0,1,44,0,54,39.0
4037701,764,14.12,13,3,0,97,3,3.56,0,1,0,1,8,0,88,8.0
4130217,720,14.18,3,17,0,97,1,3.59,3,1,24,4,17,3,48,5.0
4130472,756,14.42,4,13,0,95,5,3.71,2,1,10,3,15,1,70,8.0
4130738,614,12.82,10,24,0,95,4,2.91,3,0,7,6,30,10,44,12.0
4130993,625,13.38,0,21,0,92,2,3.19,8,0,11,1,32,3,43,8.0
4132551,686,13.58,0,6,0,98,2,3.29,3,0,10,36,23,3,26,9.0
4132817,674,13.64,0,14,0,92,4,3.32,1,0,2,2,23,0,72,0.0
4133070,684,14.02,5,19,0,95,3,3.51,4,0,16,4,16,3,57,11.0
4133393,521,12.5,0,13,0,89,9,2.75,8,0,4,43,40,2,3,50.0
4133716,640,13.46,0,27,0,98,2,3.23,14,0,4,0,38,4,39,4.0
4134557,771,14.16,5,20,0,98,0,3.58,1,0,39,5,13,2,39,6.0
4136370,716,13.98,4,21,0,97,3,3.49,5,0,19,3,24,5,43,12.0
4136693,560,12.24,0,36,0,95,2,2.62,3,0,2,1,57,2,34,7.0
4137279,636,12.88,24,16,0,90,14,2.94,6,0,11,17,39,5,21,9.0
4137535,701,13.54,0,0,0,88,9,3.27,6,1,5,7,15,2,65,
4137790,621,13.26,0,14,0,93,7,3.13,5,0,21,40,22,2,10,33.0
4138053,616,13.06,0,29,0,92,5,3.03,7,0,4,1,42,4,43,8.0
4230587,623,12.68,33,25,0,92,8,2.84,1,0,1,0,49,0,48,5.0
4231726,769,13.72,10,13,0,100,0,3.36,3,1,6,2,30,0,58,0.0
4234613,669,13.08,98,10,0,93,7,3.04,1,1,2,2,30,0,64,
4235230,707,13.84,12,17,0,94,6,3.42,1,1,4,1,37,0,57,
4235727,651,13.16,17,25,0,91,11,3.08,4,1,1,1,55,0,39,
4236030,538,11.92,98,30,0,98,2,2.46,2,1,1,5,77,0,14,
4236345,719,13.5,0,10,0,98,5,3.25,1,1,1,0,22,0,74,33.0
4330015,532,11.3,0,30,0,92,8,2.15,4,0,36,8,45,1,6,17.0
4330023,713,13.7,0,3,0,86,15,3.35,5,1,15,3,23,0,54,11.0
4330031,622,12.34,0,25,0,85,18,2.67,5,0,32,17,35,0,11,32.0
4330080,599,12.38,33,19,0,73,3,2.69,10,1,20,3,39,1,27,6.0
4330122,631,13.42,19,14,0,89,11,3.21,4,1,17,9,22,0,47,8.0
4330239,720,13.72,3,0,0,93,10,3.36,2,1,9,2,12,1,73,5.0
4331799,735,14.48,0,7,0,94,8,3.74,3,1,31,2,10,0,54,
4331955,570,13.2,15,11,0,86,12,3.1,7,1,9,2,28,1,52,14.0
4332474,627,13.14,14,30,0,96,6,3.07,6,1,15,15,33,1,29,33.0
4332839,602,12.48,27,17,0,85,15,2.74,2,0,3,1,57,1,36,9.0
4332904,885,16.0,3,4,0,93,3,4.5,4,0,27,1,5,0,63,0.0
4332995,552,11.72,0,27,0,81,20,2.36,5,1,35,5,47,0,7,14.0
4333316,749,14.62,5,9,0,91,7,3.81,4,0,30,2,10,1,53,50.0
4333522,823,14.82,9,4,0,83,3,3.91,1,1,39,1,16,1,41,4.0
4333639,533,11.56,0,25,0,83,17,2.28,3,1,10,6,64,0,16,17.0
4333795,692,13.0,24,15,0,79,3,3.0,3,1,7,2,50,0,38,3.0
4333951,682,13.66,0,9,0,91,8,3.33,2,0,7,1,29,0,60,
4334116,735,14.3,8,11,0,85,8,3.65,5,0,16,3,23,0,53,0.0
4334371,801,15.18,0,0,0,96,7,4.09,1,1,8,0,4,0,86,0.0
4334421,867,15.38,2,7,0,90,9,4.19,1,0,55,1,3,0,40,
4334462,854,15.66,1,6,0,90,9,4.33,1,0,54,0,4,0,40,0.0
4334470,668,13.58,21,16,0,91,9,3.29,6,0,33,18,17,1,25,96.0
4334728,767,14.46,12,8,0,94,9,3.73,4,0,15,7,18,0,54,62.0
4334900,621,12.7,0,16,0,92,9,2.85,5,1,22,14,42,1,16,11.0
4335204,655,12.82,0,10,0,93,12,2.91,8,1,24,4,31,0,31,10.0
4335428,523,11.24,0,36,0,89,15,2.12,3,1,15,13,64,2,2,11.0
4335782,852,15.8,4,1,0,93,7,4.4,5,1,13,1,4,1,75,100.0
4335907,723,13.7,0,8,0,90,11,3.35,7,1,37,10,21,1,24,10.0
4335949,692,13.48,23,16,0,65,2,3.24,2,2,11,2,30,1,52,6.0
4336137,615,13.62,12,12,0,94,6,3.31,5,2,16,1,17,1,58,11.0
4337200,561,11.86,41,30,0,85,0,2.43,2,1,10,3,58,0,26,8.0
4337762,862,15.86,0,1,0,90,10,4.43,1,0,43,0,2,0,54,
4337903,625,12.7,0,14,0,85,18,2.85,5,1,37,15,29,1,12,
4338505,639,13.76,0,8,0,96,6,3.38,3,0,16,1,15,0,64,8.0
4338802,653,13.42,27,13,0,95,2,3.21,3,1,22,9,24,1,40,7.0
4338950,590,12.32,39,24,0,69,1,2.66,3,1,9,2,54,0,31,3.0
4430518,620,12.52,0,16,0,93,8,2.76,1,0,3,2,45,0,49,4.0
4432340,719,14.18,0,5,0,95,7,3.59,2,0,5,1,15,0,77,13.0
4436754,733,14.22,0,1,0,93,10,3.61,1,2,2,1,5,1,89,6.0
4437109,706,14.34,1,10,0,100,4,3.67,5,0,3,1,22,0,68,16.0
4437406,687,14.06,0,2,0,97,4,3.53,1,1,3,1,13,0,82,7.0
4437901,475,10.58,0,44,0,87,15,1.79,0,0,1,2,86,0,11,4.0
4530028,659,13.18,0,0,0,96,6,3.09,0,5,2,0,5,1,86,6.0
4530044,654,13.92,0,0,0,96,6,3.46,1,2,1,0,3,0,92,80.0
4530804,647,13.12,0,1,0,98,2,3.06,1,7,2,1,7,1,83,33.0
4531000,637,12.72,32,0,0,95,0,2.86,0,8,0,0,4,0,87,6.0
4531901,671,13.3,0,2,0,100,6,3.15,1,12,1,0,4,0,82,7.0
4532750,676,13.48,22,2,0,98,4,3.24,2,4,9,0,5,1,79,9.0
4533600,647,13.3,0,3,0,100,5,3.15,0,10,1,0,6,0,83,
4537304,688,13.84,17,3,0,100,0,3.42,1,3,6,0,3,0,87,11.0
4634259,683,13.14,0,0,0,92,8,3.07,1,2,0,1,6,0,89,
4733309,729,13.88,32,0,0,100,0,3.44,0,8,0,0,4,1,87,8.0
4735403,757,13.94,0,2,0,95,5,3.47,2,3,2,1,6,1,84,
4737250,620,11.62,61,20,0,78,22,2.31,0,3,0,0,42,0,55,15.0
4738753,620,13.02,0,1,0,100,0,3.01,10,3,10,0,9,0,69,
4739207,699,13.3,14,0,0,100,0,3.15,1,6,4,0,4,0,84,3.0
4830089,690,13.36,9,2,0,92,9,3.18,10,2,4,2,14,2,65,7.0
4830147,577,13.68,13,3,0,77,21,3.34,38,0,0,34,10,1,11,97.0
4830451,617,13.26,11,10,0,92,9,3.13,17,1,9,8,16,3,47,8.0
4831004,759,14.5,0,0,0,92,9,3.75,8,0,5,6,10,1,70,7.0
4832259,603,12.6,22,17,0,98,2,2.8,2,1,2,1,39,2,54,9.0
4833000,611,13.22,14,7,0,92,11,3.11,25,1,7,9,16,2,41,11.0
4833950,570,13.28,12,4,0,86,12,3.14,26,1,5,29,13,2,24,43.0
4835302,607,12.4,16,7,0,85,15,2.7,1,2,1,1,23,0,72,
4837803,650,13.6,11,5,0,91,10,3.3,5,2,3,1,17,0,71,17.0
4838504,571,13.06,15,8,0,91,9,3.03,35,1,3,22,16,3,20,48.0
4838801,707,13.8,0,0,0,90,10,3.4,19,1,5,8,11,1,56,15.0
4930012,650,13.54,0,8,0,100,3,3.27,2,0,3,1,12,1,81,0.0
4930160,579,11.96,0,22,0,92,11,2.48,5,2,8,1,35,0,48,10.0
4930244,759,14.3,0,3,0,95,13,3.65,1,0,3,0,7,1,86,11.0
4930400,733,14.3,0,3,0,91,8,3.65,1,1,2,0,7,0,88,0.0
4930855,632,12.76,11,1,0,88,8,2.88,0,2,1,0,23,0,73,6.0
4931507,710,13.62,0,5,0,95,10,3.31,1,2,2,1,11,0,82,10.0
4932109,625,12.56,0,24,0,100,0,2.78,0,3,1,0,35,0,62,0.0
4932554,702,13.04,10,11,0,100,2,3.02,1,1,1,0,29,0,68,11.0
4934154,766,14.04,0,5,0,99,4,3.52,3,1,5,1,13,1,77,6.0
4935151,709,13.58,0,6,0,97,6,3.29,1,1,1,1,12,0,84,0.0
4935292,638,12.96,0,7,0,100,2,2.98,4,2,6,1,16,1,69,9.0
4935482,690,13.36,4,5,0,98,4,3.18,4,1,5,1,14,1,74,8.0
4936803,696,13.64,0,9,0,100,2,3.32,3,2,9,0,16,0,70,0.0
4937256,672,13.18,19,17,0,96,8,3.09,1,0,2,0,21,0,76,6.0
5030010,709,13.72,4,5,0,98,5,3.36,3,1,6,1,17,1,72,7.0
5030135,652,12.54,19,13,0,100,1,2.77,5,1,9,1,30,2,52,10.0
5030879,562,12.22,39,8,0,93,8,2.61,3,2,6,1,40,0,47,8.0
5031380,639,12.8,17,9,0,98,4,2.9,5,1,12,1,24,1,55,9.0
5031521,575,12.76,12,2,0,95,10,2.88,1,0,0,0,19,0,81,8.0
5031802,618,12.3,31,15,0,98,4,2.65,3,1,5,1,39,0,51,9.0
5032651,634,12.54,33,11,0,75,19,2.77,0,0,1,0,25,0,74,6.0
5034905,621,12.04,19,18,0,100,2,2.52,6,1,20,1,38,1,34,6.0
5035654,664,13.0,1,9,0,93,5,3.0,0,0,1,0,7,0,92,6.0
5035902,542,11.64,43,21,0,83,21,2.32,1,0,2,0,57,0,39,15.0
5036256,549,11.82,0,25,0,83,23,2.41,2,1,1,0,62,0,34,10.0
5037700,598,12.48,15,10,0,99,4,2.74,2,1,6,1,32,1,58,9.0
5132758,687,13.14,0,2,0,86,7,3.07,1,0,2,0,14,2,82,
5135256,577,11.84,60,18,0,100,0,2.42,1,2,13,0,41,0,43,7.0
5137500,659,13.84,6,0,0,93,7,3.42,1,6,8,0,9,0,76,2.0
5139001,602,12.86,42,23,0,97,4,2.93,3,1,17,1,23,1,55,11.0
5231709,581,11.6,0,6,0,98,0,2.3,1,4,2,0,24,0,62,99.0
5235106,586,12.28,33,5,0,94,6,2.64,0,4,0,0,25,0,69,8.0
5237201,604,12.92,30,1,0,98,0,2.96,1,4,1,0,12,0,82,7.0
5337407,654,12.62,70,0,0,83,17,2.81,0,15,1,0,3,3,78,5.0
5337456,667,13.28,29,0,0,96,4,3.14,0,6,1,0,5,0,87,4.0
5430046,590,12.66,32,21,0,97,3,2.83,1,1,6,0,40,0,51,12.0
5430210,403,10.96,79,55,0,86,9,1.98,0,1,1,0,86,0,12,
5430301,432,11.08,0,38,0,82,18,2.04,1,0,0,0,58,0,39,100.0
5431184,498,11.32,7,11,0,87,13,2.16,0,0,1,1,80,0,18,0.0
5431598,574,12.98,27,7,0,100,0,2.99,0,0,1,0,38,0,60,9.0
5432414,493,11.04,68,41,0,88,14,2.02,0,0,2,0,81,0,16,10.0
5432786,567,12.32,15,18,0,88,12,2.66,1,1,5,4,47,0,42,4.0
5432828,656,13.22,21,9,0,99,2,3.11,2,1,2,0,31,0,64,8.0
5433230,445,10.64,62,25,0,77,20,1.82,0,0,0,6,89,0,5,11.0
5434113,520,11.46,9,13,0,89,13,2.23,1,3,4,1,60,0,32,8.0
5434527,583,12.64,36,22,0,94,6,2.82,2,1,13,0,43,0,40,10.0
5434931,466,11.26,48,9,0,89,16,2.13,0,0,2,0,64,0,34,8.0
5435409,554,12.12,0,6,0,87,13,2.56,5,1,2,0,42,0,49,7.0
5435466,579,11.84,19,2,0,86,14,2.42,6,0,3,0,52,0,38,7.0
5436282,479,11.3,72,42,0,90,10,2.15,1,0,2,0,74,0,23,6.0
5536503,675,13.54,0,0,0,96,4,3.27,0,0,1,0,4,0,95,7.0
5536750,631,13.54,0,0,0,98,2,3.27,0,4,1,0,5,0,91,4.0
5630116,797,14.94,0,5,0,99,1,3.97,1,0,8,0,11,0,79,40.0
5630132,846,15.28,0,0,0,89,11,4.14,1,0,7,0,3,0,88,0.0
5630322,706,13.76,0,3,0,95,5,3.38,2,1,6,2,16,0,72,11.0
5630793,676,13.58,13,6,0,96,4,3.29,2,1,4,0,26,0,67,9.0
5631619,724,14.08,5,2,0,97,2,3.54,1,2,5,2,17,0,74,6.0
5631742,539,11.5,0,25,0,95,6,2.25,4,1,3,13,70,1,8,9.0
5632021,493,11.62,41,15,0,87,20,2.31,0,1,1,0,76,0,21,10.0
5632849,490,11.12,12,24,0,88,14,2.06,5,2,1,4,74,1,13,0.0
5633250,707,13.58,17,11,0,92,9,3.29,2,0,5,1,26,0,66,0.0
5633748,744,14.2,0,5,0,100,0,3.6,2,0,5,1,13,0,79,21.0
5634076,724,13.8,0,3,0,89,13,3.4,0,1,2,0,18,0,79,0.0
5634548,608,12.08,0,18,0,93,9,2.54,7,2,4,4,61,1,22,10.0
5634761,561,11.94,3,22,0,95,5,2.47,3,1,3,3,65,0,24,10.0
5635008,670,13.42,0,7,0,100,0,3.21,1,2,7,2,20,0,69,8.0
5635776,524,11.44,43,20,0,79,21,2.22,0,0,0,0,80,0,19,100.0
5636188,751,12.8,0,5,0,100,0,2.9,2,1,7,2,14,0,74,7.0
5637004,767,14.4,0,4,0,98,2,3.7,1,0,7,0,12,1,79,63.0
5637822,651,13.42,23,12,0,87,15,3.21,1,1,3,0,33,0,61,7.0
5731708,570,12.34,23,15,0,94,12,2.67,0,0,2,2,49,0,46,0.0
5732201,812,15.34,0,5,0,93,14,4.17,3,1,11,1,11,0,74,7.0
5732904,547,12.08,32,8,0,83,11,2.54,1,1,1,0,41,0,56,15.0
5735154,591,12.06,53,24,0,93,7,2.53,3,3,17,1,31,1,44,9.0
5738505,562,12.08,35,7,0,82,9,2.54,1,1,2,0,41,0,55,7.0
5738802,586,12.54,19,20,0,95,9,2.77,1,1,4,1,43,0,51,12.0
5830013,517,11.34,77,37,0,96,2,2.17,2,3,29,1,19,1,46,6.0
5835202,616,12.88,39,10,0,92,10,2.94,3,7,8,0,12,0,69,8.0
5838305,683,13.26,0,2,0,100,0,3.13,6,5,7,2,12,0,68,12.0
